{
  "name" : "GeMTeX: De-Identification",
  "slug" : null,
  "description" : "This project is for annotating/confirming identifying tokens/spans in clinical texts for the GeMTeX project.",
  "mode" : "ANNOTATION",
  "version" : 1,
  "source_documents" : [ {
    "name" : "Albers.txt.json",
    "format" : "jsoncas",
    "state" : "ANNOTATION_FINISHED",
    "timestamp" : null,
    "created" : 1707903659341,
    "updated" : 1707904018511
  }, {
    "name" : "Amanda_Alzheimer.txt.json",
    "format" : "jsoncas",
    "state" : "ANNOTATION_FINISHED",
    "timestamp" : null,
    "created" : 1707903660186,
    "updated" : 1707904018511
  }, {
    "name" : "Baastrup.txt.json",
    "format" : "jsoncas",
    "state" : "ANNOTATION_FINISHED",
    "timestamp" : null,
    "created" : 1707903660092,
    "updated" : 1707904018511
  }, {
    "name" : "Beuerle.txt.json",
    "format" : "jsoncas",
    "state" : "ANNOTATION_FINISHED",
    "timestamp" : null,
    "created" : 1707903660224,
    "updated" : 1707904018511
  }, {
    "name" : "Boeck.txt.json",
    "format" : "jsoncas",
    "state" : "ANNOTATION_FINISHED",
    "timestamp" : null,
    "created" : 1707903660620,
    "updated" : 1707904018511
  }, {
    "name" : "Cajal.txt.json",
    "format" : "jsoncas",
    "state" : "ANNOTATION_FINISHED",
    "timestamp" : null,
    "created" : 1707903659949,
    "updated" : 1707904018511
  }, {
    "name" : "Clausthal.txt.json",
    "format" : "jsoncas",
    "state" : "ANNOTATION_FINISHED",
    "timestamp" : null,
    "created" : 1707903660795,
    "updated" : 1707904018511
  }, {
    "name" : "Colon_Fake_A.txt.json",
    "format" : "jsoncas",
    "state" : "ANNOTATION_FINISHED",
    "timestamp" : null,
    "created" : 1707903660686,
    "updated" : 1707904018511
  }, {
    "name" : "Colon_Fake_B.txt.json",
    "format" : "jsoncas",
    "state" : "ANNOTATION_FINISHED",
    "timestamp" : null,
    "created" : 1707903660266,
    "updated" : 1707904018511
  }, {
    "name" : "Colon_Fake_C.txt.json",
    "format" : "jsoncas",
    "state" : "ANNOTATION_FINISHED",
    "timestamp" : null,
    "created" : 1707903660755,
    "updated" : 1707904018511
  }, {
    "name" : "Colon_Fake_D.txt.json",
    "format" : "jsoncas",
    "state" : "ANNOTATION_FINISHED",
    "timestamp" : null,
    "created" : 1707903659739,
    "updated" : 1707904018511
  }, {
    "name" : "Colon_Fake_E.txt.json",
    "format" : "jsoncas",
    "state" : "ANNOTATION_FINISHED",
    "timestamp" : null,
    "created" : 1707903660587,
    "updated" : 1707904018511
  }, {
    "name" : "Colon_Fake_F.txt.json",
    "format" : "jsoncas",
    "state" : "ANNOTATION_FINISHED",
    "timestamp" : null,
    "created" : 1707903660055,
    "updated" : 1707904018511
  }, {
    "name" : "Colon_Fake_G.txt.json",
    "format" : "jsoncas",
    "state" : "ANNOTATION_FINISHED",
    "timestamp" : null,
    "created" : 1707903660636,
    "updated" : 1707904018511
  }, {
    "name" : "Colon_Fake_H.txt.json",
    "format" : "jsoncas",
    "state" : "ANNOTATION_FINISHED",
    "timestamp" : null,
    "created" : 1707903659480,
    "updated" : 1707904018511
  }, {
    "name" : "Colon_Fake_I.txt.json",
    "format" : "jsoncas",
    "state" : "ANNOTATION_FINISHED",
    "timestamp" : null,
    "created" : 1707903659852,
    "updated" : 1707904018511
  }, {
    "name" : "Colon_Fake_J.txt.json",
    "format" : "jsoncas",
    "state" : "ANNOTATION_FINISHED",
    "timestamp" : null,
    "created" : 1707903660126,
    "updated" : 1707904018511
  }, {
    "name" : "Colon_Fake_K.txt.json",
    "format" : "jsoncas",
    "state" : "ANNOTATION_FINISHED",
    "timestamp" : null,
    "created" : 1707903659651,
    "updated" : 1707904018511
  }, {
    "name" : "Dewald.txt.json",
    "format" : "jsoncas",
    "state" : "ANNOTATION_FINISHED",
    "timestamp" : null,
    "created" : 1707903660604,
    "updated" : 1707904018511
  }, {
    "name" : "Dupuytren.txt.json",
    "format" : "jsoncas",
    "state" : "ANNOTATION_FINISHED",
    "timestamp" : null,
    "created" : 1707903659776,
    "updated" : 1707904018511
  }, {
    "name" : "Ehrenberger.txt.json",
    "format" : "jsoncas",
    "state" : "ANNOTATION_FINISHED",
    "timestamp" : null,
    "created" : 1707903660013,
    "updated" : 1707904018511
  }, {
    "name" : "Fabry.txt.json",
    "format" : "jsoncas",
    "state" : "ANNOTATION_FINISHED",
    "timestamp" : null,
    "created" : 1707903659697,
    "updated" : 1707904018511
  }, {
    "name" : "Fleischmann.txt.json",
    "format" : "jsoncas",
    "state" : "ANNOTATION_FINISHED",
    "timestamp" : null,
    "created" : 1707903660284,
    "updated" : 1707904018511
  }, {
    "name" : "Fuss.txt.json",
    "format" : "jsoncas",
    "state" : "ANNOTATION_FINISHED",
    "timestamp" : null,
    "created" : 1707903659817,
    "updated" : 1707904018511
  }, {
    "name" : "Gebauer.txt.json",
    "format" : "jsoncas",
    "state" : "ANNOTATION_FINISHED",
    "timestamp" : null,
    "created" : 1707903660071,
    "updated" : 1707904018511
  }, {
    "name" : "Haefner.txt.json",
    "format" : "jsoncas",
    "state" : "ANNOTATION_FINISHED",
    "timestamp" : null,
    "created" : 1707903660385,
    "updated" : 1707904018511
  }, {
    "name" : "Ilgner.txt.json",
    "format" : "jsoncas",
    "state" : "ANNOTATION_FINISHED",
    "timestamp" : null,
    "created" : 1707903660367,
    "updated" : 1707904018511
  }, {
    "name" : "Jadassohn.txt.json",
    "format" : "jsoncas",
    "state" : "ANNOTATION_FINISHED",
    "timestamp" : null,
    "created" : 1707903660477,
    "updated" : 1707904018511
  }, {
    "name" : "Jenninger.txt.json",
    "format" : "jsoncas",
    "state" : "ANNOTATION_FINISHED",
    "timestamp" : null,
    "created" : 1707903659533,
    "updated" : 1707904018511
  }, {
    "name" : "Joubert.txt.json",
    "format" : "jsoncas",
    "state" : "ANNOTATION_FINISHED",
    "timestamp" : null,
    "created" : 1707903660531,
    "updated" : 1707904018511
  }, {
    "name" : "Kawasaki.txt.json",
    "format" : "jsoncas",
    "state" : "ANNOTATION_FINISHED",
    "timestamp" : null,
    "created" : 1707903660568,
    "updated" : 1707904018511
  }, {
    "name" : "Koenig.txt.json",
    "format" : "jsoncas",
    "state" : "ANNOTATION_FINISHED",
    "timestamp" : null,
    "created" : 1707903660246,
    "updated" : 1707904018511
  }, {
    "name" : "Leitner.txt.json",
    "format" : "jsoncas",
    "state" : "ANNOTATION_FINISHED",
    "timestamp" : null,
    "created" : 1707903659966,
    "updated" : 1707904018511
  }, {
    "name" : "Meulengracht.txt.json",
    "format" : "jsoncas",
    "state" : "ANNOTATION_FINISHED",
    "timestamp" : null,
    "created" : 1707903659875,
    "updated" : 1707904018511
  }, {
    "name" : "Meyr.txt.json",
    "format" : "jsoncas",
    "state" : "ANNOTATION_FINISHED",
    "timestamp" : null,
    "created" : 1707903659676,
    "updated" : 1707904018511
  }, {
    "name" : "Neubauer.txt.json",
    "format" : "jsoncas",
    "state" : "ANNOTATION_FINISHED",
    "timestamp" : null,
    "created" : 1707903659566,
    "updated" : 1707904018511
  }, {
    "name" : "Obradovic-1.txt.json",
    "format" : "jsoncas",
    "state" : "ANNOTATION_FINISHED",
    "timestamp" : null,
    "created" : 1707903659997,
    "updated" : 1707904018512
  }, {
    "name" : "Obradovic-2.txt.json",
    "format" : "jsoncas",
    "state" : "ANNOTATION_FINISHED",
    "timestamp" : null,
    "created" : 1707903659794,
    "updated" : 1707904018512
  }, {
    "name" : "Obradovic-3.txt.json",
    "format" : "jsoncas",
    "state" : "ANNOTATION_FINISHED",
    "timestamp" : null,
    "created" : 1707903660513,
    "updated" : 1707904018512
  }, {
    "name" : "Obradovic.txt.json",
    "format" : "jsoncas",
    "state" : "ANNOTATION_FINISHED",
    "timestamp" : null,
    "created" : 1707903660722,
    "updated" : 1707904018512
  }, {
    "name" : "Obradovic_Fehler.txt.json",
    "format" : "jsoncas",
    "state" : "ANNOTATION_FINISHED",
    "timestamp" : null,
    "created" : 1707903660154,
    "updated" : 1707904018512
  }, {
    "name" : "Osler.txt.json",
    "format" : "jsoncas",
    "state" : "ANNOTATION_FINISHED",
    "timestamp" : null,
    "created" : 1707903659717,
    "updated" : 1707904018512
  }, {
    "name" : "Popovic.txt.json",
    "format" : "jsoncas",
    "state" : "ANNOTATION_FINISHED",
    "timestamp" : null,
    "created" : 1707903659627,
    "updated" : 1707904018512
  }, {
    "name" : "Praechtel.txt.json",
    "format" : "jsoncas",
    "state" : "ANNOTATION_FINISHED",
    "timestamp" : null,
    "created" : 1707903660547,
    "updated" : 1707904018512
  }, {
    "name" : "Queisser.txt.json",
    "format" : "jsoncas",
    "state" : "ANNOTATION_FINISHED",
    "timestamp" : null,
    "created" : 1707903660305,
    "updated" : 1707904018512
  }, {
    "name" : "Quervain.txt.json",
    "format" : "jsoncas",
    "state" : "ANNOTATION_FINISHED",
    "timestamp" : null,
    "created" : 1707903659759,
    "updated" : 1707904018512
  }, {
    "name" : "Recklinghausen.txt.json",
    "format" : "jsoncas",
    "state" : "ANNOTATION_FINISHED",
    "timestamp" : null,
    "created" : 1707903660401,
    "updated" : 1707904018512
  }, {
    "name" : "Rieser.txt.json",
    "format" : "jsoncas",
    "state" : "ANNOTATION_FINISHED",
    "timestamp" : null,
    "created" : 1707903660209,
    "updated" : 1707904018512
  }, {
    "name" : "Schielaug.txt.json",
    "format" : "jsoncas",
    "state" : "ANNOTATION_FINISHED",
    "timestamp" : null,
    "created" : 1707903660034,
    "updated" : 1707904018512
  }, {
    "name" : "Schnitzler.txt.json",
    "format" : "jsoncas",
    "state" : "ANNOTATION_FINISHED",
    "timestamp" : null,
    "created" : 1707903659891,
    "updated" : 1707904018512
  }, {
    "name" : "Schuh.txt.json",
    "format" : "jsoncas",
    "state" : "ANNOTATION_FINISHED",
    "timestamp" : null,
    "created" : 1707903660668,
    "updated" : 1707904018512
  }, {
    "name" : "Stoelzl.txt.json",
    "format" : "jsoncas",
    "state" : "ANNOTATION_FINISHED",
    "timestamp" : null,
    "created" : 1707903659599,
    "updated" : 1707904018512
  }, {
    "name" : "Sudeck.txt.json",
    "format" : "jsoncas",
    "state" : "ANNOTATION_FINISHED",
    "timestamp" : null,
    "created" : 1707903659934,
    "updated" : 1707904018512
  }, {
    "name" : "Theodor.txt.json",
    "format" : "jsoncas",
    "state" : "ANNOTATION_FINISHED",
    "timestamp" : null,
    "created" : 1707903660339,
    "updated" : 1707904018512
  }, {
    "name" : "Tupolev_1.txt.json",
    "format" : "jsoncas",
    "state" : "ANNOTATION_FINISHED",
    "timestamp" : null,
    "created" : 1707903660324,
    "updated" : 1707904018512
  }, {
    "name" : "Tupolev_2.txt.json",
    "format" : "jsoncas",
    "state" : "ANNOTATION_FINISHED",
    "timestamp" : null,
    "created" : 1707903660653,
    "updated" : 1707904018512
  }, {
    "name" : "Tupolev_3.txt.json",
    "format" : "jsoncas",
    "state" : "ANNOTATION_FINISHED",
    "timestamp" : null,
    "created" : 1707903660417,
    "updated" : 1707904018512
  }, {
    "name" : "Tupolev_4.txt.json",
    "format" : "jsoncas",
    "state" : "ANNOTATION_FINISHED",
    "timestamp" : null,
    "created" : 1707903660498,
    "updated" : 1707904018512
  }, {
    "name" : "Utz.txt.json",
    "format" : "jsoncas",
    "state" : "ANNOTATION_FINISHED",
    "timestamp" : null,
    "created" : 1707903660706,
    "updated" : 1707904018512
  }, {
    "name" : "Vogler.txt.json",
    "format" : "jsoncas",
    "state" : "ANNOTATION_FINISHED",
    "timestamp" : null,
    "created" : 1707903659917,
    "updated" : 1707904018512
  }, {
    "name" : "Waldenstroem.txt.json",
    "format" : "jsoncas",
    "state" : "ANNOTATION_FINISHED",
    "timestamp" : null,
    "created" : 1707903660836,
    "updated" : 1707904018512
  }, {
    "name" : "Wankel.txt.json",
    "format" : "jsoncas",
    "state" : "ANNOTATION_FINISHED",
    "timestamp" : null,
    "created" : 1707903660107,
    "updated" : 1707904018512
  }, {
    "name" : "Weber.txt.json",
    "format" : "jsoncas",
    "state" : "ANNOTATION_FINISHED",
    "timestamp" : null,
    "created" : 1707903660812,
    "updated" : 1707904018512
  }, {
    "name" : "Weil.txt.json",
    "format" : "jsoncas",
    "state" : "ANNOTATION_FINISHED",
    "timestamp" : null,
    "created" : 1707903659981,
    "updated" : 1707904018512
  }, {
    "name" : "Xavier.txt.json",
    "format" : "jsoncas",
    "state" : "ANNOTATION_FINISHED",
    "timestamp" : null,
    "created" : 1707903660772,
    "updated" : 1707904018512
  }, {
    "name" : "Ypsilanti.txt.json",
    "format" : "jsoncas",
    "state" : "ANNOTATION_FINISHED",
    "timestamp" : null,
    "created" : 1707903660458,
    "updated" : 1707904018512
  }, {
    "name" : "Zezelj.txt.json",
    "format" : "jsoncas",
    "state" : "ANNOTATION_FINISHED",
    "timestamp" : null,
    "created" : 1707903660431,
    "updated" : 1707904018512
  } ],
  "annotation_documents" : [ ],
  "project_permissions" : [ ],
  "tag_sets" : [ {
    "name" : "phiKind",
    "description" : null,
    "language" : null,
    "tags" : [ {
      "tag_name" : "CONTACT_EMAIL",
      "tag_description" : null
    }, {
      "tag_name" : "CONTACT_FAX",
      "tag_description" : null
    }, {
      "tag_name" : "CONTACT_PHONE",
      "tag_description" : null
    }, {
      "tag_name" : "CONTACT_URL",
      "tag_description" : null
    }, {
      "tag_name" : "DATE",
      "tag_description" : null
    }, {
      "tag_name" : "ID",
      "tag_description" : null
    }, {
      "tag_name" : "LOCATION_CITY",
      "tag_description" : null
    }, {
      "tag_name" : "LOCATION_COUNTRY",
      "tag_description" : null
    }, {
      "tag_name" : "LOCATION_HOSPITAL",
      "tag_description" : null
    }, {
      "tag_name" : "LOCATION_ORGANIZATION",
      "tag_description" : null
    }, {
      "tag_name" : "LOCATION_OTHER",
      "tag_description" : null
    }, {
      "tag_name" : "LOCATION_STATE",
      "tag_description" : null
    }, {
      "tag_name" : "LOCATION_STREET",
      "tag_description" : null
    }, {
      "tag_name" : "LOCATION_ZIP",
      "tag_description" : null
    }, {
      "tag_name" : "NAME_DOCTOR",
      "tag_description" : null
    }, {
      "tag_name" : "NAME_USERNAME",
      "tag_description" : null
    }, {
      "tag_name" : "NAME_PATIENT",
      "tag_description" : null
    } ],
    "create_tag" : false
  } ],
  "layers" : [ {
    "name" : "webanno.custom.Metadata",
    "features" : [ ],
    "uiName" : "Metadata",
    "type" : "document-metadata",
    "description" : null,
    "enabled" : true,
    "built_in" : false,
    "readonly" : true,
    "attach_type" : null,
    "attach_feature" : null,
    "allow_stacking" : false,
    "cross_sentence" : false,
    "show_hover" : true,
    "anchoring_mode" : "TOKENS",
    "overlap_mode" : "NO_OVERLAP",
    "validation_mode" : "ALWAYS",
    "lock_to_token_offset" : false,
    "multiple_tokens" : true,
    "project_name" : "GeMTeX: De-Identification",
    "linked_list_behavior" : false,
    "on_click_javascript_action" : null,
    "traits" : "{\"singleton\":true}"
  }, {
    "name" : "webanno.custom.PHI",
    "features" : [ {
      "name" : "kind",
      "tag_set" : {
        "name" : "phiKind",
        "description" : null,
        "language" : null,
        "tags" : [ ],
        "create_tag" : false
      },
      "uiName" : "kind",
      "type" : "uima.cas.String",
      "enabled" : true,
      "visible" : true,
      "include_in_hover" : false,
      "required" : false,
      "remember" : false,
      "hideUnconstraintFeature" : false,
      "description" : null,
      "project_name" : "GeMTeX: De-Identification",
      "multi_value_mode" : "NONE",
      "link_mode" : "NONE",
      "link_type_name" : null,
      "link_type_role_feature_name" : null,
      "link_type_target_feature_name" : null,
      "traits" : "{\"multipleRows\":false,\"dynamicSize\":false,\"collapsedRows\":1,\"expandedRows\":1,\"editorType\":\"RADIOGROUP\",\"keyBindings\":[]}",
      "curatable" : true,
      "rank" : 0
    } ],
    "uiName" : "PHI",
    "type" : "span",
    "description" : null,
    "enabled" : true,
    "built_in" : false,
    "readonly" : false,
    "attach_type" : null,
    "attach_feature" : null,
    "allow_stacking" : false,
    "cross_sentence" : false,
    "show_hover" : true,
    "anchoring_mode" : "TOKENS",
    "overlap_mode" : "NO_OVERLAP",
    "validation_mode" : "ALWAYS",
    "lock_to_token_offset" : false,
    "multiple_tokens" : true,
    "project_name" : "GeMTeX: De-Identification",
    "linked_list_behavior" : false,
    "on_click_javascript_action" : null,
    "traits" : "{\"coloringRules\":{\"rules\":[{\"color\":\"#e69f00\",\"pattern\":\"CONTACT_.*\"},{\"color\":\"#56b4e9\",\"pattern\":\"DATE\"},{\"color\":\"#009e73\",\"pattern\":\"ID\"},{\"color\":\"#f0e442\",\"pattern\":\"LOCATION_.*\"},{\"color\":\"#cc79a7\",\"pattern\":\"NAME_.*\"}]}}"
  }, {
    "name" : "de.tudarmstadt.ukp.dkpro.core.api.segmentation.type.Sentence",
    "features" : [ ],
    "uiName" : "Sentence",
    "type" : "span",
    "description" : null,
    "enabled" : false,
    "built_in" : true,
    "readonly" : true,
    "attach_type" : null,
    "attach_feature" : null,
    "allow_stacking" : false,
    "cross_sentence" : true,
    "show_hover" : true,
    "anchoring_mode" : "TOKENS",
    "overlap_mode" : "NO_OVERLAP",
    "validation_mode" : "NEVER",
    "lock_to_token_offset" : false,
    "multiple_tokens" : true,
    "project_name" : "GeMTeX: De-Identification",
    "linked_list_behavior" : false,
    "on_click_javascript_action" : null,
    "traits" : null
  }, {
    "name" : "de.tudarmstadt.ukp.dkpro.core.api.segmentation.type.Token",
    "features" : [ ],
    "uiName" : "Token",
    "type" : "span",
    "description" : null,
    "enabled" : false,
    "built_in" : true,
    "readonly" : true,
    "attach_type" : null,
    "attach_feature" : null,
    "allow_stacking" : false,
    "cross_sentence" : false,
    "show_hover" : true,
    "anchoring_mode" : "CHARACTERS",
    "overlap_mode" : "NO_OVERLAP",
    "validation_mode" : "NEVER",
    "lock_to_token_offset" : false,
    "multiple_tokens" : false,
    "project_name" : "GeMTeX: De-Identification",
    "linked_list_behavior" : false,
    "on_click_javascript_action" : null,
    "traits" : null
  } ],
  "disableExport" : false,
  "script_direction" : "LTR",
  "created" : 1699961896638,
  "updated" : 1707904018515,
  "anonymous_curation" : false,
  "default-preferences" : [ {
    "name" : "annotation/editor",
    "traits" : "{\"defaultEditor\":\"bratEditor\",\"preferencesAccessAllowed\":true}"
  }, {
    "name" : "annotation/editor/brat/manager",
    "traits" : "{\"changingScriptDirectionAllowed\":false,\"defaultPageSize\":20}"
  }, {
    "name" : "annotation/editor/annotation-sidebar/manager",
    "traits" : "{\"pinnedGroups\":[]}"
  }, {
    "name" : "annotation/left-sidebar",
    "traits" : "{\"selectedTab\":null,\"expanded\":false}"
  }, {
    "name" : "annotation/search",
    "traits" : "{\"caseSensitive\":true}"
  } ],
  "knowledge_bases" : [ ],
  "external_search" : [ ],
  "curation_workflow" : {
    "id" : 2,
    "project" : {
      "id" : 2,
      "name" : "GeMTeX: De-Identification",
      "slug" : "gemtex-deid",
      "description" : "This project is for annotating/confirming identifying tokens/spans in clinical texts for the GeMTeX project.",
      "mode" : "annotation",
      "version" : 1,
      "disableExport" : false,
      "scriptDirection" : "LTR",
      "created" : 1699961896638,
      "updated" : 1707904018515,
      "state" : "ANNOTATION_FINISHED",
      "anonymousCuration" : false
    },
    "mergeStrategy" : "completeAgreementNonStacked",
    "mergeStrategyTraits" : null
  },
  "project_users" : [ ],
  "recommenders" : [ ],
  "learning_records" : [ ],
  "gazeteers" : [ ],
  "workload_manager" : {
    "traits" : null,
    "type" : "matrix"
  },
  "user-preferences" : [ {
    "name" : "annotation/left-sidebar",
    "traits" : "{\"selectedTab\":\"annotationBrowserSidebarFactory\",\"expanded\":false}",
    "user" : "fmatthies"
  } ]
}