{
  "name" : "GeMTeX: De-Identification (GraSCCo raw)",
  "slug" : null,
  "description" : "This project is for annotating/confirming identifying tokens/spans in clinical texts for the GeMTeX project.",
  "mode" : "ANNOTATION",
  "version" : 1,
  "source_documents" : [ {
    "name" : "Albers.txt",
    "format" : "text",
    "state" : "NEW",
    "timestamp" : null,
    "created" : 1711363005958,
    "updated" : 1711363005958
  }, {
    "name" : "Amanda_Alzheimer.txt",
    "format" : "text",
    "state" : "NEW",
    "timestamp" : null,
    "created" : 1711363006152,
    "updated" : 1711363006152
  }, {
    "name" : "Baastrup.txt",
    "format" : "text",
    "state" : "NEW",
    "timestamp" : null,
    "created" : 1711363006172,
    "updated" : 1711363006172
  }, {
    "name" : "Beuerle.txt",
    "format" : "text",
    "state" : "NEW",
    "timestamp" : null,
    "created" : 1711363006183,
    "updated" : 1711363006183
  }, {
    "name" : "Boeck.txt",
    "format" : "text",
    "state" : "NEW",
    "timestamp" : null,
    "created" : 1711363006194,
    "updated" : 1711363006194
  }, {
    "name" : "Cajal.txt",
    "format" : "text",
    "state" : "NEW",
    "timestamp" : null,
    "created" : 1711363006205,
    "updated" : 1711363006205
  }, {
    "name" : "Clausthal.txt",
    "format" : "text",
    "state" : "NEW",
    "timestamp" : null,
    "created" : 1711363006248,
    "updated" : 1711363006248
  }, {
    "name" : "Colon_Fake_A.txt",
    "format" : "text",
    "state" : "NEW",
    "timestamp" : null,
    "created" : 1711363006265,
    "updated" : 1711363006265
  }, {
    "name" : "Colon_Fake_B.txt",
    "format" : "text",
    "state" : "NEW",
    "timestamp" : null,
    "created" : 1711363006288,
    "updated" : 1711363006288
  }, {
    "name" : "Colon_Fake_C.txt",
    "format" : "text",
    "state" : "NEW",
    "timestamp" : null,
    "created" : 1711363006300,
    "updated" : 1711363006300
  }, {
    "name" : "Colon_Fake_D.txt",
    "format" : "text",
    "state" : "NEW",
    "timestamp" : null,
    "created" : 1711363006311,
    "updated" : 1711363006311
  }, {
    "name" : "Colon_Fake_E.txt",
    "format" : "text",
    "state" : "NEW",
    "timestamp" : null,
    "created" : 1711363006334,
    "updated" : 1711363006334
  }, {
    "name" : "Colon_Fake_F.txt",
    "format" : "text",
    "state" : "NEW",
    "timestamp" : null,
    "created" : 1711363006360,
    "updated" : 1711363006360
  }, {
    "name" : "Colon_Fake_G.txt",
    "format" : "text",
    "state" : "NEW",
    "timestamp" : null,
    "created" : 1711363006373,
    "updated" : 1711363006373
  }, {
    "name" : "Colon_Fake_H.txt",
    "format" : "text",
    "state" : "NEW",
    "timestamp" : null,
    "created" : 1711363006394,
    "updated" : 1711363006394
  }, {
    "name" : "Colon_Fake_I.txt",
    "format" : "text",
    "state" : "NEW",
    "timestamp" : null,
    "created" : 1711363006421,
    "updated" : 1711363006421
  }, {
    "name" : "Colon_Fake_J.txt",
    "format" : "text",
    "state" : "NEW",
    "timestamp" : null,
    "created" : 1711363006444,
    "updated" : 1711363006444
  }, {
    "name" : "Colon_Fake_K.txt",
    "format" : "text",
    "state" : "NEW",
    "timestamp" : null,
    "created" : 1711363006462,
    "updated" : 1711363006462
  }, {
    "name" : "Dewald.txt",
    "format" : "text",
    "state" : "NEW",
    "timestamp" : null,
    "created" : 1711363006478,
    "updated" : 1711363006478
  }, {
    "name" : "Dupuytren.txt",
    "format" : "text",
    "state" : "NEW",
    "timestamp" : null,
    "created" : 1711363006489,
    "updated" : 1711363006489
  }, {
    "name" : "Ehrenberger.txt",
    "format" : "text",
    "state" : "NEW",
    "timestamp" : null,
    "created" : 1711363006498,
    "updated" : 1711363006498
  }, {
    "name" : "Fabry.txt",
    "format" : "text",
    "state" : "NEW",
    "timestamp" : null,
    "created" : 1711363006508,
    "updated" : 1711363006508
  }, {
    "name" : "Fleischmann.txt",
    "format" : "text",
    "state" : "NEW",
    "timestamp" : null,
    "created" : 1711363006518,
    "updated" : 1711363006518
  }, {
    "name" : "Fuss.txt",
    "format" : "text",
    "state" : "NEW",
    "timestamp" : null,
    "created" : 1711363006529,
    "updated" : 1711363006529
  }, {
    "name" : "Gebauer.txt",
    "format" : "text",
    "state" : "NEW",
    "timestamp" : null,
    "created" : 1711363006542,
    "updated" : 1711363006542
  }, {
    "name" : "Haefner.txt",
    "format" : "text",
    "state" : "NEW",
    "timestamp" : null,
    "created" : 1711363006553,
    "updated" : 1711363006553
  }, {
    "name" : "Ilgner.txt",
    "format" : "text",
    "state" : "NEW",
    "timestamp" : null,
    "created" : 1711363006563,
    "updated" : 1711363006563
  }, {
    "name" : "Jadassohn.txt",
    "format" : "text",
    "state" : "NEW",
    "timestamp" : null,
    "created" : 1711363006573,
    "updated" : 1711363006573
  }, {
    "name" : "Jenninger.txt",
    "format" : "text",
    "state" : "NEW",
    "timestamp" : null,
    "created" : 1711363006591,
    "updated" : 1711363006591
  }, {
    "name" : "Joubert.txt",
    "format" : "text",
    "state" : "NEW",
    "timestamp" : null,
    "created" : 1711363006620,
    "updated" : 1711363006620
  }, {
    "name" : "Kawasaki.txt",
    "format" : "text",
    "state" : "NEW",
    "timestamp" : null,
    "created" : 1711363006630,
    "updated" : 1711363006630
  }, {
    "name" : "Koenig.txt",
    "format" : "text",
    "state" : "NEW",
    "timestamp" : null,
    "created" : 1711363006641,
    "updated" : 1711363006641
  }, {
    "name" : "Leitner.txt",
    "format" : "text",
    "state" : "NEW",
    "timestamp" : null,
    "created" : 1711363006652,
    "updated" : 1711363006652
  }, {
    "name" : "Meulengracht.txt",
    "format" : "text",
    "state" : "NEW",
    "timestamp" : null,
    "created" : 1711363006662,
    "updated" : 1711363006662
  }, {
    "name" : "Meyr.txt",
    "format" : "text",
    "state" : "NEW",
    "timestamp" : null,
    "created" : 1711363006673,
    "updated" : 1711363006673
  }, {
    "name" : "Neubauer.txt",
    "format" : "text",
    "state" : "NEW",
    "timestamp" : null,
    "created" : 1711363006692,
    "updated" : 1711363006692
  }, {
    "name" : "Obradovic.txt",
    "format" : "text",
    "state" : "NEW",
    "timestamp" : null,
    "created" : 1711363006703,
    "updated" : 1711363006703
  }, {
    "name" : "Osler.txt",
    "format" : "text",
    "state" : "NEW",
    "timestamp" : null,
    "created" : 1711363006722,
    "updated" : 1711363006722
  }, {
    "name" : "Popovic.txt",
    "format" : "text",
    "state" : "NEW",
    "timestamp" : null,
    "created" : 1711363006738,
    "updated" : 1711363006738
  }, {
    "name" : "Praechtel.txt",
    "format" : "text",
    "state" : "NEW",
    "timestamp" : null,
    "created" : 1711363006760,
    "updated" : 1711363006760
  }, {
    "name" : "Queisser.txt",
    "format" : "text",
    "state" : "NEW",
    "timestamp" : null,
    "created" : 1711363006770,
    "updated" : 1711363006770
  }, {
    "name" : "Quervain.txt",
    "format" : "text",
    "state" : "NEW",
    "timestamp" : null,
    "created" : 1711363006801,
    "updated" : 1711363006801
  }, {
    "name" : "Recklinghausen.txt",
    "format" : "text",
    "state" : "NEW",
    "timestamp" : null,
    "created" : 1711363006814,
    "updated" : 1711363006814
  }, {
    "name" : "Rieser.txt",
    "format" : "text",
    "state" : "NEW",
    "timestamp" : null,
    "created" : 1711363006833,
    "updated" : 1711363006833
  }, {
    "name" : "Schielaug.txt",
    "format" : "text",
    "state" : "NEW",
    "timestamp" : null,
    "created" : 1711363006842,
    "updated" : 1711363006842
  }, {
    "name" : "Schnitzler.txt",
    "format" : "text",
    "state" : "NEW",
    "timestamp" : null,
    "created" : 1711363006856,
    "updated" : 1711363006856
  }, {
    "name" : "Schuh.txt",
    "format" : "text",
    "state" : "NEW",
    "timestamp" : null,
    "created" : 1711363006868,
    "updated" : 1711363006868
  }, {
    "name" : "Stölzl.txt",
    "format" : "text",
    "state" : "NEW",
    "timestamp" : null,
    "created" : 1711363006887,
    "updated" : 1711363006887
  }, {
    "name" : "Sudeck.txt",
    "format" : "text",
    "state" : "NEW",
    "timestamp" : null,
    "created" : 1711363006898,
    "updated" : 1711363006898
  }, {
    "name" : "Theodor.txt",
    "format" : "text",
    "state" : "NEW",
    "timestamp" : null,
    "created" : 1711363006917,
    "updated" : 1711363006917
  }, {
    "name" : "Tupolev_1.txt",
    "format" : "text",
    "state" : "NEW",
    "timestamp" : null,
    "created" : 1711363006934,
    "updated" : 1711363006934
  }, {
    "name" : "Tupolev_2.txt",
    "format" : "text",
    "state" : "NEW",
    "timestamp" : null,
    "created" : 1711363006968,
    "updated" : 1711363006968
  }, {
    "name" : "Tupolev_3.txt",
    "format" : "text",
    "state" : "NEW",
    "timestamp" : null,
    "created" : 1711363006981,
    "updated" : 1711363006981
  }, {
    "name" : "Tupolev_4.txt",
    "format" : "text",
    "state" : "NEW",
    "timestamp" : null,
    "created" : 1711363006991,
    "updated" : 1711363006991
  }, {
    "name" : "Utz.txt",
    "format" : "text",
    "state" : "NEW",
    "timestamp" : null,
    "created" : 1711363007006,
    "updated" : 1711363007006
  }, {
    "name" : "Vogler.txt",
    "format" : "text",
    "state" : "NEW",
    "timestamp" : null,
    "created" : 1711363007023,
    "updated" : 1711363007023
  }, {
    "name" : "Waldenström.txt",
    "format" : "text",
    "state" : "NEW",
    "timestamp" : null,
    "created" : 1711363007034,
    "updated" : 1711363007034
  }, {
    "name" : "Wankel.txt",
    "format" : "text",
    "state" : "NEW",
    "timestamp" : null,
    "created" : 1711363007047,
    "updated" : 1711363007047
  }, {
    "name" : "Weber.txt",
    "format" : "text",
    "state" : "NEW",
    "timestamp" : null,
    "created" : 1711363007060,
    "updated" : 1711363007060
  }, {
    "name" : "Weil.txt",
    "format" : "text",
    "state" : "NEW",
    "timestamp" : null,
    "created" : 1711363007075,
    "updated" : 1711363007075
  }, {
    "name" : "Xavier.txt",
    "format" : "text",
    "state" : "NEW",
    "timestamp" : null,
    "created" : 1711363007085,
    "updated" : 1711363007085
  }, {
    "name" : "Ypsilanti.txt",
    "format" : "text",
    "state" : "NEW",
    "timestamp" : null,
    "created" : 1711363007102,
    "updated" : 1711363007102
  }, {
    "name" : "Zezelj.txt",
    "format" : "text",
    "state" : "NEW",
    "timestamp" : null,
    "created" : 1711363007143,
    "updated" : 1711363007143
  } ],
  "annotation_documents" : [ ],
  "project_permissions" : [ {
    "level" : "ADMIN",
    "user" : "fmatthies"
  }, {
    "level" : "CURATOR",
    "user" : "fmatthies"
  }, {
    "level" : "USER",
    "user" : "fmatthies"
  } ],
  "tag_sets" : [ {
    "name" : "phiKind",
    "description" : null,
    "language" : null,
    "tags" : [ {
      "tag_name" : "AGE",
      "tag_description" : "Konkrete Altersangaben (nicht in Datumsform)"
    }, {
      "tag_name" : "CONTACT_EMAIL",
      "tag_description" : "E-Mail-Adresse"
    }, {
      "tag_name" : "NAME_EXT",
      "tag_description" : "Nennung von Personen im Zshg. mit Ämtern, Versicherungen, etc."
    }, {
      "tag_name" : "NAME_OTHER",
      "tag_description" : "Nennung weiterer Namen"
    }, {
      "tag_name" : "NAME_RELATIVE",
      "tag_description" : "Angehörige der/des Patient*in"
    }, {
      "tag_name" : "NAME_TITLE",
      "tag_description" : "Titel-Bezeichnungen"
    }, {
      "tag_name" : "PROFESSION",
      "tag_description" : "Bezeichnungen von Berufen im Zusammenhang mit dem Patienten, ohne Nennung eines Status (z.B. arbeitslos, berentet, Teilzeit)"
    }, {
      "tag_name" : "OTHER",
      "tag_description" : "weitere zu de-identifizierende Merkmale, die mit den anderen Kategorien nicht abgedeckt werden können"
    }, {
      "tag_name" : "CONTACT_FAX",
      "tag_description" : "Faxnummer"
    }, {
      "tag_name" : "CONTACT_PHONE",
      "tag_description" : "Telefonnummer"
    }, {
      "tag_name" : "CONTACT_URL",
      "tag_description" : "URL einer Homepage"
    }, {
      "tag_name" : "DATE",
      "tag_description" : "alle Datumsangaben (u.a. Geburtsdatum, Sterbedatum)"
    }, {
      "tag_name" : "ID",
      "tag_description" : "Nummer zur Identifikation eines Patienten, Nummer zur Identifikation eines medizinischen Falles, Sonstige Identifikationsnummern"
    }, {
      "tag_name" : "LOCATION_CITY",
      "tag_description" : "Name einer Stadt"
    }, {
      "tag_name" : "LOCATION_COUNTRY",
      "tag_description" : "Name eines Landes"
    }, {
      "tag_name" : "LOCATION_HOSPITAL",
      "tag_description" : "Nennung einer klinischen Einrichtung"
    }, {
      "tag_name" : "LOCATION_ORGANIZATION",
      "tag_description" : "Name einer (medizinischen) Organisation"
    }, {
      "tag_name" : "LOCATION_OTHER",
      "tag_description" : "Sonstige Adressen"
    }, {
      "tag_name" : "LOCATION_STATE",
      "tag_description" : "Name eines Bundeslandes"
    }, {
      "tag_name" : "LOCATION_STREET",
      "tag_description" : "Straßenname + Hausnummer"
    }, {
      "tag_name" : "LOCATION_ZIP",
      "tag_description" : "Postleitzahl"
    }, {
      "tag_name" : "NAME_DOCTOR",
      "tag_description" : "Vor- und Zusame eines Arztes oder medizinischen Personals"
    }, {
      "tag_name" : "NAME_USERNAME",
      "tag_description" : "Username, Sekretariatskürzel"
    }, {
      "tag_name" : "NAME_PATIENT",
      "tag_description" : "Vor- und Zuname eines Patienten oder Angehörigen"
    } ],
    "create_tag" : false
  } ],
  "layers" : [ {
    "name" : "webanno.custom.Metadata",
    "features" : [ ],
    "uiName" : "Metadata",
    "type" : "document-metadata",
    "description" : null,
    "enabled" : true,
    "built_in" : false,
    "readonly" : true,
    "attach_type" : null,
    "attach_feature" : null,
    "allow_stacking" : false,
    "cross_sentence" : false,
    "show_hover" : true,
    "anchoring_mode" : "TOKENS",
    "overlap_mode" : "NO_OVERLAP",
    "validation_mode" : "ALWAYS",
    "lock_to_token_offset" : false,
    "multiple_tokens" : true,
    "project_name" : "GeMTeX: De-Identification (GraSCCo raw)",
    "linked_list_behavior" : false,
    "on_click_javascript_action" : null,
    "traits" : "{\"singleton\":true}"
  }, {
    "name" : "webanno.custom.PHI",
    "features" : [ {
      "name" : "kind",
      "tag_set" : {
        "name" : "phiKind",
        "description" : null,
        "language" : null,
        "tags" : [ ],
        "create_tag" : false
      },
      "uiName" : "kind",
      "type" : "uima.cas.String",
      "enabled" : true,
      "visible" : true,
      "include_in_hover" : false,
      "required" : false,
      "remember" : false,
      "hideUnconstraintFeature" : false,
      "description" : null,
      "project_name" : "GeMTeX: De-Identification (GraSCCo raw)",
      "multi_value_mode" : "NONE",
      "link_mode" : "NONE",
      "link_type_name" : null,
      "link_type_role_feature_name" : null,
      "link_type_target_feature_name" : null,
      "traits" : "{\"multipleRows\":false,\"dynamicSize\":false,\"collapsedRows\":1,\"expandedRows\":1,\"editorType\":\"COMBOBOX\",\"keyBindings\":[{\"keyCombo\":\"N\",\"value\":\"NAME_PATIENT\"},{\"keyCombo\":\"Shift N\",\"value\":\"NAME_DOCTOR\"},{\"keyCombo\":\"i\",\"value\":\"ID\"},{\"keyCombo\":\"d\",\"value\":\"DATE\"},{\"keyCombo\":\"C\",\"value\":\"CONTACT_EMAIL\"},{\"keyCombo\":\"Shift C\",\"value\":\"CONTACT_PHONE\"},{\"keyCombo\":\"Ctrl Shift C\",\"value\":\"CONTACT_FAX\"},{\"keyCombo\":\"Ctrl Alt Shift C\",\"value\":\"CONTACT_URL\"},{\"keyCombo\":\"Ctrl Shift N\",\"value\":\"NAME_USERNAME\"}]}",
      "curatable" : true,
      "rank" : 0
    } ],
    "uiName" : "PHI",
    "type" : "span",
    "description" : null,
    "enabled" : true,
    "built_in" : false,
    "readonly" : false,
    "attach_type" : null,
    "attach_feature" : null,
    "allow_stacking" : false,
    "cross_sentence" : true,
    "show_hover" : true,
    "anchoring_mode" : "TOKENS",
    "overlap_mode" : "NO_OVERLAP",
    "validation_mode" : "ALWAYS",
    "lock_to_token_offset" : false,
    "multiple_tokens" : true,
    "project_name" : "GeMTeX: De-Identification (GraSCCo raw)",
    "linked_list_behavior" : false,
    "on_click_javascript_action" : null,
    "traits" : "{\"coloringRules\":{\"rules\":[{\"color\":\"#e69f00\",\"pattern\":\"CONTACT_.*\"},{\"color\":\"#56b4e9\",\"pattern\":\"DATE\"},{\"color\":\"#009e73\",\"pattern\":\"ID\"},{\"color\":\"#f0e442\",\"pattern\":\"LOCATION_.*\"},{\"color\":\"#cc79a7\",\"pattern\":\"NAME_.*\"},{\"color\":\"#0072b2\",\"pattern\":\"PROFESSION_.*\"},{\"color\":\"#d55e00\",\"pattern\":\"AGE_.*\"},{\"color\":\"#000000\",\"pattern\":\"OTHER\"}]}}"
  }, {
    "name" : "de.tudarmstadt.ukp.dkpro.core.api.segmentation.type.Sentence",
    "features" : [ ],
    "uiName" : "Sentence",
    "type" : "span",
    "description" : null,
    "enabled" : false,
    "built_in" : true,
    "readonly" : true,
    "attach_type" : null,
    "attach_feature" : null,
    "allow_stacking" : false,
    "cross_sentence" : true,
    "show_hover" : true,
    "anchoring_mode" : "TOKENS",
    "overlap_mode" : "NO_OVERLAP",
    "validation_mode" : "NEVER",
    "lock_to_token_offset" : false,
    "multiple_tokens" : true,
    "project_name" : "GeMTeX: De-Identification (GraSCCo raw)",
    "linked_list_behavior" : false,
    "on_click_javascript_action" : null,
    "traits" : null
  }, {
    "name" : "de.tudarmstadt.ukp.dkpro.core.api.segmentation.type.Token",
    "features" : [ ],
    "uiName" : "Token",
    "type" : "span",
    "description" : null,
    "enabled" : false,
    "built_in" : true,
    "readonly" : true,
    "attach_type" : null,
    "attach_feature" : null,
    "allow_stacking" : false,
    "cross_sentence" : false,
    "show_hover" : true,
    "anchoring_mode" : "CHARACTERS",
    "overlap_mode" : "NO_OVERLAP",
    "validation_mode" : "NEVER",
    "lock_to_token_offset" : false,
    "multiple_tokens" : false,
    "project_name" : "GeMTeX: De-Identification (GraSCCo raw)",
    "linked_list_behavior" : false,
    "on_click_javascript_action" : null,
    "traits" : null
  } ],
  "disableExport" : false,
  "script_direction" : "LTR",
  "created" : 1699961896638,
  "updated" : 1711363945651,
  "anonymous_curation" : false,
  "default-preferences" : [ {
    "name" : "annotation/editor",
    "traits" : "{\"defaultEditor\":\"tokenWrappingBratEditor\",\"preferencesAccessAllowed\":true}"
  }, {
    "name" : "annotation/editor/brat/manager",
    "traits" : "{\"changingScriptDirectionAllowed\":false,\"defaultPageSize\":20}"
  }, {
    "name" : "annotation/editor/annotation-sidebar/manager",
    "traits" : "{\"pinnedGroups\":[]}"
  }, {
    "name" : "annotation/left-sidebar",
    "traits" : "{\"selectedTab\":\"annotationBrowserSidebarFactory\",\"expanded\":true}"
  }, {
    "name" : "annotation/search",
    "traits" : "{\"caseSensitive\":false}"
  } ],
  "knowledge_bases" : [ ],
  "external_search" : [ ],
  "curation_workflow" : {
    "id" : 5,
    "project" : {
      "id" : 5,
      "name" : "GeMTeX: De-Identification (GraSCCo raw)",
      "slug" : "gemtex_de-identification",
      "description" : "This project is for annotating/confirming identifying tokens/spans in clinical texts for the GeMTeX project.",
      "mode" : "annotation",
      "version" : 1,
      "disableExport" : false,
      "scriptDirection" : "LTR",
      "created" : 1699961896638,
      "updated" : 1711363945651,
      "state" : "NEW",
      "anonymousCuration" : false
    },
    "mergeStrategy" : "completeAgreementNonStacked",
    "mergeStrategyTraits" : null
  },
  "project_users" : [ ],
  "recommenders" : [ ],
  "learning_records" : [ ],
  "gazeteers" : [ ],
  "workload_manager" : {
    "traits" : null,
    "type" : "matrix"
  },
  "user-preferences" : [ {
    "name" : "annotation/left-sidebar",
    "traits" : "{\"selectedTab\":\"annotationBrowserSidebarFactory\",\"expanded\":true}",
    "user" : "fmatthies"
  }, {
    "name" : "client-side/annotation/annotation-browser-sidebar",
    "traits" : "{\"mode\":\"by-label\",\"sortByScore\":true,\"recommendationsFirst\":false}",
    "user" : "fmatthies"
  }, {
    "name" : "annotation/left-sidebar",
    "traits" : "{\"selectedTab\":\"annotationBrowserSidebarFactory\",\"expanded\":false}",
    "user" : "tuser"
  } ]
}