{
  "%TYPES": {
    "de.tudarmstadt.ukp.dkpro.core.api.segmentation.type.Sentence": {
      "%NAME": "de.tudarmstadt.ukp.dkpro.core.api.segmentation.type.Sentence",
      "%SUPER_TYPE": "uima.tcas.Annotation"
    },
    "webanno.custom.PHI": {
      "%NAME": "webanno.custom.PHI",
      "%SUPER_TYPE": "uima.tcas.Annotation",
      "kind": {
        "%NAME": "kind",
        "%RANGE": "uima.cas.String"
      }
    }
  },
  "%FEATURE_STRUCTURES": [
    {
      "%ID": 1,
      "%TYPE": "uima.cas.Sofa",
      "sofaNum": 1,
      "sofaID": "_InitialView",
      "mimeType": "text",
      "sofaString": "Sehr geehrter Herr Kollege, sehr geehrte Frau Kollegin,\n\nwir berichten Ihnen abschließend über unsere gemeinsame Patientin Amanda Alzheimer, die sich vom 24.01.2028 bis zum 06.02.2028 in unserer intensivmedizinischen Behandlung befand.\n\nDiagnosen:\n1. Resp. Insuffizienz bei Pleuraergüssen bds. \n2. Komb. Aortenklappenvitium mit Aortenstenose KÖF 0,7\n3. Komb. Mitralvitium mit mittel- bis hochgradiger Stenose (KÖF 0.8-1.3) \n4. normale LV-F 5. cerebrale Ischämie im Bereich der Stammganglien li mit diffusen älteren ischämischen Veränderungen \n5. V.a. Pneumonie 15.12.2027 \n6. Z.n. Apoplex 2002 (Hemiparese re) keine Residuen \n7. Hypothyreose bei Autoimmunthyreoiditis \n8. Diabetes mellitus mit diab. Nephropathie \n9. Gramnegative Sepsis (Fokus pulmonal oder Harnwege) \n10. Akutes Nierenversagen \n\nTherapie: \n23.01.28: Klappenersatz MKE bio, AKE 23er bio, Klemmzeit 2h30 min, SM Schwelle Ventrikel 1,3, Vorhof 13. 6 EK, 800 ml HLM-Blut, 2 TK. \n25.01.28: TEE, unauffällig 27.01.28: HIT-Schnelltest unauff., Sono Pleura \n28.01.28: HIT negativ 31.01.28: Angio-CCT 29.01.28: Beginn CVVH \n05.02.28: CCT und GK-CT Anamnese: Übernahme von der 3 Süd. Pt mit Kombiniertem Aortenvitium und führender Stenose. Jetzt seit heute Anend zunehmend eingetrübt und Dyspnö. \nJetzt 24.01.28 bei OP-Indikation und nach entsprechender Vorbereitung: OP Vormedikation  \n\nVerlauf: \n24.12.2027 Echokardiographie: \n1. Normal großer, konzentrsich hypertrophierter linker Ventrikel mit noch guter LV-Funktion \n2. Kombiniertes Mitralklappenvitium (MI II°, MS II°), kombiniertes Aortenklappenvitium, turbulenter Fluß über die Aortenkalppe, mittl. Gradient 20 mmHg (bei schlechter SB am ehesten unterschätzt) TI I° \n3. Erhöhte Druckwerte im kleinen Kreislauf. Punktionswürdige Pleuraergüße bds. \n\n24.12.2027 Konsil OA Prof. Brinkmann: Normotone RR-Werte, Sinusrhythmus; --> Therapieziel deutliche Minusbilanz mittels konservativer Maßnahmen - Beginn mit Toremperfusor unter Beachtung des Kreatininwertes - möglichst keine Pleuradrainagenanlage, sondern Einmalpunktion \n24.12.2027 Rechter Pleuraerguss wurde unter sterilen Bedingungen erfolgreich Punktiert und 1,2 Liter PE abgelassen. Hierunter atmet die Patientin deutlich entspannter, die periphere Sättigung ist unter 60% O2 jetzt >90%. Torem-Perfusor läuft auf 2.1, hierunter bisher knapp 700ml ausgeschieden. \nN: Pupillen isokor, lichtreagibel \nP: bds. basal abgeschwächtes AG li>re, keine feuchten RGs C: 5/6 Systolikum \nA: weich, DG vorhanden \nE: geringe US Ödeme bds \n\nProcedere: \n- weiterhin Bilanz, Ziel -500 - -1000ml \n- auf Retentionsparameter achten \n- bei erneuter verschlechterung erneute Pleurapunktion \n- Beginn mit Voll-Heparinisierung, Ziel PTT 50-70sec; \n\nPTT Kontrolle 24.12.2027 17:06 Pat. somnolent, erweckbar, antwortet mit ja und nein auf gestelte Fragen.\nAtmet mit OptiFlow hierunter periph. \nsp02 >90% BGA nach Pleurapunktion unverändert \np02 55, pC02 46 bei subjektiv zunehmender Atemnot erhöhung der 02-Gabe auf 80% \nKein Fieber, gute Ausscheidung, Pat. mit Torem-Perf. negativ bilanziert \nN: Pupillen isocor bds lichtreagibel C: HT rhythmisch 3/6 syst II ICR re. \nP: bds belüftet, endexpiratorisches Knistern re. basal, Dämpfung li. basal \nA: weich, kein DS, D++ \nE: minimale Ödeme Unterschenkel bds Procedere: BGA Kontrolle bei Verschlechterung der resp. Situation - Punktion links - ggf. CPAP \n\n03.02.2028 Änderung der ABx: \n* im TS vom 01.02.2028 Klebsiellen, die auf Piperacillin resistent sind, nicht jedoch auf Tazobac. \n* Da Infektparameter steigend, Umsetzen auf Meronem 2x1 g/die (Hämofiltration). \n04.02.2028 Sono Pleura / Abdomen: Magen ragt bis vor die Leber nach re, daher T. coeliacus nicht beurteilbar. \nPulsation in den Lebervenen, daher V.a. Rechtsherzinsuffizienz. \nLeberparenchym echoarm. \nIntrahepatische Cholestase, GB gefüllt + Sludge, keine Wandverdickung. \nPfortaderfluß: 18 cm/s, A.hepatica RI-Wert: 0,86. Reduziertes Flußsignal in VCI. \nNiere re kein Harnstau, Niere links+Milz nicht einsehbar. \nRetroperitoneum nicht einsehbar. PE re ca 800 ml, Pleura li nicht darstellbar. \n\n04.02.2028 \nHTG über PE 800ml informiert \n05.02.2028 CCT und GK-CT: Befunde folgen nach Vergleich mit VU (Drs. Seiler und Wantzer melden sich bei Xxxxx). Pat. während Transport und Untersuchung kardiopulmonal stabil. 05.02.2028 GKCT-Befund (Dr. Bechterew): Keine Thrombosen, keine Ischämien, viel freie FF im Abdomen, im Bereich des Pylorus und proximalen Duodenum ödematöse Wandverdickung -> könnte auf ein Ulcus hinweisen. Pleuraergüsse: re (ca. 800 ml) > li. (deutlich weniger) Tubus liegt tief über Carinawinkel -> kann 2 cm zurückgezogen werden. \n05.02.2028 HIT-Test negativ \n05.02.2028 CCT-Befund: \nViele alte postischämische Läsionen, keine frische Ischämien, keine Blutungen. \n06.02.2028 Durchsicht des Abdominal-CT durch Fr. Dr. Müller (ACH): kein Handlungsbedarf. \nEmpfehlungen: Mikrobiologie: Die Mikrobiologiedaten entnehmen Sie bitte dem Anhang. \nLabor:Labor-Resultate (Zeitraum je 3 Tage) \n\nAktuelle Medikation:\nMedikamente (letzte Gabe in 24 Stunden): \nDiflucan  - 400mg Bolus in 200ml fertig gelöst \nDigimerck  - 0,2mg Bolus - 12:09 Laxoberal Trpf.  - 20gtt p.o. in 1ml fertig gelöst p.o. \nL-Thyroxin  - 150μg p.o. in 10ml Wasser p.o. \nMeronem  - 1g Bolus in 100ml NaCl 0,9% \nPantozol  - 40mg KI in 100ml NaCl 0,9% \nRefludan  - 1mg - 11:30 SDD-Suspension  - 5ml p.o. in 5ml fertig gelöst p.o. \nInfusionen (letzte 24 Stunden, ohne Spülungen): \nIntraflow  - 9,0ml/h (500ml ) \nNaCl 0,9%  - 9,0ml/h (500ml ) \nNaCl 0,9%  - 11,0ml/h (250ml ,  1000mg Vancomycin ) \nTropf-Infusionen: Actrapid HM  - 0,122E/kg/h ,  10,0ml/h (50E  in 50ml NaCl 0,9% ) \nArterenol  - 0,122μg/kg/min ,  6,0ml/h (5mg  in 50ml NaCl 0,9% ) \nHydrocortison  - 0,098mg/kg/h ,  2,0ml/h (200mg  in 50ml NaCl 0,9% ) \nKaliumchlorid 7,45%  - 10mEqhr ,  10,0ml/h (60mval  in 60ml fertig gelöst ) \nSuprarenin  - 0,081μg/kg/min ,  4,0ml/h (5mg  in 50ml fertig gelöst ) \n\n\nWir danken für die prompte Übernahme von Frau Alzheimer und stehen für Rückfragen gerne unter der o.g. Telefon-Nr. zur Verfügung. Die Angehörigen von Frau Alzheimer haben wir über die Verlegung zu Ihnen unterrichtet. (Telefon: Sohn Alois Alzheimer 08991/23354 Handy 0699-15099887) \n\nMit freundlichen kollegialen Grüßen \n\nProf. Dr. Norbert Breuer      Klaus Pfeiffer                 Priv.-Doz. Dr. med. Xaver Seiler \nÄrztlicher Direktor           Oberarzt \t\t         \t\t Assistenzarzt"
    },
    {
      "%ID": 2,
      "%TYPE": "webanno.custom.PHI",
      "kind": "CONTACT_PHONE",
      "begin": 6142,
      "end": 6153,
      "@sofa": 1
    },
    {
      "%ID": 3,
      "%TYPE": "webanno.custom.PHI",
      "kind": "CONTACT_PHONE",
      "begin": 6160,
      "end": 6173,
      "@sofa": 1
    },
    {
      "%ID": 4,
      "%TYPE": "webanno.custom.PHI",
      "kind": "DATE",
      "begin": 154,
      "end": 164,
      "@sofa": 1
    },
    {
      "%ID": 5,
      "%TYPE": "webanno.custom.PHI",
      "kind": "DATE",
      "begin": 173,
      "end": 183,
      "@sofa": 1
    },
    {
      "%ID": 6,
      "%TYPE": "webanno.custom.PHI",
      "kind": "DATE",
      "begin": 561,
      "end": 571,
      "@sofa": 1
    },
    {
      "%ID": 7,
      "%TYPE": "webanno.custom.PHI",
      "kind": "DATE",
      "begin": 589,
      "end": 593,
      "@sofa": 1
    },
    {
      "%ID": 8,
      "%TYPE": "webanno.custom.PHI",
      "kind": "DATE",
      "begin": 808,
      "end": 816,
      "@sofa": 1
    },
    {
      "%ID": 9,
      "%TYPE": "webanno.custom.PHI",
      "kind": "DATE",
      "begin": 943,
      "end": 951,
      "@sofa": 1
    },
    {
      "%ID": 10,
      "%TYPE": "webanno.custom.PHI",
      "kind": "DATE",
      "begin": 970,
      "end": 978,
      "@sofa": 1
    },
    {
      "%ID": 11,
      "%TYPE": "webanno.custom.PHI",
      "kind": "DATE",
      "begin": 1018,
      "end": 1026,
      "@sofa": 1
    },
    {
      "%ID": 12,
      "%TYPE": "webanno.custom.PHI",
      "kind": "DATE",
      "begin": 1040,
      "end": 1048,
      "@sofa": 1
    },
    {
      "%ID": 13,
      "%TYPE": "webanno.custom.PHI",
      "kind": "DATE",
      "begin": 1060,
      "end": 1068,
      "@sofa": 1
    },
    {
      "%ID": 14,
      "%TYPE": "webanno.custom.PHI",
      "kind": "DATE",
      "begin": 1083,
      "end": 1091,
      "@sofa": 1
    },
    {
      "%ID": 15,
      "%TYPE": "webanno.custom.PHI",
      "kind": "DATE",
      "begin": 1261,
      "end": 1269,
      "@sofa": 1
    },
    {
      "%ID": 16,
      "%TYPE": "webanno.custom.PHI",
      "kind": "DATE",
      "begin": 1356,
      "end": 1366,
      "@sofa": 1
    },
    {
      "%ID": 17,
      "%TYPE": "webanno.custom.PHI",
      "kind": "DATE",
      "begin": 1764,
      "end": 1774,
      "@sofa": 1
    },
    {
      "%ID": 18,
      "%TYPE": "webanno.custom.PHI",
      "kind": "DATE",
      "begin": 2036,
      "end": 2046,
      "@sofa": 1
    },
    {
      "%ID": 19,
      "%TYPE": "webanno.custom.PHI",
      "kind": "DATE",
      "begin": 2707,
      "end": 2717,
      "@sofa": 1
    },
    {
      "%ID": 20,
      "%TYPE": "webanno.custom.PHI",
      "kind": "DATE",
      "begin": 3344,
      "end": 3354,
      "@sofa": 1
    },
    {
      "%ID": 21,
      "%TYPE": "webanno.custom.PHI",
      "kind": "DATE",
      "begin": 3386,
      "end": 3396,
      "@sofa": 1
    },
    {
      "%ID": 22,
      "%TYPE": "webanno.custom.PHI",
      "kind": "DATE",
      "begin": 3555,
      "end": 3565,
      "@sofa": 1
    },
    {
      "%ID": 23,
      "%TYPE": "webanno.custom.PHI",
      "kind": "DATE",
      "begin": 4050,
      "end": 4060,
      "@sofa": 1
    },
    {
      "%ID": 24,
      "%TYPE": "webanno.custom.PHI",
      "kind": "DATE",
      "begin": 4092,
      "end": 4102,
      "@sofa": 1
    },
    {
      "%ID": 25,
      "%TYPE": "webanno.custom.PHI",
      "kind": "DATE",
      "begin": 4267,
      "end": 4277,
      "@sofa": 1
    },
    {
      "%ID": 26,
      "%TYPE": "webanno.custom.PHI",
      "kind": "DATE",
      "begin": 4602,
      "end": 4612,
      "@sofa": 1
    },
    {
      "%ID": 27,
      "%TYPE": "webanno.custom.PHI",
      "kind": "DATE",
      "begin": 4631,
      "end": 4641,
      "@sofa": 1
    },
    {
      "%ID": 28,
      "%TYPE": "webanno.custom.PHI",
      "kind": "DATE",
      "begin": 4735,
      "end": 4745,
      "@sofa": 1
    },
    {
      "%ID": 29,
      "%TYPE": "webanno.custom.PHI",
      "kind": "NAME_PATIENT",
      "begin": 123,
      "end": 139,
      "@sofa": 1
    },
    {
      "%ID": 30,
      "%TYPE": "webanno.custom.PHI",
      "kind": "NAME_DOCTOR",
      "begin": 1791,
      "end": 1800,
      "@sofa": 1
    },
    {
      "%ID": 31,
      "%TYPE": "webanno.custom.PHI",
      "kind": "NAME_DOCTOR",
      "begin": 4161,
      "end": 4167,
      "@sofa": 1
    },
    {
      "%ID": 32,
      "%TYPE": "webanno.custom.PHI",
      "kind": "NAME_DOCTOR",
      "begin": 4788,
      "end": 4794,
      "@sofa": 1
    },
    {
      "%ID": 33,
      "%TYPE": "webanno.custom.PHI",
      "kind": "NAME_DOCTOR",
      "begin": 6225,
      "end": 6239,
      "@sofa": 1
    },
    {
      "%ID": 34,
      "%TYPE": "webanno.custom.PHI",
      "kind": "NAME_DOCTOR",
      "begin": 6245,
      "end": 6259,
      "@sofa": 1
    },
    {
      "%ID": 35,
      "%TYPE": "webanno.custom.PHI",
      "kind": "NAME_DOCTOR",
      "begin": 6296,
      "end": 6308,
      "@sofa": 1
    },
    {
      "%ID": 36,
      "%TYPE": "webanno.custom.PHI",
      "kind": "NAME_TITLE",
      "begin": 1782,
      "end": 1790,
      "@sofa": 1
    },
    {
      "%ID": 37,
      "%TYPE": "webanno.custom.PHI",
      "kind": "NAME_TITLE",
      "begin": 4156,
      "end": 4160,
      "@sofa": 1
    },
    {
      "%ID": 38,
      "%TYPE": "webanno.custom.PHI",
      "kind": "NAME_TITLE",
      "begin": 4784,
      "end": 4787,
      "@sofa": 1
    },
    {
      "%ID": 39,
      "%TYPE": "webanno.custom.PHI",
      "kind": "NAME_TITLE",
      "begin": 6215,
      "end": 6224,
      "@sofa": 1
    },
    {
      "%ID": 40,
      "%TYPE": "webanno.custom.PHI",
      "kind": "NAME_TITLE",
      "begin": 6276,
      "end": 6281,
      "@sofa": 1
    },
    {
      "%ID": 41,
      "%TYPE": "webanno.custom.PHI",
      "kind": "NAME_TITLE",
      "begin": 6282,
      "end": 6295,
      "@sofa": 1
    }
  ],
  "%VIEWS": {
    "_InitialView": {
      "%SOFA": 1,
      "%MEMBERS": [
        2,
        3,
        4,
        5,
        6,
        7,
        8,
        9,
        10,
        11,
        12,
        13,
        14,
        15,
        16,
        17,
        18,
        19,
        20,
        21,
        22,
        23,
        24,
        25,
        26,
        27,
        28,
        29,
        30,
        31,
        32,
        33,
        34,
        35,
        36,
        37,
        38,
        39,
        40,
        41
      ]
    }
  }
}