{
  "%TYPES": {
    "de.tudarmstadt.ukp.dkpro.core.api.segmentation.type.Sentence": {
      "%NAME": "de.tudarmstadt.ukp.dkpro.core.api.segmentation.type.Sentence",
      "%SUPER_TYPE": "uima.tcas.Annotation"
    },
    "webanno.custom.PHI": {
      "%NAME": "webanno.custom.PHI",
      "%SUPER_TYPE": "uima.tcas.Annotation",
      "kind": {
        "%NAME": "kind",
        "%RANGE": "uima.cas.String"
      }
    }
  },
  "%FEATURE_STRUCTURES": [
    {
      "%ID": 1,
      "%TYPE": "uima.cas.Sofa",
      "sofaNum": 1,
      "sofaID": "_InitialView",
      "mimeType": "text",
      "sofaString": "﻿ARCOS-KLINIK FLENSBURG\nAkademisches Lehrkrankenhaus\nder Otto-Waalkes-Universität Borkum\nUrologische Abteilung\nCHEFARZT: DR. MED. H. BLASENSTEIN\n\nHerrn\nHelge Klabauter\nUrologe\nFriesische Str. 21 a\n24937 Flensburg\n \n\nFlensburg, 27. März 2025\nRote Str. 3 \nTelefon (0461) 708 - 223\n\n\nBetr.: Asger Baastrup, geb. 5.7.54, Schleswiger Str. 95a, 24941 Flensburg \n\n\nSehr geehrte Herr Kollege Klabauter!\n\nHr. Baastrup Asger war vom 8.3. - 22.3.2025 bei uns in stationärer Behandlung.\n\nDiagnosen: Narbige Blasanhalsstenose. nach Prostata-Adenom-Enukleatio 2006.\nBekannte Blindheit nach Maculadeg. bds.\nHerzinsuffizienz\n\nKleines Prostata-Ca Stadium pT1a,· G1.\n\n1 Tag vor der stationären Aufnahme war eine Sachse-Spaltung der narbigen Stenose durchgeführt worden. Der Katheter war herausgefallen. Nach nochmaliger vorübergehender Kathetervers6rgung betrug der Resturin·aber immer noch 150 ml., so daß wir uns zur·Elektro-Resektion entschlossen haben.\n\nDie präoperativen Blutwerte:  PSA 0,7 ng/ml, Kreatinin\n1,5, Harnstoff 51 mg%, Elektrolyte ausgeglichen. Gerinnungsverhalten unauffällig.\n\nTherapie und Verlauf:\n\nResektion des Blasenhalses am 15.3.95. Histologisch zeigte sich außer Narbengewebe ein winziges, gut differenziertes Carcinom. Diesen Befund haben wir dem Patienten vorenthalten, da eine Therapie aufgrund des fortgeschrittenen Alters sicher nicht erforderlich ist.\n\nNach Katheter-Entfernung restharnfreie Blasenentleerung. Die Medikation von Adalat und Lanitop sowie Augentropfen \nwurde hier weitergeführt.\n\nMit freundlichen Grüßen bin ich\nIhr\n\nDr. Blasenstein\nChefarzt\n"
    },
    {
      "%ID": 2,
      "%TYPE": "webanno.custom.PHI",
      "kind": "CONTACT_PHONE",
      "begin": 262,
      "end": 278,
      "@sofa": 1
    },
    {
      "%ID": 3,
      "%TYPE": "webanno.custom.PHI",
      "kind": "DATE",
      "begin": 227,
      "end": 240,
      "@sofa": 1
    },
    {
      "%ID": 4,
      "%TYPE": "webanno.custom.PHI",
      "kind": "DATE",
      "begin": 309,
      "end": 315,
      "@sofa": 1
    },
    {
      "%ID": 5,
      "%TYPE": "webanno.custom.PHI",
      "kind": "DATE",
      "begin": 423,
      "end": 427,
      "@sofa": 1
    },
    {
      "%ID": 6,
      "%TYPE": "webanno.custom.PHI",
      "kind": "DATE",
      "begin": 430,
      "end": 439,
      "@sofa": 1
    },
    {
      "%ID": 7,
      "%TYPE": "webanno.custom.PHI",
      "kind": "DATE",
      "begin": 546,
      "end": 550,
      "@sofa": 1
    },
    {
      "%ID": 8,
      "%TYPE": "webanno.custom.PHI",
      "kind": "DATE",
      "begin": 1131,
      "end": 1138,
      "@sofa": 1
    },
    {
      "%ID": 9,
      "%TYPE": "webanno.custom.PHI",
      "kind": "LOCATION_HOSPITAL",
      "begin": 1,
      "end": 23,
      "@sofa": 1
    },
    {
      "%ID": 10,
      "%TYPE": "webanno.custom.PHI",
      "kind": "LOCATION_HOSPITAL",
      "begin": 57,
      "end": 88,
      "@sofa": 1
    },
    {
      "%ID": 11,
      "%TYPE": "webanno.custom.PHI",
      "kind": "LOCATION_STREET",
      "begin": 176,
      "end": 194,
      "@sofa": 1
    },
    {
      "%ID": 12,
      "%TYPE": "webanno.custom.PHI",
      "kind": "LOCATION_ZIP",
      "begin": 197,
      "end": 202,
      "@sofa": 1
    },
    {
      "%ID": 13,
      "%TYPE": "webanno.custom.PHI",
      "kind": "LOCATION_CITY",
      "begin": 203,
      "end": 212,
      "@sofa": 1
    },
    {
      "%ID": 14,
      "%TYPE": "webanno.custom.PHI",
      "kind": "LOCATION_CITY",
      "begin": 216,
      "end": 225,
      "@sofa": 1
    },
    {
      "%ID": 15,
      "%TYPE": "webanno.custom.PHI",
      "kind": "LOCATION_STREET",
      "begin": 317,
      "end": 336,
      "@sofa": 1
    },
    {
      "%ID": 16,
      "%TYPE": "webanno.custom.PHI",
      "kind": "LOCATION_ZIP",
      "begin": 339,
      "end": 344,
      "@sofa": 1
    },
    {
      "%ID": 17,
      "%TYPE": "webanno.custom.PHI",
      "kind": "LOCATION_CITY",
      "begin": 345,
      "end": 354,
      "@sofa": 1
    },
    {
      "%ID": 18,
      "%TYPE": "webanno.custom.PHI",
      "kind": "NAME_DOCTOR",
      "begin": 152,
      "end": 167,
      "@sofa": 1
    },
    {
      "%ID": 19,
      "%TYPE": "webanno.custom.PHI",
      "kind": "NAME_PATIENT",
      "begin": 288,
      "end": 302,
      "@sofa": 1
    },
    {
      "%ID": 20,
      "%TYPE": "webanno.custom.PHI",
      "kind": "NAME_DOCTOR",
      "begin": 400,
      "end": 408,
      "@sofa": 1
    },
    {
      "%ID": 21,
      "%TYPE": "webanno.custom.PHI",
      "kind": "NAME_DOCTOR",
      "begin": 1550,
      "end": 1561,
      "@sofa": 1
    },
    {
      "%ID": 22,
      "%TYPE": "webanno.custom.PHI",
      "kind": "NAME_TITLE",
      "begin": 1546,
      "end": 1549,
      "@sofa": 1
    }
  ],
  "%VIEWS": {
    "_InitialView": {
      "%SOFA": 1,
      "%MEMBERS": [
        2,
        3,
        4,
        5,
        6,
        7,
        8,
        9,
        10,
        11,
        12,
        13,
        14,
        15,
        16,
        17,
        18,
        19,
        20,
        21,
        22
      ]
    }
  }
}