{
  "%TYPES": {
    "de.tudarmstadt.ukp.dkpro.core.api.segmentation.type.Sentence": {
      "%NAME": "de.tudarmstadt.ukp.dkpro.core.api.segmentation.type.Sentence",
      "%SUPER_TYPE": "uima.tcas.Annotation"
    },
    "webanno.custom.PHI": {
      "%NAME": "webanno.custom.PHI",
      "%SUPER_TYPE": "uima.tcas.Annotation",
      "kind": {
        "%NAME": "kind",
        "%RANGE": "uima.cas.String"
      }
    }
  },
  "%FEATURE_STRUCTURES": [
    {
      "%ID": 1,
      "%TYPE": "uima.cas.Sofa",
      "sofaNum": 1,
      "sofaID": "_InitialView",
      "mimeType": "text",
      "sofaString": "Diakonissenkrankenhaus Berlin – Ophthalmologisches Zentrum \n\nDiakonissenkrankenhaus Berlin 12299 Berlin \n \nHerrn\nDr. med. Mike Marschollek\nKantstraße. 21 a\n33455 Wiesental\t\n\n\t\t\t\t\t\t\tBerlin, den 22.06.2032\n\nSehr geehrter Herr Marschollek,\n\nwir berichten über unseren gemeinsamen Patienten, Herrn Ramón Cajal, *23.03.1968, Gartenpfad 44, 33455 Wiesental, der sich vom 20.08.2032 bis 22.08.2032 in unserer stat. Behandlung befand.\n\nDiagnosen:\nR/L: fortgeschrittenes OWG, diverse AT-Unverträglichkeiten (z.B. Taflotan, Cosopt und Cosopt-S)\nRA: Z.n. NH-Lako bei Netzhautforamen / beginnende Ablatio vor 3 Jahren\n\nProcedere: Tagesdruckprofilmessung + Nachtmessung\n\nVisus bei Aufnahme:\t\tR:cc 1,0pp\t\tL: cc 1,0\nVisus bei Entlassung:\tR:cc 1,0pp\t\tL: cc 1,0\nTensio bei Aufnahme: \tR: 22 mmHg\t\tL: 16 mmHg\nTensio bei Entlassung:\tR: 25 mmHg\t\tL: 18 mmHg\n\nEntlassungsbefund:\nVorderer Augenabschnitt\nR/L: BH reizfrei, HH glatt + klar, VK tief + leer. Cat. incipiens\n\nHinterer Augenabschnitt:\nR: NH anliegend. Papille randscharf, 0.9 bis 0.95 randständig exkaviert, inferior Lako-Herde um Foramen mit Deckel. Makula unauffällig\nL: NH anliegend, Papille randscharf. CDR 0,7 bis 0,8, Makula unauffällig\n\nTensiones: RA max 25, min 16, im Mittel 20 mmHg, LA max 13, min 19, im Mittel 15 mmHg\nPachymetrie: RA 4971 µm (Dresdner-Korrektur +2,37 mmHg) LA 5041 µm\n(Dresdner Korrektur + 2,01mmHg)\n30° Schwellenperimetrie: RA MD 4.97,\tLA MD -2,5\n\nBeurteilung, Therapie und Verlauf:\nDie stat. Aufnahme erfolgte zur Erstellung eines Tagedruckprofils unter der derz. lokalen Medikation mit Xalacom AT z.N. Da trotz dieser Therapie Druckwerte bis 25 mmHg am RA erreicht wurden und bei biomorphometrisch erkennbarer fortgeschrittener Papillenexkavation mit entsprechenden GF-Defekten am RA ist ein Zieldruck unter 12 mmHg anzustreben. Es bestehen zudem anamnestisch Unverträglichkeiten gegen verschiedene Antiglaukomatosa.\n\nWir führten mit dem Pat. ein ausführliches Gespräch über die operativen, antiglaukomatösen Möglichkeiten, sowie mögliche Therapieerfolge und Komplikationen. Wir rieten aufgrund der geringen neuroretinalen Reserve und der Notwendigkeit einer drastischen Drucksenkung zu einer TE+ MMC am RA möglichst kurzfristig. Der Patient wünscht einen Termin erst Oktober\n2012.\nWir bitten um Absetzten der lokalen, antiglaukomatösen Therapie 2 Wochen prä OP zur Vorbereitung der OP und Umstellung auf systemische Drucksenkung mittels 3x/tgl. 1xTbl. Diamox sowie 1xltgl. 1 Tbl. Kalinor unter hausärztlicher Kontrolle des Kalium-Spiegels sowie der Nierenwerte. Außerdem bitten wir um lokale Applikation von 5x/tgl. Dexasine AT am zu operierenden Auge. Bei Unverträglichkeit bitten wir um Beibehalten der bisherigen lokalen, drucksenkenden Behandlung. Regelmäßige zwischenzeitliche Tensio-Kontrolten BA sind empfohlen.\n\nMedikation:\nR/L: Brimonidin AT 3x/die, Azopt AT 2x/die, Lumigan 0,1% AT z.N.\n \nMit freundlichen kollegialen Grüßen,\n\nProf. Dr. Ch. Janssen\tProf. V. Ceusters\tJ. Thiel\nDirektorin der Klinik\tStv.Direktor \t\tAssistenzärztin \n\n"
    },
    {
      "%ID": 2,
      "%TYPE": "webanno.custom.PHI",
      "kind": "DATE",
      "begin": 193,
      "end": 203,
      "@sofa": 1
    },
    {
      "%ID": 3,
      "%TYPE": "webanno.custom.PHI",
      "kind": "DATE",
      "begin": 308,
      "end": 318,
      "@sofa": 1
    },
    {
      "%ID": 4,
      "%TYPE": "webanno.custom.PHI",
      "kind": "DATE",
      "begin": 365,
      "end": 375,
      "@sofa": 1
    },
    {
      "%ID": 5,
      "%TYPE": "webanno.custom.PHI",
      "kind": "DATE",
      "begin": 380,
      "end": 390,
      "@sofa": 1
    },
    {
      "%ID": 6,
      "%TYPE": "webanno.custom.PHI",
      "kind": "DATE",
      "begin": 2237,
      "end": 2244,
      "@sofa": 1
    },
    {
      "%ID": 7,
      "%TYPE": "webanno.custom.PHI",
      "kind": "DATE",
      "begin": 2237,
      "end": 2249,
      "@sofa": 1
    },
    {
      "%ID": 8,
      "%TYPE": "webanno.custom.PHI",
      "kind": "DATE",
      "begin": 2245,
      "end": 2249,
      "@sofa": 1
    },
    {
      "%ID": 9,
      "%TYPE": "webanno.custom.PHI",
      "kind": "LOCATION_HOSPITAL",
      "begin": 0,
      "end": 58,
      "@sofa": 1
    },
    {
      "%ID": 10,
      "%TYPE": "webanno.custom.PHI",
      "kind": "LOCATION_HOSPITAL",
      "begin": 61,
      "end": 90,
      "@sofa": 1
    },
    {
      "%ID": 11,
      "%TYPE": "webanno.custom.PHI",
      "kind": "LOCATION_ZIP",
      "begin": 91,
      "end": 96,
      "@sofa": 1
    },
    {
      "%ID": 12,
      "%TYPE": "webanno.custom.PHI",
      "kind": "LOCATION_CITY",
      "begin": 97,
      "end": 103,
      "@sofa": 1
    },
    {
      "%ID": 13,
      "%TYPE": "webanno.custom.PHI",
      "kind": "LOCATION_STREET",
      "begin": 139,
      "end": 153,
      "@sofa": 1
    },
    {
      "%ID": 14,
      "%TYPE": "webanno.custom.PHI",
      "kind": "LOCATION_ZIP",
      "begin": 156,
      "end": 161,
      "@sofa": 1
    },
    {
      "%ID": 15,
      "%TYPE": "webanno.custom.PHI",
      "kind": "LOCATION_CITY",
      "begin": 162,
      "end": 171,
      "@sofa": 1
    },
    {
      "%ID": 16,
      "%TYPE": "webanno.custom.PHI",
      "kind": "LOCATION_STREET",
      "begin": 320,
      "end": 333,
      "@sofa": 1
    },
    {
      "%ID": 17,
      "%TYPE": "webanno.custom.PHI",
      "kind": "LOCATION_ZIP",
      "begin": 335,
      "end": 340,
      "@sofa": 1
    },
    {
      "%ID": 18,
      "%TYPE": "webanno.custom.PHI",
      "kind": "LOCATION_CITY",
      "begin": 341,
      "end": 350,
      "@sofa": 1
    },
    {
      "%ID": 19,
      "%TYPE": "webanno.custom.PHI",
      "kind": "NAME_DOCTOR",
      "begin": 122,
      "end": 138,
      "@sofa": 1
    },
    {
      "%ID": 20,
      "%TYPE": "webanno.custom.PHI",
      "kind": "NAME_PATIENT",
      "begin": 181,
      "end": 187,
      "@sofa": 1
    },
    {
      "%ID": 21,
      "%TYPE": "webanno.custom.PHI",
      "kind": "NAME_PATIENT",
      "begin": 224,
      "end": 235,
      "@sofa": 1
    },
    {
      "%ID": 22,
      "%TYPE": "webanno.custom.PHI",
      "kind": "NAME_PATIENT",
      "begin": 294,
      "end": 305,
      "@sofa": 1
    },
    {
      "%ID": 23,
      "%TYPE": "webanno.custom.PHI",
      "kind": "NAME_DOCTOR",
      "begin": 2917,
      "end": 2928,
      "@sofa": 1
    },
    {
      "%ID": 24,
      "%TYPE": "webanno.custom.PHI",
      "kind": "NAME_DOCTOR",
      "begin": 2935,
      "end": 2946,
      "@sofa": 1
    },
    {
      "%ID": 25,
      "%TYPE": "webanno.custom.PHI",
      "kind": "NAME_DOCTOR",
      "begin": 2947,
      "end": 2955,
      "@sofa": 1
    },
    {
      "%ID": 26,
      "%TYPE": "webanno.custom.PHI",
      "kind": "NAME_TITLE",
      "begin": 113,
      "end": 121,
      "@sofa": 1
    },
    {
      "%ID": 27,
      "%TYPE": "webanno.custom.PHI",
      "kind": "NAME_TITLE",
      "begin": 2907,
      "end": 2916,
      "@sofa": 1
    },
    {
      "%ID": 28,
      "%TYPE": "webanno.custom.PHI",
      "kind": "NAME_TITLE",
      "begin": 2929,
      "end": 2934,
      "@sofa": 1
    }
  ],
  "%VIEWS": {
    "_InitialView": {
      "%SOFA": 1,
      "%MEMBERS": [
        2,
        3,
        4,
        5,
        6,
        7,
        8,
        9,
        10,
        11,
        12,
        13,
        14,
        15,
        16,
        17,
        18,
        19,
        20,
        21,
        22,
        23,
        24,
        25,
        26,
        27,
        28
      ]
    }
  }
}