{
  "%TYPES": {
    "de.tudarmstadt.ukp.dkpro.core.api.segmentation.type.Sentence": {
      "%NAME": "de.tudarmstadt.ukp.dkpro.core.api.segmentation.type.Sentence",
      "%SUPER_TYPE": "uima.tcas.Annotation"
    },
    "webanno.custom.PHI": {
      "%NAME": "webanno.custom.PHI",
      "%SUPER_TYPE": "uima.tcas.Annotation",
      "kind": {
        "%NAME": "kind",
        "%RANGE": "uima.cas.String"
      }
    }
  },
  "%FEATURE_STRUCTURES": [
    {
      "%ID": 1,
      "%TYPE": "uima.cas.Sofa",
      "sofaNum": 1,
      "sofaID": "_InitialView",
      "mimeType": "text",
      "sofaString": "Landeskrankenhaus Neustadt, Abt. für Dermatologie \n\nAmbulanz vom 24.11.2029  \nPatientin: Clausthal, Marie geb. am 1.10.1975 \n\nSehr geehrte Frau Kollegin Weigel,\nwir berichten über oben genannte Patientin, die sich zuletzt am 13.12.2029 in unserer Tumorsprechstunde vorstellte.\nDiagnosen:\n1. Zustand nach sekundär knotigem malignen Melanom, Clark-Level V, maximaler vertikaler Tumordurchmesser 1,7 mm, rechter Oberschenkel, 1/26 (ACC-Stadium lBpf2 N2c M0)\nZ.n. In-transit-Metastase am Oberschenkel rechts 11/28\nZ.n. Exzision zweier In-transit-Metastase rechts inguinal, 4/29\nZ.n. kutaner Melanommetastase rechter Oberschenkel, 9/29\nBekannte Leberzyste\nZustand nach adjuvanter niedrig dosierte lnterferon a2b-Therapie (Intron A°) 3 Mio. Es.C.Woche, 6/29-11/29\nJetzt. Unauffällige Tumornachsorgetuntersuchung\nVerläuf:\nFrau Clausthal präsentierte sich in einem guten Allgemein- und Ernährungszustand und gab Beschwerdefreiheit an. Seit dem Absetzen der Interferon-Therapie am 21.11.2029 gehe es ihr auch vom Allgemeinzustand deutlich besser, das chronische Erschöpfungssyndrom scheint damit beendet zu sein.\nBei der körperlichen Untersuchung und Lymphknotenpalpation zeigte sich kein pathologischer Befund. Auch atypische Naevuszellnaevi waren nicht nachweisbar.\nDie am selben Tag durchgeführte Weichteil- und lymphknotensonographie der Intransitstrecke und rechts inguinal zeigte keinen Hinweis für Haut- oder Lymphknotenmetastasen des Malignen Melanoms.\nLaborparameter\nDie Bestimmung der Routinelaborparameter zeigte einen leicht erniedrigten Leukocytenwert von 3,83/n und Erythrozytenwert von 4,02/pi bei unauffälligem Hämoglobinwert.\nAlle anderen Biutbild- und Differentialblutbildparameter waren unauffällig. Der Creatininwert lag 1,05 mg/d leicht oberhalb der Norm bei einer glomerulären Filtrationsrate von 58 ml/min. Der Cholesterinwert war mit 262 mg/dl ebenfalls erhöht. Alle weiteren Routinelaborparameter waren normwertig. Der relativ sensitive und spezifische Melanom-Tumormarker S100 (ECLA-Roche-Test) lag mit 0,05ug ebenfalls im Bereich der Norm.\nBemerkungen:\nDie nächste Wiedervorstellung in unserer Tumorsprechstunde ist erst für den 21.03.2030 um 9.30 Uhr besprochen, da Frau Clausthal eine sechswöchige Kreuzfahrt plant. \n\nFür heute verbleiben wir mit freundlichen Grüßen \n\n"
    },
    {
      "%ID": 2,
      "%TYPE": "webanno.custom.PHI",
      "kind": "DATE",
      "begin": 65,
      "end": 75,
      "@sofa": 1
    },
    {
      "%ID": 3,
      "%TYPE": "webanno.custom.PHI",
      "kind": "DATE",
      "begin": 114,
      "end": 123,
      "@sofa": 1
    },
    {
      "%ID": 4,
      "%TYPE": "webanno.custom.PHI",
      "kind": "DATE",
      "begin": 225,
      "end": 235,
      "@sofa": 1
    },
    {
      "%ID": 5,
      "%TYPE": "webanno.custom.PHI",
      "kind": "DATE",
      "begin": 423,
      "end": 427,
      "@sofa": 1
    },
    {
      "%ID": 6,
      "%TYPE": "webanno.custom.PHI",
      "kind": "DATE",
      "begin": 504,
      "end": 509,
      "@sofa": 1
    },
    {
      "%ID": 7,
      "%TYPE": "webanno.custom.PHI",
      "kind": "DATE",
      "begin": 569,
      "end": 573,
      "@sofa": 1
    },
    {
      "%ID": 8,
      "%TYPE": "webanno.custom.PHI",
      "kind": "DATE",
      "begin": 626,
      "end": 630,
      "@sofa": 1
    },
    {
      "%ID": 9,
      "%TYPE": "webanno.custom.PHI",
      "kind": "DATE",
      "begin": 747,
      "end": 751,
      "@sofa": 1
    },
    {
      "%ID": 10,
      "%TYPE": "webanno.custom.PHI",
      "kind": "DATE",
      "begin": 752,
      "end": 757,
      "@sofa": 1
    },
    {
      "%ID": 11,
      "%TYPE": "webanno.custom.PHI",
      "kind": "DATE",
      "begin": 972,
      "end": 982,
      "@sofa": 1
    },
    {
      "%ID": 12,
      "%TYPE": "webanno.custom.PHI",
      "kind": "DATE",
      "begin": 2147,
      "end": 2157,
      "@sofa": 1
    },
    {
      "%ID": 13,
      "%TYPE": "webanno.custom.PHI",
      "kind": "LOCATION_HOSPITAL",
      "begin": 0,
      "end": 26,
      "@sofa": 1
    },
    {
      "%ID": 14,
      "%TYPE": "webanno.custom.PHI",
      "kind": "LOCATION_CITY",
      "begin": 2190,
      "end": 2199,
      "@sofa": 1
    },
    {
      "%ID": 15,
      "%TYPE": "webanno.custom.PHI",
      "kind": "NAME_PATIENT",
      "begin": 89,
      "end": 105,
      "@sofa": 1
    },
    {
      "%ID": 16,
      "%TYPE": "webanno.custom.PHI",
      "kind": "NAME_PATIENT",
      "begin": 153,
      "end": 159,
      "@sofa": 1
    },
    {
      "%ID": 17,
      "%TYPE": "webanno.custom.PHI",
      "kind": "NAME_PATIENT",
      "begin": 820,
      "end": 829,
      "@sofa": 1
    }
  ],
  "%VIEWS": {
    "_InitialView": {
      "%SOFA": 1,
      "%MEMBERS": [
        2,
        3,
        4,
        5,
        6,
        7,
        8,
        9,
        10,
        11,
        12,
        13,
        14,
        15,
        16,
        17
      ]
    }
  }
}