{
  "%TYPES": {
    "de.tudarmstadt.ukp.dkpro.core.api.segmentation.type.Sentence": {
      "%NAME": "de.tudarmstadt.ukp.dkpro.core.api.segmentation.type.Sentence",
      "%SUPER_TYPE": "uima.tcas.Annotation"
    },
    "webanno.custom.PHI": {
      "%NAME": "webanno.custom.PHI",
      "%SUPER_TYPE": "uima.tcas.Annotation",
      "kind": {
        "%NAME": "kind",
        "%RANGE": "uima.cas.String"
      }
    }
  },
  "%FEATURE_STRUCTURES": [
    {
      "%ID": 1,
      "%TYPE": "uima.cas.Sofa",
      "sofaNum": 1,
      "sofaID": "_InitialView",
      "mimeType": "text",
      "sofaString": "Universitätsklinik für Innere Medizin \nKlinische Abteilung für O N K O L O G I E\n\nWerte Frau Kollegin, werter Herr Kollege, \n\nwir berichten hier über unsere gemeinsame Patientin, Frau Beatrice DE BEAUHARNAIS, Fallnummer: 23346011, geboren am: 24.04.1987, die sich vom 20.12.2033 bis zum 28.12.2033 in unserer stationären Behandlung befand. \n\nDIAGNOSEN\n\nRektumkarzinom, (03/33), lokal weit fortgeschritten, C20\nTumoranämie, (02/33), D63.0\nSt.p. Port-a-cath Implantation Januar 2033\nTransfusionspflichtige Anämie\n\nDEKURS DER TUMORERKRANKUNG\nOperation(en) und Histologie(n):\ndiagnostische PE (22.6.2033)\nHisto: Adeno-CA\nStad.: p N+MX G2\nendständige Sigmoideostomie (1.09.2033)\n\nMed.TU Therapie(n):\npall. PCT m. Folfox ab (4/33); 1. Zyklus 75%\n\n\nDie stationäre Aufnahme von Frau de Beauharnais erfolgte zur Einleitung der Polychemotherapie nach dem Folfox-Regime.\nSie berichtet über starke Schmerzen beim Sitzen.\n \nStatus praesens\n55-j. Patientin in mittelgr. reduziertem AZ und deutlich red. EZ. neurologisch bis auf einen leichten seitengl. Tremor unauffällig, allseits orientiert, kardiorespiratorisch stabil. \nCaput/Collum: kein Meningismus, HNAP frei, Pupillen rund, mitteleng, isokor, LR direkt und indirekt prompt, Zunge feucht, gerade, Schleimhäute blaß. Cor: HT rein, rhythmisch, normokard. Pulmo: Vesikuläratmen bds., keine Rasselgeräusche. Abdomen: Ileostoma, Bauchdecke weich kein DS, keine Abwehrspannung, DG rege, Nierenlager bds. frei.\nAnalregion: Fistelung ca. 12x12cm große Rötung perianal. Extremitäten, Gelenke: aktiv und passiv frei beweglich, periphere Pulse gut tastbar, minimale Beinödeme bds.\n\n\nDurchgeführte Untersuchungen\nLabor bei Aufnahme\nLeuko 11.68, Hb 7.8, Thrombo 370000 Niere unauffällig, CRP 34.5, Eiweiß 5.8,\nTumormarker: CEA: 24.0, CA19-9: 2.7\nHb bei Entlassung 10,2\n\nRö-Thorax: Leicht re. verbreitertes Herz, sonst oB \n\nTherapie und Verlauf\nDie stat. Aufnahme von Frau de Beauharnais erfolgte zur Einleitung einer palliativen Polychemotherapie nach Folfox-Schema (1. Zyklus) bei lokal weit fortgeschrittenem Rektumkarzinom. Die Patientin erhielt 75%-der Gesamtdosis. Insgesamt erhielt sie Oxaliplatin 97mg über 2 Std, sowie 456mg Calciumfolinat über 2 Std, 400mg 5FU als Bolus und 1736mg 5FU über 58 Stunden. Die Dosisreduktion beruhte in erster Linie auf der lokal weit fortgeschrittene Tumorsituation mit rektovag. Fistelbildung unter laufender antibiotischer Therapie. Bei guter Verträglichkeit ist die Fortführung der Therapie zum 2. Zyklus in normaler Dosierung geplant. Unter ausreichend antiemetischen Begleitmaßnahmen wurde die Therapie gut vertragen, so dass die Patientin in gutem AZ nach Hause entlassen werden kann.\nEs wurden insgesamt 2 Blutkonserven transfundiert.\n\nEmpfohlene Therapie\nFurosemid 40mg ½-0-0\nPantoloc 40mg 1-0-0\nFerretab 1-0-0\nReparil Drg. 1/1/2\nCiprobay 500mg 1-0-1 als Dauertherapie\nMexalen 500mg 1-0-1\nLovenox 40mg 2 x tgl.s.c. abends\nbei Übelkeit: Metoclopramid Tr. 20gtt bis 3 x tgl.\n\nProcedere\nAm 22.1.2034 um 8 Uhr 15 stationäre Wiederaufnahme an der Onkologie zur Fortführung der Therapie mit Folfox, 2. Zyklus.  \n "
    },
    {
      "%ID": 2,
      "%TYPE": "webanno.custom.PHI",
      "kind": "AGE",
      "begin": 927,
      "end": 929,
      "@sofa": 1
    },
    {
      "%ID": 3,
      "%TYPE": "webanno.custom.PHI",
      "kind": "DATE",
      "begin": 243,
      "end": 253,
      "@sofa": 1
    },
    {
      "%ID": 4,
      "%TYPE": "webanno.custom.PHI",
      "kind": "DATE",
      "begin": 268,
      "end": 278,
      "@sofa": 1
    },
    {
      "%ID": 5,
      "%TYPE": "webanno.custom.PHI",
      "kind": "DATE",
      "begin": 287,
      "end": 297,
      "@sofa": 1
    },
    {
      "%ID": 6,
      "%TYPE": "webanno.custom.PHI",
      "kind": "DATE",
      "begin": 370,
      "end": 375,
      "@sofa": 1
    },
    {
      "%ID": 7,
      "%TYPE": "webanno.custom.PHI",
      "kind": "DATE",
      "begin": 424,
      "end": 429,
      "@sofa": 1
    },
    {
      "%ID": 8,
      "%TYPE": "webanno.custom.PHI",
      "kind": "DATE",
      "begin": 469,
      "end": 480,
      "@sofa": 1
    },
    {
      "%ID": 9,
      "%TYPE": "webanno.custom.PHI",
      "kind": "DATE",
      "begin": 590,
      "end": 599,
      "@sofa": 1
    },
    {
      "%ID": 10,
      "%TYPE": "webanno.custom.PHI",
      "kind": "DATE",
      "begin": 663,
      "end": 672,
      "@sofa": 1
    },
    {
      "%ID": 11,
      "%TYPE": "webanno.custom.PHI",
      "kind": "DATE",
      "begin": 719,
      "end": 723,
      "@sofa": 1
    },
    {
      "%ID": 12,
      "%TYPE": "webanno.custom.PHI",
      "kind": "DATE",
      "begin": 2965,
      "end": 2974,
      "@sofa": 1
    },
    {
      "%ID": 13,
      "%TYPE": "webanno.custom.PHI",
      "kind": "ID",
      "begin": 221,
      "end": 229,
      "@sofa": 1
    },
    {
      "%ID": 14,
      "%TYPE": "webanno.custom.PHI",
      "kind": "LOCATION_HOSPITAL",
      "begin": 63,
      "end": 72,
      "@sofa": 1
    },
    {
      "%ID": 15,
      "%TYPE": "webanno.custom.PHI",
      "kind": "NAME_PATIENT",
      "begin": 184,
      "end": 219,
      "@sofa": 1
    },
    {
      "%ID": 16,
      "%TYPE": "webanno.custom.PHI",
      "kind": "NAME_PATIENT",
      "begin": 775,
      "end": 789,
      "@sofa": 1
    },
    {
      "%ID": 17,
      "%TYPE": "webanno.custom.PHI",
      "kind": "NAME_PATIENT",
      "begin": 1902,
      "end": 1916,
      "@sofa": 1
    }
  ],
  "%VIEWS": {
    "_InitialView": {
      "%SOFA": 1,
      "%MEMBERS": [
        2,
        3,
        4,
        5,
        6,
        7,
        8,
        9,
        10,
        11,
        12,
        13,
        14,
        15,
        16,
        17
      ]
    }
  }
}