{
  "%TYPES": {
    "de.tudarmstadt.ukp.dkpro.core.api.segmentation.type.Sentence": {
      "%NAME": "de.tudarmstadt.ukp.dkpro.core.api.segmentation.type.Sentence",
      "%SUPER_TYPE": "uima.tcas.Annotation"
    },
    "webanno.custom.PHI": {
      "%NAME": "webanno.custom.PHI",
      "%SUPER_TYPE": "uima.tcas.Annotation",
      "kind": {
        "%NAME": "kind",
        "%RANGE": "uima.cas.String"
      }
    }
  },
  "%FEATURE_STRUCTURES": [
    {
      "%ID": 1,
      "%TYPE": "uima.cas.Sofa",
      "sofaNum": 1,
      "sofaID": "_InitialView",
      "mimeType": "text",
      "sofaString": "Krankenanstaltenverbund Ostfriesland\nLehrkrankenhaus der Medizinischen Universität Buxtehude\n\nAbteilung für Innere Medizin\n\nVostand: PD Dr. Kurt Kapfner\nAllgemeine Ambulanz: Mo.-Fr.: 7:30 Uhr bis 10:00 Uhr\n\nSehr geehrte Frau Kollegin, sehr geehrter Herr Kollege, \n\nWir berichten hier über unsere gemeinsame Patientin Katharina Korsakoff, * 13.5.1981, die sich vom 2.3. bis zum 15.3.2043 in stationärer Behandlung befand.\n\n\n\nDiagnosen \nE. coli-Sepsis\nZ.n. Ileus bei Verwachsungsbauch 04/2043\nZ.n. Rectumcarcinom 2040 (tiefe vordere Rectumamputation 2040 mit postoperativem paralytischen Ileus)\nZ.n. Rückoperation Stoma 2041\nabdom. Schmerzen bei akuter Gastroenteritis\nSystemisches inflammatorisches Response-Syndrom [SIRS] infektiöser Genes ohne Organkomplikationen\nrezid. Erbrechen\nAkute Harnwegsinfektion\nZ.n. HTEP bds.\nArterielle Hypertonie\nZ.n. Mamma-Ca 2037\nMerkfähigkeitsstörung seit der Ileus-OP\nNINS Stadium III\n\nAnamnese:\nDie Patientin leidet seit einigen Tagen an Unterbauchschmerzen, seit zwei Tagen grünliches Erbrechen. Bei der Aufnahme 39,1 Grad Celsius Fieber mit Schüttelfrost, müde.\n \nVegetative Anamnese: \nAppetit normal; Alk.: 1-2 Glas Weinschorle/tgl.; Miktion: keine Dysurie, 2 x Nykturie. Stuhl: laut Pat. zuletzt vor 14 Tagen, breiige Diarrhoe. \nSchlaf: Durchschlafstörung. Stimmung: dysthym. \nLetzte urologische Untersuchung: vor einem halben Jahr.\n\nRelevante Vorerkrankungen: arterielle Hypertonie, Briden-Ileus-OP 2044 mit postoperativem Delir, Z.n. Rectum-CA 2040 mit Radio-Chemotherapie, Zustand nach Rück-OP Stoma 2041,\nZustand nach Mamma-CA 2037, Z.n. Hüft-TEP bds. 2037 und 2035, NINS, postoperatives akutes Nierenversagen  \n\nAllergie: fragl. auf Novalgin.\n\nStatus bei Aufnahme:\nAllgemeinzustand vermindert, Ernährungszustand normal. Herz: rhythmisch, tachycard, rein, keine Herzgeräusche. Pulmo: VA, soweit beurteilbar. Abdomen: weich, kein Druckschmerz, keine Resistenzen tastbar, blande Narbe im Unterbauch, Zunge gerade, feucht, Rachen nicht einsehbar. Schilddrüse und cervikale Lymphknoten palp. unauffällig. Fußpulse bds. gut tastbar. Extremitäten: aktiv und passiv frei beweglich, keine Beinödeme, keine Varicosis. Haut: febril, acyanotisch, anikterisch. \nNeuro: grobneurologisch unauffällig, HNAP frei, kein Hinweis für Meningismus, kein Hinweis für sensomotorische Defizite, zeitlich und örtlich orientiert, GCS 15. Lasegue und Babinski bds. neg. Pupillen rund, mittelweit, isokor, Lichtreaktion bds. prompt, keine Paresen.  \n \n\nStationär erhobene Befunde:\n\nAbdomensonographie:  \nMilz normal dimensioniert, o. B., Leber: deutliche Fettleber mit homogen echodichterer Leberstruktur, keine Anzeichen für Lebervenenstauung, Gallenblase zartwandig, septiert mit zahlreichen Mikrolithen, Ductus choledochus unauff., Pankreas: Caput und Corpus einsehbar, o. B., Aorta bei Meteorismus nicht beurteilbar, träge Darmperistaltik über allen Quadranten, keine freie Flüssigkeit, keine freie Luft im Abdomen, li. Niere 10,9 cm im Durchmesser, re. Niere 10,3. Kein Hinweis auf  Nierenbeckenstauung. \n\nThorax a.p. im Liegen\nIm Vergleich zur Voruntersuchung Regredienz der Ergüsse bds. mit einem Randwinkelerguss links. Bei mangelnder Inspirationstiefe das Herz quergelagert, dieses linksventrikulär über die Norm verbreitert mit Zeichen der pulmonalvenösen Druckerhöhung. Ektasie der Aorta am Aortenbogen mit Pelottierung der Trachea nach rechts. Die Hili und das obere Mediastinum in erster Linie vaskulär etwas verbreitert. Keine umschriebenen alveolären Infiltrate.\n\nAbdomenübersichtsaufnahme in Seitenlage: \nEinzelne gasdistendierte Dünndarmschlingen im Mittelbauch mit Luftflüssigkeitsspiegeln. Übersichtsradiologisch kein Hinweis auf freie intraperitoneale Luft.\n\nAbdomenübersicht im Stehen:\nIm Vergleich zur Voruntersuchung vom tendenziell etwas zunehmende Spiegelbildungen im Mittelbauch bei mäßig gasdistendierten Darmschlingen. Übersichtsradiologisch kein Hinweis auf freie intraperitoneale Luft.\n\nPleurasonographie:\nkein Erguss bds.\n\nMDCT des Abdomens und Beckens mit KM: \nBewegungs- bzw. Atmungsartefarkte. TEP in beiden Hüftgelenken mit Metallartefarkten im kleinen Becken. Soweit artefarktbedingt beurteilbar, kein Nachweis von freier intraabdomineller Luft oder Flüssigkeit. Keine typischen Ileuszeichen.\nDie Gefäßsituation ohne i.v. KM (NINS) nicht ausreichend beurteilbar. \n\n\nTherapie und Verlauf:\nDie Patientin wird aus o. g. Gründen stat. aufgenommen. Sie erhält eine parenterale Flüssigkeitssubstitution sowie eine Schmerztherapie. Aufgrund der hohen Entzündungszeichen und der immer wiederkehrenden Fieberschübe wird sie am 7.3.2043 auf die Intensivstation verlegt und es wird mit einer i.v.-Antibiose mit Tavanic begonnen. Der Verdacht auf einen erneuten Briden-Ileus kann mittels CT ausgeschlossen werden. Es werden Blutkulturen abgenommen, dabei stellt sich eine E. coli-Sepsis heraus.\nEs wird eine Leukozytenszintigraphie durchgeführt, mit dem Ergebnis einer tiefen Protheseninfektion beider Hüft-TEP. Dieser Befund kann jedoch klinisch (keine Beschwerden) sowie mit den Chirurgen ausgeschlossen werden.\n\nAuf der Intensivstation erhält die Patientin weiterhin eine antibiotische Therapie mit Tavanic und Anaerobex.\n\nAm 10. 03. 2043 kann Frau Korsakoff wieder auf die Normalstation verlegt werden. Sie wird mit Smofkabiven zentral zusätzlich ernährt. Während des stat. Aufenthaltes wird die Physiotherapie des Hauses zur Mobilisierung der Patientin hinzugezogen.\n\nFrau Korsakoff erholt sich von Tag zu Tag immer mehr, die Entzündungswerte gehen zurück, sie fiebert nicht mehr und kann am 15. 03. 2043 in gutem Allgemeinzustand und beschwerdefrei nach Hause entlassen werden.\n\nTherapie Empfehlung:  \nPantolok 40 MG 2x1    \nYomogi 30 gtt\nOleovit D3 Tr. 1/2-0-0\nConcor 5 MG 1-0-0\n\nAssistenzarzt Dr. med. K. Kummer OA PD Dr. med M. Kienböck\n\n "
    },
    {
      "%ID": 2,
      "%TYPE": "webanno.custom.PHI",
      "kind": "DATE",
      "begin": 340,
      "end": 349,
      "@sofa": 1
    },
    {
      "%ID": 3,
      "%TYPE": "webanno.custom.PHI",
      "kind": "DATE",
      "begin": 364,
      "end": 368,
      "@sofa": 1
    },
    {
      "%ID": 4,
      "%TYPE": "webanno.custom.PHI",
      "kind": "DATE",
      "begin": 377,
      "end": 386,
      "@sofa": 1
    },
    {
      "%ID": 5,
      "%TYPE": "webanno.custom.PHI",
      "kind": "DATE",
      "begin": 483,
      "end": 490,
      "@sofa": 1
    },
    {
      "%ID": 6,
      "%TYPE": "webanno.custom.PHI",
      "kind": "DATE",
      "begin": 511,
      "end": 515,
      "@sofa": 1
    },
    {
      "%ID": 7,
      "%TYPE": "webanno.custom.PHI",
      "kind": "DATE",
      "begin": 548,
      "end": 552,
      "@sofa": 1
    },
    {
      "%ID": 8,
      "%TYPE": "webanno.custom.PHI",
      "kind": "DATE",
      "begin": 618,
      "end": 622,
      "@sofa": 1
    },
    {
      "%ID": 9,
      "%TYPE": "webanno.custom.PHI",
      "kind": "DATE",
      "begin": 857,
      "end": 861,
      "@sofa": 1
    },
    {
      "%ID": 10,
      "%TYPE": "webanno.custom.PHI",
      "kind": "DATE",
      "begin": 1439,
      "end": 1443,
      "@sofa": 1
    },
    {
      "%ID": 11,
      "%TYPE": "webanno.custom.PHI",
      "kind": "DATE",
      "begin": 1485,
      "end": 1489,
      "@sofa": 1
    },
    {
      "%ID": 12,
      "%TYPE": "webanno.custom.PHI",
      "kind": "DATE",
      "begin": 1542,
      "end": 1546,
      "@sofa": 1
    },
    {
      "%ID": 13,
      "%TYPE": "webanno.custom.PHI",
      "kind": "DATE",
      "begin": 1570,
      "end": 1574,
      "@sofa": 1
    },
    {
      "%ID": 14,
      "%TYPE": "webanno.custom.PHI",
      "kind": "DATE",
      "begin": 1595,
      "end": 1599,
      "@sofa": 1
    },
    {
      "%ID": 15,
      "%TYPE": "webanno.custom.PHI",
      "kind": "DATE",
      "begin": 1604,
      "end": 1608,
      "@sofa": 1
    },
    {
      "%ID": 16,
      "%TYPE": "webanno.custom.PHI",
      "kind": "DATE",
      "begin": 4569,
      "end": 4577,
      "@sofa": 1
    },
    {
      "%ID": 17,
      "%TYPE": "webanno.custom.PHI",
      "kind": "DATE",
      "begin": 5168,
      "end": 5180,
      "@sofa": 1
    },
    {
      "%ID": 18,
      "%TYPE": "webanno.custom.PHI",
      "kind": "DATE",
      "begin": 5536,
      "end": 5548,
      "@sofa": 1
    },
    {
      "%ID": 19,
      "%TYPE": "webanno.custom.PHI",
      "kind": "LOCATION_HOSPITAL",
      "begin": 0,
      "end": 36,
      "@sofa": 1
    },
    {
      "%ID": 20,
      "%TYPE": "webanno.custom.PHI",
      "kind": "LOCATION_CITY",
      "begin": 83,
      "end": 92,
      "@sofa": 1
    },
    {
      "%ID": 21,
      "%TYPE": "webanno.custom.PHI",
      "kind": "NAME_DOCTOR",
      "begin": 140,
      "end": 152,
      "@sofa": 1
    },
    {
      "%ID": 22,
      "%TYPE": "webanno.custom.PHI",
      "kind": "NAME_PATIENT",
      "begin": 317,
      "end": 336,
      "@sofa": 1
    },
    {
      "%ID": 23,
      "%TYPE": "webanno.custom.PHI",
      "kind": "NAME_PATIENT",
      "begin": 5191,
      "end": 5200,
      "@sofa": 1
    },
    {
      "%ID": 24,
      "%TYPE": "webanno.custom.PHI",
      "kind": "NAME_PATIENT",
      "begin": 5417,
      "end": 5426,
      "@sofa": 1
    },
    {
      "%ID": 25,
      "%TYPE": "webanno.custom.PHI",
      "kind": "NAME_DOCTOR",
      "begin": 5749,
      "end": 5758,
      "@sofa": 1
    },
    {
      "%ID": 26,
      "%TYPE": "webanno.custom.PHI",
      "kind": "NAME_DOCTOR",
      "begin": 5773,
      "end": 5784,
      "@sofa": 1
    },
    {
      "%ID": 27,
      "%TYPE": "webanno.custom.PHI",
      "kind": "NAME_TITLE",
      "begin": 133,
      "end": 139,
      "@sofa": 1
    },
    {
      "%ID": 28,
      "%TYPE": "webanno.custom.PHI",
      "kind": "NAME_TITLE",
      "begin": 5740,
      "end": 5748,
      "@sofa": 1
    },
    {
      "%ID": 29,
      "%TYPE": "webanno.custom.PHI",
      "kind": "NAME_TITLE",
      "begin": 5759,
      "end": 5772,
      "@sofa": 1
    }
  ],
  "%VIEWS": {
    "_InitialView": {
      "%SOFA": 1,
      "%MEMBERS": [
        2,
        3,
        4,
        5,
        6,
        7,
        8,
        9,
        10,
        11,
        12,
        13,
        14,
        15,
        16,
        17,
        18,
        19,
        20,
        21,
        22,
        23,
        24,
        25,
        26,
        27,
        28,
        29
      ]
    }
  }
}