{
  "%TYPES": {
    "de.tudarmstadt.ukp.dkpro.core.api.segmentation.type.Sentence": {
      "%NAME": "de.tudarmstadt.ukp.dkpro.core.api.segmentation.type.Sentence",
      "%SUPER_TYPE": "uima.tcas.Annotation"
    },
    "webanno.custom.PHI": {
      "%NAME": "webanno.custom.PHI",
      "%SUPER_TYPE": "uima.tcas.Annotation",
      "kind": {
        "%NAME": "kind",
        "%RANGE": "uima.cas.String"
      }
    }
  },
  "%FEATURE_STRUCTURES": [
    {
      "%ID": 1,
      "%TYPE": "uima.cas.Sofa",
      "sofaNum": 1,
      "sofaID": "_InitialView",
      "mimeType": "text",
      "sofaString": "Landesnervenklinik der Medizinischen Hochschule Bad Blumenthal\n\nAbteilung für Neurologie\n\n \nArztbrief\n\nWir berichten über unsere gemeinsame Patientin \nHuberta Hotzenplotz, geb. am 3.6.1942 \nStationär von 12.3.2023 bis 28.3.2023\n\nDiagnosen\nMediainfarkt linkshirnig progressiv Stroke mit HSS rechts\nHyperlipidämie\nParkinson-Syndrom\nAdenokarzinom des Rektums 01/22\nReaktive Depression\nHämatochezie\nAktivierte Gonarthrose re.  \nWS-Veränderungen im lumbosacralen Übergang\nUterus myomatosus mit Impression der Harnblase.\n\n\nLeistungen\n\nMagnetresonanztomographie Schädel\nMRT Oberbauch mit KM mit Kontrastmittel i.v. appliziert\nMagnetresonanztomographie - Kopf und Hals\nMagnetresonanztomographie - Abdomen und Becken\n\nAnamnese\nSoweit erhebbar am Aufnahmetag zwischen 07:00 u. 08:00 Uhr aufgetretene Schwäche im rechten Arm. Eine Fremdanamnese dazu ist nicht erhebbar.\nDie Zuweisung des Pat. erfolgte durch den Hausarzt.\n\nVorerkrankungen: N. recti (T3, N1) mit Infiltration d. perirektalen Fettgewebes (MRT d. Beckens 04/2022),\nM. Parkinson.\n\nStatus neurologicus\nZum Vorstellungszeitpunkt: Kopf aktiv/passiv frei, kein Meningismus. \nHirnnerven: Pupillen isocor, LR prompt, stgl., Bulbusmotilität unbeeinträchtigt, Gesichtsfeld fingerperimetrisch unbeeinträchtigt,\nBerührungsempfinden im Gesichtsbereich stgl. regelrecht angegeben, Mundwinkel symmetrisch, Zunge gerade, Uvula median. \nExtrem.: Pronation u. Absinken re. OE;\nFaustschluss re. KG 3/5 - proximal KG 3/5, MER im Bereich der OE rechtsbetont lebhaft, PSR und ASR bds. fehlend, Babinski re. positiv, Rigor u. Tremor li.\nSensibilität: Als stgl. angegeben.\nKoordination: KHV bds. zielsicher.\nGeringe Dysarthrie, kein Hinweis auf aphasische Störung.\n\n\nStatus somaticus\n80 jährige Patientin in kaum beeinträchtigtem AZ, gutem EZ.\nCor: Herzaktion rhythmisch, normocard, Herztöne rein.\nPulmo: VA bds.\nAbdomen: Weich, kein Druckschmerz, keine pathologischen Resistenzen tastbar.\n\nStatus psychicus\nPat. wach, klar, orientierte Stimmungslage, situationsadäquat.\n\nBefundzusammenfassung\nLabor: In Kopie beiliegend.\n\n13/3/2023, CT des Gehirnschädels nativ:\nMittelgr. vasc. Leukencephalopathie, kleinste Lakunen in den Stammganglien \nKeine Blutung, keine sicheren Zeichen einer RF oder eines rezenten Territorialinsultes, regelrechte\nMittellinienstrukturen.\n\n\n13/3/2023, EKG:\nSR, 66/min, Linkstyp. Endstrecken o.B., ventrikuläre\nExtrasystolen, Kontrolle empfohlen.\n\n13/3/2023, Sonographie der extrakraniellen Gefäße:\nBis auf minimale Wandverdickungen um den Bulbus, unauff. Befund, inkl. V2 ******2023.\n\n14/3/2023, Herzultraschall:\nEF o.B., asynchrone Wandbewegungen, geringe Linksventrikelhypertrophie, diastolische Relaxationsstörung,\nKlappensklerose, keine signifikanten Vitien, keine Thromben.\n\n14/3/2023, CT des Gehirnschädels nativ, Kontrolle:\nIm Vergleich zur gestrigen VU keine wesentliche Befundänderung,\nkeine Blutung, auch keine sichere rezente Insultdemarkation.\nAnsonsten siehe Vorbefund.\n\n14/3/2023, CT desBeckens  \nDer rectosigmoidale Übergang auf einer Wegstrecke von gut 8 cm längerstreckig konzentrisch\nwandverdickt mit Lumenseinengung, streifige Affektion des angrenzenden Fettgewebes, deutlich progredient im\nVergleich zur Voruntersuchung, verdächtig auf organüberschreitendes neoplastisches\nGeschehen. Die Fettgrenzlamelle gegenüber des Uterus noch abgrenzbar. Mehrere bis 1 cm im Durchmesser\nhaltende pathologisch vergrößerte Lymphknoten im kleinen Becken. Polypöse gut 1,7 cm große\nneoplastische Expansion im Bereich der Kohlrauschen Falte.  \n\n14/3/2023, CCT nativ:\nIm Vergleich zur VU vom 1/2/2023 keine signifikante Befundänderung, insbesonders keine Blutung oder\nDemarkation einer rezenten vaskulären Läsion.\n\n14/3/2023, Thorax a. p. liegend:\nDiagnose: Konstitutioneller Zwerchfellhochstand, das Cor quergelagert, dieses allseits in der Größennorm.\nKeine Stauung. ZVK von rechts, die Spitze in Projektion auf die vermeintliche VCS. Kein Hinweis auf Pneu. \nMinderbelüftung rechts infrahilär. Die Rezessus lateralis frei.\n\n\n14/3/2023, EEG:\nZUSAMMENFASSUNG:\nEEG mit verlangsamter Grundaktivität (6-7/sek.) ohne Befunderweiterung unter HV oder Flackerlichstimulation.\nEEG mit insgesamt leichten Allgemeinveränderungen, kein Herdbefund, keine Zeichen einer erhöhten\ncerebralen Anfallsbereitschaft.\n\n14/3/2023, Endoskopischer Befund:\nDiagnose: Bekanntes Adenokarzinom des Rectums ab ca. 3,5 cm abanal (bis ca. 11 cm abanal):\nzirkumferenter exulcerierter, auf Berührung  blutender Tumor. \nneuerliche Biopsien wurde aufgrund der bekannten histologischen Diagnose verzichtet, die Untersuchung war\nbis ca. 90 cm abanal möglich, Sigmadivertikel.\n\n14/3/2023, CT Thorax im Bolus:\nMäßige narbige Veränderungen bds. basal. Rundherde nicht abgrenzbar.\nDas zentrale Tracheobronchialsystem frei durchgängig.\nAortensklerose. Im Übrigen regelrechte Darstellung der mediastinalen Strukturen.\n\nSteatosis hepatis. Pankreas partiel lipomatös atroph. Paranephric stranding beidseits.\nPunktförmiges Konkrement im linken NBKS, dieses regelrecht kalibriert.\n\n\n19/4/2023, Ambulante Vorstellung an der chirurgischen Ambulanz CH12:\nProcedere: Eine Rektumamputation wäre vorgesehen, die Pat. diesbezüglich damit einverstanden, sie wird\nzur Beurteilung einer OP-Tauglichkeit an unserer PDU vorgestellt, auch  auch eventuelle Voruntersuchungen zu\nplanen: ASA 3.\n\nErgänzend Durchfühung eines Thoraxröntgens, sämtliche Befunde werden in unserem Tumor-Board\nbesprochen, nach der Beurteilung und durch das Tumorboard wird bei empfohlener OP die Patientin einberufen.\n\n22/4/2023, Tumorboard:\nEmpfehlung: Operative Sanierung planen bei N. recti CT-3, N-1, M-0 u. St.n. RTX.\nDie stationäre Übernahme vom Psychiatrischen Klinik am Montag den 29/4/2023 um 08:00 - nicht nüchtern, die OP für\n2/5/2023 vorgesehen, telefonische Bekanntgabe des OP-Termines ad Psychiatrischen Klinik - Station PS3 erfolgt,\n \n\nKlinischer Verlauf\nDie Pat. wurde von der eingangs beschriebenen Beschwerdesymptomatik primär auf unserer Stroke-Unit \naufgenommen. Im initial durchgeführten Schädel-CT konnte kein rezentes ischämisches Areal nachgewiesen\nwerden. Die Pat. erhielt initial Aspisol per inf. Es folgte ein Schädel MR, nachdem sich hier im Kortex\npräzentral li. eine 2 cm große akute ischämische Läsion nachweisen ließ.\nAm Tage nach der Aufnahme kam es zu Blutbeimengungen im Stuhl bei bekannter Rectum-Npl\nu. Z.n. Radiochemotherapie. In weiterer Folge wurde die ASS-Medikation pausiert. Eine\nKolonoskopie wurde angemeldet.\n\nAm 16/3/2013 kam es zu einer Progredienz der Symptomatik mit einer Verschlechterung der Dysarthrie u. der\nParese der re. oberen Extrem.\nDie computertomographische Kontrolle brachte keine Befunderweiterung, jedoch wurde nochmals ein MR-Schädel \nmit intrakranieller Angio durchgeführt, wobei sich hier eine Größenprogredienz des im ersten CT beschriebenen \nInfarktareals zeigte.\nDies war mit der nun vorliegenden Klinik letztendlich auch in Einklang zu bringen.\n\nAm 19/4/2023 wurde die Pat. auf unserer hausinterne Neurorehabstation übernommen. Die bereits auf der\nAkutstation eingeleiteten Therapien wurden intensiviert, auch durch ergotherapeutische Therapien ergänzt.\n\nBei der geplante Koloskopie stellte sich hier das bekannte Rektumkarzinom als entsprechend vulnerabel dar, \nwodurch sich auch die stattgehabte Hämatochezie erklären ließ. Es folgte ein MR des\nOberbauch u. des Beckens am Folgetag.\nEs bestätigte sich der Tumorbefund, weiterhin bestand eine Infiltration des perirektalen Fettgewebes \nsowie ein 7 mm im Querdurchmesser messender suspekter Lymphknoten.\nIm Thorax-CT konnte Metastasen ausgeschlossen werden. Es folgte die Vorstellung in der\nchirurgischen Ambulanz sowie eine PDU. \nIm Tumorboard besprochen wurde beschlossen, die Pat. zur Rektumamputation vorzubereiten.\nDie Operation wurde für 2/5/2023 festgelegt, womit die Pat. einverstanden war.\nDurch die durchgeführten physio- u. ergotherapeutischen Behandlungen konnte die Pat.\nzuletzt frei gehen, sowie Treppen steigen mit Anhalten, teilweise auch alternierend durch Unterstützung. \nWeiterhin kam es zu einer Besserung der Arm- u. Greiffunktion re.\nÜber die genauen Entwicklungen in den Therapien verweise ich auf die beigelegten Therapieberichte.\nAm 28.3.2023 erfolgt die Entlassung der Pat. u. gleichzeitig Verlegung in die chirurgische Abteilung zur geplanten Operation.\n\nEntlassungsstatus:\nKopf aktiv/passiv frei, kein Meningismus. Hirnnerven: Pupillen isocor, Lichtraektion prompt, stgl., Bulbusmotilität\nunbeeinträchtigt, Gesichtsfeld unbeeinträchtigt, Sens. im Gesichtsbereich stgl. regelrecht\nangegeben, Mundwinkel symmetrisch (asymmetrische Nasolabialfalte re. nach Nasen-OP), Zunge gerade,\nUvula median.\nExtremitäten: AVV oB (kein Absinken oder Pronieren); Faustschluss re. KG 4/5 - proximal KG 4/5, UE: KG 4-5/5 bds.,\nMER im Bereich der OE linksbetont mittellebhaft, PSR  und ASR bds. fehlend, Babinski bds. positiv,\nSensibilität: Als stgl. angegeben.\nKoordination: KHV bds. zielsicher.\n\nBarthel-Index: bei Aufnahme: 40 Pkte, bei Entlassung 60 Punkte\n\nWeiteres Vorgehen\nNach durchgeführter Operation u. geplanter Entlassung bitte ich um eine Kontaktaufnahme unter der Nummer 012/332-4454\n(OA Dr. Klausner), um die Pat. wieder an unserer Neurorehababteilung zu übernehmen\n(Terminvereinbarung).\n\n\nTherapieempfehlung 1-0-0-0 Pause seit über 1 Monat\nPANTOLOC 20 MG 1-1-1-0 bei Obstipation\nGLADEM 50 MG bei Juckreiz am Rücken\nTHROMBO ASS 1 Esslöffel bei starken Knieschmerzen\nLAEVOLAC 0-0-0-2/3 bei Übelkeit oder Erbrechen\nTIRIZIN 10 MG max. 3x tgl.\nDICLO-HEXAL 50 MG\nZOFRAN ZYDIS 8 MG 1x1\nLOVENOX 40 MG S.C.\n\nMit freundlichen Grüßen\n\nOÄ Dr. Henriette Heinzelmann Prof. Dr. Harry Holderbach\n\n \n\n"
    },
    {
      "%ID": 2,
      "%TYPE": "webanno.custom.PHI",
      "kind": "AGE",
      "begin": 1714,
      "end": 1716,
      "@sofa": 1
    },
    {
      "%ID": 3,
      "%TYPE": "webanno.custom.PHI",
      "kind": "DATE",
      "begin": 180,
      "end": 188,
      "@sofa": 1
    },
    {
      "%ID": 4,
      "%TYPE": "webanno.custom.PHI",
      "kind": "DATE",
      "begin": 204,
      "end": 213,
      "@sofa": 1
    },
    {
      "%ID": 5,
      "%TYPE": "webanno.custom.PHI",
      "kind": "DATE",
      "begin": 218,
      "end": 227,
      "@sofa": 1
    },
    {
      "%ID": 6,
      "%TYPE": "webanno.custom.PHI",
      "kind": "DATE",
      "begin": 356,
      "end": 361,
      "@sofa": 1
    },
    {
      "%ID": 7,
      "%TYPE": "webanno.custom.PHI",
      "kind": "DATE",
      "begin": 1008,
      "end": 1015,
      "@sofa": 1
    },
    {
      "%ID": 8,
      "%TYPE": "webanno.custom.PHI",
      "kind": "DATE",
      "begin": 2053,
      "end": 2062,
      "@sofa": 1
    },
    {
      "%ID": 9,
      "%TYPE": "webanno.custom.PHI",
      "kind": "DATE",
      "begin": 2295,
      "end": 2304,
      "@sofa": 1
    },
    {
      "%ID": 10,
      "%TYPE": "webanno.custom.PHI",
      "kind": "DATE",
      "begin": 2401,
      "end": 2410,
      "@sofa": 1
    },
    {
      "%ID": 11,
      "%TYPE": "webanno.custom.PHI",
      "kind": "DATE",
      "begin": 2532,
      "end": 2536,
      "@sofa": 1
    },
    {
      "%ID": 12,
      "%TYPE": "webanno.custom.PHI",
      "kind": "DATE",
      "begin": 2539,
      "end": 2548,
      "@sofa": 1
    },
    {
      "%ID": 13,
      "%TYPE": "webanno.custom.PHI",
      "kind": "DATE",
      "begin": 2734,
      "end": 2743,
      "@sofa": 1
    },
    {
      "%ID": 14,
      "%TYPE": "webanno.custom.PHI",
      "kind": "DATE",
      "begin": 2938,
      "end": 2947,
      "@sofa": 1
    },
    {
      "%ID": 15,
      "%TYPE": "webanno.custom.PHI",
      "kind": "DATE",
      "begin": 3502,
      "end": 3511,
      "@sofa": 1
    },
    {
      "%ID": 16,
      "%TYPE": "webanno.custom.PHI",
      "kind": "DATE",
      "begin": 3548,
      "end": 3556,
      "@sofa": 1
    },
    {
      "%ID": 17,
      "%TYPE": "webanno.custom.PHI",
      "kind": "DATE",
      "begin": 3671,
      "end": 3680,
      "@sofa": 1
    },
    {
      "%ID": 18,
      "%TYPE": "webanno.custom.PHI",
      "kind": "DATE",
      "begin": 3983,
      "end": 3992,
      "@sofa": 1
    },
    {
      "%ID": 19,
      "%TYPE": "webanno.custom.PHI",
      "kind": "DATE",
      "begin": 4255,
      "end": 4264,
      "@sofa": 1
    },
    {
      "%ID": 20,
      "%TYPE": "webanno.custom.PHI",
      "kind": "DATE",
      "begin": 4597,
      "end": 4606,
      "@sofa": 1
    },
    {
      "%ID": 21,
      "%TYPE": "webanno.custom.PHI",
      "kind": "DATE",
      "begin": 4993,
      "end": 5002,
      "@sofa": 1
    },
    {
      "%ID": 22,
      "%TYPE": "webanno.custom.PHI",
      "kind": "DATE",
      "begin": 5491,
      "end": 5500,
      "@sofa": 1
    },
    {
      "%ID": 23,
      "%TYPE": "webanno.custom.PHI",
      "kind": "DATE",
      "begin": 5650,
      "end": 5656,
      "@sofa": 1
    },
    {
      "%ID": 24,
      "%TYPE": "webanno.custom.PHI",
      "kind": "DATE",
      "begin": 5650,
      "end": 5670,
      "@sofa": 1
    },
    {
      "%ID": 25,
      "%TYPE": "webanno.custom.PHI",
      "kind": "DATE",
      "begin": 5661,
      "end": 5670,
      "@sofa": 1
    },
    {
      "%ID": 26,
      "%TYPE": "webanno.custom.PHI",
      "kind": "DATE",
      "begin": 5709,
      "end": 5717,
      "@sofa": 1
    },
    {
      "%ID": 27,
      "%TYPE": "webanno.custom.PHI",
      "kind": "DATE",
      "begin": 6430,
      "end": 6439,
      "@sofa": 1
    },
    {
      "%ID": 28,
      "%TYPE": "webanno.custom.PHI",
      "kind": "DATE",
      "begin": 6891,
      "end": 6900,
      "@sofa": 1
    },
    {
      "%ID": 29,
      "%TYPE": "webanno.custom.PHI",
      "kind": "DATE",
      "begin": 7736,
      "end": 7744,
      "@sofa": 1
    },
    {
      "%ID": 30,
      "%TYPE": "webanno.custom.PHI",
      "kind": "DATE",
      "begin": 8150,
      "end": 8159,
      "@sofa": 1
    },
    {
      "%ID": 31,
      "%TYPE": "webanno.custom.PHI",
      "kind": "ID",
      "begin": 9085,
      "end": 9097,
      "@sofa": 1
    },
    {
      "%ID": 32,
      "%TYPE": "webanno.custom.PHI",
      "kind": "LOCATION_HOSPITAL",
      "begin": 0,
      "end": 62,
      "@sofa": 1
    },
    {
      "%ID": 33,
      "%TYPE": "webanno.custom.PHI",
      "kind": "LOCATION_HOSPITAL",
      "begin": 5624,
      "end": 5646,
      "@sofa": 1
    },
    {
      "%ID": 34,
      "%TYPE": "webanno.custom.PHI",
      "kind": "LOCATION_HOSPITAL",
      "begin": 5774,
      "end": 5796,
      "@sofa": 1
    },
    {
      "%ID": 35,
      "%TYPE": "webanno.custom.PHI",
      "kind": "NAME_PATIENT",
      "begin": 151,
      "end": 170,
      "@sofa": 1
    },
    {
      "%ID": 36,
      "%TYPE": "webanno.custom.PHI",
      "kind": "NAME_DOCTOR",
      "begin": 9106,
      "end": 9114,
      "@sofa": 1
    },
    {
      "%ID": 37,
      "%TYPE": "webanno.custom.PHI",
      "kind": "NAME_DOCTOR",
      "begin": 9547,
      "end": 9568,
      "@sofa": 1
    },
    {
      "%ID": 38,
      "%TYPE": "webanno.custom.PHI",
      "kind": "NAME_DOCTOR",
      "begin": 9579,
      "end": 9595,
      "@sofa": 1
    },
    {
      "%ID": 39,
      "%TYPE": "webanno.custom.PHI",
      "kind": "NAME_TITLE",
      "begin": 9099,
      "end": 9105,
      "@sofa": 1
    },
    {
      "%ID": 40,
      "%TYPE": "webanno.custom.PHI",
      "kind": "NAME_TITLE",
      "begin": 9540,
      "end": 9546,
      "@sofa": 1
    },
    {
      "%ID": 41,
      "%TYPE": "webanno.custom.PHI",
      "kind": "NAME_TITLE",
      "begin": 9569,
      "end": 9578,
      "@sofa": 1
    }
  ],
  "%VIEWS": {
    "_InitialView": {
      "%SOFA": 1,
      "%MEMBERS": [
        2,
        3,
        4,
        5,
        6,
        7,
        8,
        9,
        10,
        11,
        12,
        13,
        14,
        15,
        16,
        17,
        18,
        19,
        20,
        21,
        22,
        23,
        24,
        25,
        26,
        27,
        28,
        29,
        30,
        31,
        32,
        33,
        34,
        35,
        36,
        37,
        38,
        39,
        40,
        41
      ]
    }
  }
}