{
  "%TYPES": {
    "de.tudarmstadt.ukp.dkpro.core.api.segmentation.type.Sentence": {
      "%NAME": "de.tudarmstadt.ukp.dkpro.core.api.segmentation.type.Sentence",
      "%SUPER_TYPE": "uima.tcas.Annotation"
    },
    "webanno.custom.PHI": {
      "%NAME": "webanno.custom.PHI",
      "%SUPER_TYPE": "uima.tcas.Annotation",
      "kind": {
        "%NAME": "kind",
        "%RANGE": "uima.cas.String"
      }
    }
  },
  "%FEATURE_STRUCTURES": [
    {
      "%ID": 1,
      "%TYPE": "uima.cas.Sofa",
      "sofaNum": 1,
      "sofaID": "_InitialView",
      "mimeType": "text",
      "sofaString": "Klinische Abteilung für Onkologie\n \nBerlin, am 16.5.2018  \n\nSehr geehrte KollegInnen, \n\nwir berichten über den stat. Aufenthalt von Frau DAMARIS, Dyonisia, vom 2.5.2018 bis 16.5.2018.\n\nFallnummer: 34998877\nGeboren am: 11.2.1967\n\nHAUPT-UND NEBENDIAGNOSEN\nHauptdiagnose(n), ICD-10\nRektumkarzinom, (2/18), lokal weit fortgeschritten, C20\nTumoranämie, (2/18), D63.0\nSt.p. Port-a-cath Implantation 2/2018\n\nVERLAUF DER TUMORERKRANKUNG\nOperation(en) und Histologie(n):\ndiagnostische PE (Jan 2018)\nHisto: Adeno-CA\nStad.: p N+MX G2\nendständige Sigmoideostomie (04/2018)\n\nMedizinische Tumortherapie(n):\npall. PCT m. Folfox ab (05/18); 1. Zyklus 75%, ab 2. Zyklus 100%\n\nAufnahmegrund:\nDie stationäre Aufnahme von Frau Damaris erfolgte zur Fortführung der pall. Chemotherapie nach dem Folfox-Schema, 3. Zyklus.\n\nAnamnese:\nDie Patientin berichtet über leichte MMA-Symptomatik, sowie Mukositis Grad I nach der letzten Therapie; ansonsten beschwerdefrei, keine Infektzeichen, Haut intakt, bland, Schleimhäute bland, intakt, Stuhl- und Harnanamnese unauffällig.\n\nStatus bei Aufnahme:\nFünfigjährige Patientin in gutem AZ und EZ, kardiorespiratorisch stabil, allseits orientiert.  \nneurologisch unauffällig. \nCaput/Collum: Meningismus negativ, HNAP frei, Pupillen rund, mittelweit, isokor,\nLichtreaktion bds. direkt und indirekt prompt, Zunge feucht, gerade, Rachen und Mundschleimhaut bland. \nCor: Herztöne rein, rhythmisch, normokard. \nPulmo: Vesikuläratmen bds., keine path. Rasselgeräusche, sonorer KS bds. Abdomen: Bauchdecke weich, kein Druckschmerz, keine Abwehrspannung, kein Loslassschmerz, Darmgeräusche in allen Quadranten rege, Leber unter dem Rippenbogen, Milz non palp., Nierenlager bds. frei. Extremitäten, Gelenke: aktiv und passiv frei beweglich, kein Wadendruckschmerz, keine trophischen Läsionen, periphere Pulse gut tastbar. \n\nPerianal: geringgr. Rückgang der tumorösen Masse, 4 Fistelgänge, klinisch deutlich gebessert, anamn. kaum noch Sekretion\n\nDurchgeführte Untersuchungen\nLabor bei Aufnahme 2.5.2018\nCRP 43, Kreatinin 2,7, Harnstoff 122, Harnsäure 7,0, GFR 26,1, Ery 2,75, Hämoglobin 9,3, Hämatokrit 22,5, Kalium 3.2, Tumormarker: CEA: 332.5, CA19-9:<2\n\nCT-OBERBAUCH:\nNieren bds. nativ unauffällig dargestellt. Kein Harnstau.\nSoweit nativ beurteilbar die Leber frei von fokal parenchymersetzenden Läsionen. Normale Weite der intra- und extrahepatischen Gallenwege.\nZustand nach CHE.\nMäßige Splenomegalie (12 x 8,6 cm). Regelrechte Darstellung des Pankreas.\nKeine pathologisch vergrößerten Lymphknoten retroperitoneal oder mesenteriell. \nArteriosklerotischer Gefäßschaden der Aorta thorakalis und der Iliacalgefäße.\n\nCT-BECKEN:\nKeine freie intraperitoneale Luft oder Flüssigkeit. Unspezifische bis 8 mm im Querdurchmesser messende Inguinallymphknoten. Insuspekter pelviner Lymphknotenstatus.\n\nZusammenfassung von Therapie und Verlauf\nDie stationäre Aufnahme von Frau Damaris erfolgte zur Fortführung der pall. Polychemotherapie nach dem Folfox-Schema, 3. Zyklus. Die Patientin berichtet über gute Verträglichkeit der letzten Therapie, sodass sie am Tag 1 Oxaliplatin 95mg/m², Calciumfolinat 500mg/m², 5FU als Blus 500mg/m² und 5FU Dauerinfusion 2400mg/m² über 52 Stunden problemlos erhalten kann. Die Therapie wird unter entsprechenden antiemetischen Begleitmaßnahmen sehr gut vertragen, so dass Frau Damaris am 16.5.18 in gutem AZ nach Hause entlassen\nwerden kann.\n\nEmpfohlene Therapie\nFurosemid 40mg 1/2-0-0\nPantoloc 40mg 1-0-0\nFerretab 1-0-0\nMolaxole 2 x 1 Beutel\nCiproxin 500mg 1-0-1\nMexalen 500mg 3 x 1\nLovenox 40mg 1 x 1 s.c.\n\nProcedere\nAm 14.6.2018 um 8Uhr 15 stationäre Wiederaufnahme, Onkologie A33 zur Fortführung pall. Folfox, 4. Zyklus.\n \n\nMit freundlichen kollegialen Grüßen\n\nDr. Hanns Wurst OA Dr. Matthias Metzger\n "
    },
    {
      "%ID": 2,
      "%TYPE": "webanno.custom.PHI",
      "kind": "AGE",
      "begin": 1068,
      "end": 1081,
      "@sofa": 1
    },
    {
      "%ID": 3,
      "%TYPE": "webanno.custom.PHI",
      "kind": "DATE",
      "begin": 47,
      "end": 56,
      "@sofa": 1
    },
    {
      "%ID": 4,
      "%TYPE": "webanno.custom.PHI",
      "kind": "DATE",
      "begin": 160,
      "end": 168,
      "@sofa": 1
    },
    {
      "%ID": 5,
      "%TYPE": "webanno.custom.PHI",
      "kind": "DATE",
      "begin": 173,
      "end": 182,
      "@sofa": 1
    },
    {
      "%ID": 6,
      "%TYPE": "webanno.custom.PHI",
      "kind": "DATE",
      "begin": 218,
      "end": 227,
      "@sofa": 1
    },
    {
      "%ID": 7,
      "%TYPE": "webanno.custom.PHI",
      "kind": "DATE",
      "begin": 296,
      "end": 300,
      "@sofa": 1
    },
    {
      "%ID": 8,
      "%TYPE": "webanno.custom.PHI",
      "kind": "DATE",
      "begin": 349,
      "end": 353,
      "@sofa": 1
    },
    {
      "%ID": 9,
      "%TYPE": "webanno.custom.PHI",
      "kind": "DATE",
      "begin": 393,
      "end": 399,
      "@sofa": 1
    },
    {
      "%ID": 10,
      "%TYPE": "webanno.custom.PHI",
      "kind": "DATE",
      "begin": 480,
      "end": 488,
      "@sofa": 1
    },
    {
      "%ID": 11,
      "%TYPE": "webanno.custom.PHI",
      "kind": "DATE",
      "begin": 552,
      "end": 559,
      "@sofa": 1
    },
    {
      "%ID": 12,
      "%TYPE": "webanno.custom.PHI",
      "kind": "DATE",
      "begin": 617,
      "end": 622,
      "@sofa": 1
    },
    {
      "%ID": 13,
      "%TYPE": "webanno.custom.PHI",
      "kind": "DATE",
      "begin": 1999,
      "end": 2007,
      "@sofa": 1
    },
    {
      "%ID": 14,
      "%TYPE": "webanno.custom.PHI",
      "kind": "DATE",
      "begin": 3319,
      "end": 3326,
      "@sofa": 1
    },
    {
      "%ID": 15,
      "%TYPE": "webanno.custom.PHI",
      "kind": "DATE",
      "begin": 3553,
      "end": 3562,
      "@sofa": 1
    },
    {
      "%ID": 16,
      "%TYPE": "webanno.custom.PHI",
      "kind": "ID",
      "begin": 197,
      "end": 205,
      "@sofa": 1
    },
    {
      "%ID": 17,
      "%TYPE": "webanno.custom.PHI",
      "kind": "LOCATION_CITY",
      "begin": 36,
      "end": 42,
      "@sofa": 1
    },
    {
      "%ID": 18,
      "%TYPE": "webanno.custom.PHI",
      "kind": "NAME_PATIENT",
      "begin": 137,
      "end": 144,
      "@sofa": 1
    },
    {
      "%ID": 19,
      "%TYPE": "webanno.custom.PHI",
      "kind": "NAME_PATIENT",
      "begin": 707,
      "end": 714,
      "@sofa": 1
    },
    {
      "%ID": 20,
      "%TYPE": "webanno.custom.PHI",
      "kind": "NAME_PATIENT",
      "begin": 2874,
      "end": 2881,
      "@sofa": 1
    },
    {
      "%ID": 21,
      "%TYPE": "webanno.custom.PHI",
      "kind": "NAME_PATIENT",
      "begin": 3308,
      "end": 3315,
      "@sofa": 1
    },
    {
      "%ID": 22,
      "%TYPE": "webanno.custom.PHI",
      "kind": "NAME_DOCTOR",
      "begin": 3700,
      "end": 3711,
      "@sofa": 1
    },
    {
      "%ID": 23,
      "%TYPE": "webanno.custom.PHI",
      "kind": "NAME_DOCTOR",
      "begin": 3719,
      "end": 3735,
      "@sofa": 1
    },
    {
      "%ID": 24,
      "%TYPE": "webanno.custom.PHI",
      "kind": "NAME_TITLE",
      "begin": 3696,
      "end": 3699,
      "@sofa": 1
    },
    {
      "%ID": 25,
      "%TYPE": "webanno.custom.PHI",
      "kind": "NAME_TITLE",
      "begin": 3712,
      "end": 3718,
      "@sofa": 1
    }
  ],
  "%VIEWS": {
    "_InitialView": {
      "%SOFA": 1,
      "%MEMBERS": [
        2,
        3,
        4,
        5,
        6,
        7,
        8,
        9,
        10,
        11,
        12,
        13,
        14,
        15,
        16,
        17,
        18,
        19,
        20,
        21,
        22,
        23,
        24,
        25
      ]
    }
  }
}