{
  "%TYPES": {
    "de.tudarmstadt.ukp.dkpro.core.api.segmentation.type.Sentence": {
      "%NAME": "de.tudarmstadt.ukp.dkpro.core.api.segmentation.type.Sentence",
      "%SUPER_TYPE": "uima.tcas.Annotation"
    },
    "webanno.custom.PHI": {
      "%NAME": "webanno.custom.PHI",
      "%SUPER_TYPE": "uima.tcas.Annotation",
      "kind": {
        "%NAME": "kind",
        "%RANGE": "uima.cas.String"
      }
    }
  },
  "%FEATURE_STRUCTURES": [
    {
      "%ID": 1,
      "%TYPE": "uima.cas.Sofa",
      "sofaNum": 1,
      "sofaID": "_InitialView",
      "mimeType": "text",
      "sofaString": "KLINIK FÜR ONKOLOGIE\n\nMünchen, am 17.8.2033  \n\nSehr geehrte Frau Kollegin, sehr geehrter Herr Kollege, \n\nwir berichten Ihnen von unserem gemeinsamen Patienten Euripedes Erler (FN:445544767), geb. 30.12.1987der sich vom 12.7.2033 bis 21.7.2033 in unserer stationären Behandlung befand. \n \n\nHAUPT-UND NEBENDIAGNOSEN\nHauptdiagnose(n), ICD-10\nRektumkarzinom, (02/33), lokal weit fortgeschritten, C20\nTumoranämie, (03/33), D63.0\nChron. Alkoholabusus\nZ.n. akuter Pankreatitis, OP Pankreaspseudozyste 2022\nZ.n. Port-a-cath Implantation  \n\nDEKURS DER TUMORERKRANKUNG\nOperation(en) und Histologie(n):\ndiagnostische PE (21.02.2033)\nHisto: Adenocarcinom\nStad.: p N+MX G2\nendständige Sigmoideostomie (14.3.2033)\n\nMed. Tumortherapie:\npall. PCT m. Folfox ab (03/33); 1. Zyklus 75%, ab 2. Zyklus 100%\n\nAufnahmegrund\nFortführung der pall. Chemotherapie mit FOLFOX, 4. Zyklus.\n\nAnamnese\nZum Zeitpunkt der stationären Aufnahme befand sich der Patient in gutem kardiorespiratorisch stabilem und afebrilem Allgemeinzustand, sowie gutem Ernährungszustand.\n\nAufnahmebefund\nCaput/Collum: Mening.neg., HNAP frei, Pupillen rund,mw,ic, LR bds. direkt und indirekt prompt, LNN palpatorisch unauff. Cor: rein, rhythmisch, nc. Pulmo:VA bds., keine pathologischen RGs, SKS bds. Abd.: BD weich, kein DS, kein LLS, keine Abwehspannung, DG in allen Quadranten rege, Leber unter RB, Milz non palp., NL bds frei, kleine ca (1x1cm) große Resistenz UB Blasenregion tastbar (lt. Pat. schon länger) neu aufgetretene Fistel perianal, ansonsten Region deutl. kleiner und weicher - siehe Fotodok. Gelenke/Extremitäten/Neurologie: grob unauff.\n\nDurchgeführte Untersuchungen\nLabor : Aufnahmelabor vom 17.8. incl. BB und Diff-BB, Elektrolyte (Na, K, Cl, Ca), Niere (Harnst., Harnsre., Kreatinin), Leber (Bilirubin, AP, GGT, CHE, AST, ALT), Herz (CK, LDH), Pankreas (P-Amylase, Lipase), Glucose, CRP, Chol, Tri unauff. bis auf: \nNatrium 126, Kreatinin 1,5, Harnstoff 69, Harnsäure 9,2, CK 209, LDH 250, Fibrinogen 450\n\nCT-Oberbauch:: Nativ unauffällige Parenchymtextur der Leber. Zahlreiche punktförmige Parenchymverkalkungem im Corpus pancreatis. Im übrigen unauffälliges Pancreas, soweit nativ beurteilbar. 12 mm haltende simple Nierenzyste, kortikal exophytisch am cranialen Pol der linken Niere. Kein Nachweis path. vergrösserter LK mesenteriell und im Retroperitoneum.\n\nZusammenfassung von Therapie und Verlauf\nDie stationäre Aufnahme von Herrn Erler erfolgte zur Fortführung der pall. Chemotherapie mit FOLFOX, 4. Zyklus. Zum Zeitpunkt der stationären Aufnahme befand sich der Pat. in gutem stabilen AZ. Er erhält am Tag 1 Oxaliplatin 85mg/m² KOF über 120 Minuten, Calciumfolinat 400mg/m² KOF über 186 Minuten, sowie 5FU Bolus 500mg/m² KOF über 5 min; weiterhin erhält die Patientin 5FU 2400mg/m² KOF über 46 Stunden. Die Chemotherapie wurde vom Pat. unter entsprechenden hydrierenden und antiemetischen Begleitmaßnahmen gut vertragen, so dass Herr Erler am 17. August 2033 wieder aus unserer Abteilung entlassen werden konnte.\n\nEmpfohlene Therapie\nLasix 40mg ½-0-0\nPantoloc 40mg 1-0-0\nFerretab 1-0-0\nMolaxole 1 x 1 Beutel\nCiprofloxacin 500mg 1-0-1\nMexalen 500mg 3 x 1\nValium 0-0-1\nbei Schmerzen: Novalgin Tropfen bis 6 x 20gtt tgl.\n\nProcedere\nRestaging im KH der Diakonissen am 2.9.2033.\n\nAm 2.9.2033 um 8 Uhr 15 stationäre Wiederaufnahme an der Onkologie Station A3 zur Befundbesprechung und Fortfhrung der pall. PCT mit FOLFOX 5. Zyklus.\nBitte unmittelbar vor Aufnahme (7 Uhr 50) eine amb. Blutbild- Kontrolle in der Onkologie Ambulanz durchführen lassen.\n\nMit freundlichen kollegialen Grüßen\n\nAss.Dr. Jonathan Schwach  Prof. Dr. Josefine Häfele\n "
    },
    {
      "%ID": 2,
      "%TYPE": "webanno.custom.PHI",
      "kind": "DATE",
      "begin": 34,
      "end": 43,
      "@sofa": 1
    },
    {
      "%ID": 3,
      "%TYPE": "webanno.custom.PHI",
      "kind": "DATE",
      "begin": 196,
      "end": 206,
      "@sofa": 1
    },
    {
      "%ID": 4,
      "%TYPE": "webanno.custom.PHI",
      "kind": "DATE",
      "begin": 219,
      "end": 228,
      "@sofa": 1
    },
    {
      "%ID": 5,
      "%TYPE": "webanno.custom.PHI",
      "kind": "DATE",
      "begin": 233,
      "end": 242,
      "@sofa": 1
    },
    {
      "%ID": 6,
      "%TYPE": "webanno.custom.PHI",
      "kind": "DATE",
      "begin": 356,
      "end": 361,
      "@sofa": 1
    },
    {
      "%ID": 7,
      "%TYPE": "webanno.custom.PHI",
      "kind": "DATE",
      "begin": 410,
      "end": 415,
      "@sofa": 1
    },
    {
      "%ID": 8,
      "%TYPE": "webanno.custom.PHI",
      "kind": "DATE",
      "begin": 494,
      "end": 498,
      "@sofa": 1
    },
    {
      "%ID": 9,
      "%TYPE": "webanno.custom.PHI",
      "kind": "DATE",
      "begin": 610,
      "end": 620,
      "@sofa": 1
    },
    {
      "%ID": 10,
      "%TYPE": "webanno.custom.PHI",
      "kind": "DATE",
      "begin": 689,
      "end": 698,
      "@sofa": 1
    },
    {
      "%ID": 11,
      "%TYPE": "webanno.custom.PHI",
      "kind": "DATE",
      "begin": 745,
      "end": 750,
      "@sofa": 1
    },
    {
      "%ID": 12,
      "%TYPE": "webanno.custom.PHI",
      "kind": "DATE",
      "begin": 1657,
      "end": 1662,
      "@sofa": 1
    },
    {
      "%ID": 13,
      "%TYPE": "webanno.custom.PHI",
      "kind": "DATE",
      "begin": 2918,
      "end": 2933,
      "@sofa": 1
    },
    {
      "%ID": 14,
      "%TYPE": "webanno.custom.PHI",
      "kind": "DATE",
      "begin": 3239,
      "end": 3247,
      "@sofa": 1
    },
    {
      "%ID": 15,
      "%TYPE": "webanno.custom.PHI",
      "kind": "DATE",
      "begin": 3253,
      "end": 3261,
      "@sofa": 1
    },
    {
      "%ID": 16,
      "%TYPE": "webanno.custom.PHI",
      "kind": "ID",
      "begin": 179,
      "end": 188,
      "@sofa": 1
    },
    {
      "%ID": 17,
      "%TYPE": "webanno.custom.PHI",
      "kind": "LOCATION_CITY",
      "begin": 22,
      "end": 29,
      "@sofa": 1
    },
    {
      "%ID": 18,
      "%TYPE": "webanno.custom.PHI",
      "kind": "NAME_PATIENT",
      "begin": 159,
      "end": 174,
      "@sofa": 1
    },
    {
      "%ID": 19,
      "%TYPE": "webanno.custom.PHI",
      "kind": "NAME_PATIENT",
      "begin": 2404,
      "end": 2409,
      "@sofa": 1
    },
    {
      "%ID": 20,
      "%TYPE": "webanno.custom.PHI",
      "kind": "NAME_PATIENT",
      "begin": 2909,
      "end": 2914,
      "@sofa": 1
    },
    {
      "%ID": 21,
      "%TYPE": "webanno.custom.PHI",
      "kind": "NAME_DOCTOR",
      "begin": 3565,
      "end": 3581,
      "@sofa": 1
    },
    {
      "%ID": 22,
      "%TYPE": "webanno.custom.PHI",
      "kind": "NAME_DOCTOR",
      "begin": 3593,
      "end": 3608,
      "@sofa": 1
    },
    {
      "%ID": 23,
      "%TYPE": "webanno.custom.PHI",
      "kind": "NAME_TITLE",
      "begin": 3561,
      "end": 3564,
      "@sofa": 1
    },
    {
      "%ID": 24,
      "%TYPE": "webanno.custom.PHI",
      "kind": "NAME_TITLE",
      "begin": 3583,
      "end": 3592,
      "@sofa": 1
    }
  ],
  "%VIEWS": {
    "_InitialView": {
      "%SOFA": 1,
      "%MEMBERS": [
        2,
        3,
        4,
        5,
        6,
        7,
        8,
        9,
        10,
        11,
        12,
        13,
        14,
        15,
        16,
        17,
        18,
        19,
        20,
        21,
        22,
        23,
        24
      ]
    }
  }
}