{
  "%TYPES": {
    "de.tudarmstadt.ukp.dkpro.core.api.segmentation.type.Sentence": {
      "%NAME": "de.tudarmstadt.ukp.dkpro.core.api.segmentation.type.Sentence",
      "%SUPER_TYPE": "uima.tcas.Annotation"
    },
    "webanno.custom.PHI": {
      "%NAME": "webanno.custom.PHI",
      "%SUPER_TYPE": "uima.tcas.Annotation",
      "kind": {
        "%NAME": "kind",
        "%RANGE": "uima.cas.String"
      }
    }
  },
  "%FEATURE_STRUCTURES": [
    {
      "%ID": 1,
      "%TYPE": "uima.cas.Sofa",
      "sofaNum": 1,
      "sofaID": "_InitialView",
      "mimeType": "text",
      "sofaString": "\nArztbrief vom 25.8.2068\n\nSehr geehrte Kolleginnen und Kollegen, \n\nwir berichten von Frau Antonia Anderer, *21/3/2017, stat. Aufenthalt 12/12/66 - 23/12/66\n\n\nHAUPT / NEBENDIAGNOSEN\nRektum-CA, (ED 7/63); lokal weit fortgeschritten , C20\nTumoranämie, (ED 9/63), D63.0\nIDDM, E11.9\nchronische Niereninsuffizienz ieL diab. Nephropathie, N18.8\narterielle Hypertonie, I10\nMetamizolallergie, Z88.6\nLasixallergie\n\nZ.n. Implantation Port-a-cath Sept. 2063 - Explantation 3/11/66\nPS-Heilung m. postop. Hämatoserom/rectovag. Fistel (01-12/64)\n\nDEKURS DER TUMORERKRANKUNG\nOperation(en) und Histologie(n):\ndiagnostische PE (5. März2063)\nHisto: AdenoCA\nStad.: pN+MXG2 K-RAS wt\nendständige Sigmoideostomie (4.4.2063)\nRektumamputation, Hysterectomie, Scheidenrekonstruktion, Defektdeckung (7.6.2063) \nV.a. Metas der Nieren und Nebenniere rechts\nHisto: Sehr spärliche Reste des AdenoCa vom colorektalen Typ\nStad.: ypT3cN0(0/14)M0G2R0 Tumorregressionsgr. 3\nHisto: Uterus myomatosus, geringgr. Endometriose\n\nBestrahlung(en):\nkonkom. RTX/CTX m. 5-FU am STZ, 64 GY (10/63-12/63); (reg. LK 64 Gy, Primärtumorregion 80 Gy)\n\nMed.TU Therapie(n):\npseudoneoadj. PCT m. Folfox (07/63-12/63); MR nach 6 Zyklen;\n+ Panitumumab (09/63-11/63) \npseudoneoadj. PCT De Gramont + Panitumumab (7/63-11/63); PR; add. konk. RCT\nObservanz ab (12/63-laufend)\n\nAufgrund der Niereninsuffizienz erhielt die Pat.2000 ml NaCl 0,9 %\nund 4000ml oral um die Diurese zu forcieren.\nTrotzdem konnte aufgrund des erhöhten Krea \nkein CT mit Kontrast durchgeführt werden.\nRadiologe empfiehlt Verlaufskontr. in 3 Monaten.\n\nTHERAPIEEMPFEHLUNG\nNovoRapid® 2 Einh. pro BE\nBrotaphane® 0-0-0-6 Einheiten\nInegy® 10/20 mg 0-0-1\nSeloken® retard 95 mg 1/2-1/2-1/2\nGastrozol® 20 mg 1-0-0\nValsartan 160 mg 1-0-0\nBerodual® DA bei Bed. 1 - 2 Hub\nSeretide® diskus 3x 1Hub\nIndapamid® 1 mg 1-0-1\nAllopurinol 300 mg 1-0-0\n\n "
    },
    {
      "%ID": 2,
      "%TYPE": "webanno.custom.PHI",
      "kind": "DATE",
      "begin": 15,
      "end": 24,
      "@sofa": 1
    },
    {
      "%ID": 3,
      "%TYPE": "webanno.custom.PHI",
      "kind": "DATE",
      "begin": 108,
      "end": 117,
      "@sofa": 1
    },
    {
      "%ID": 4,
      "%TYPE": "webanno.custom.PHI",
      "kind": "DATE",
      "begin": 136,
      "end": 144,
      "@sofa": 1
    },
    {
      "%ID": 5,
      "%TYPE": "webanno.custom.PHI",
      "kind": "DATE",
      "begin": 147,
      "end": 155,
      "@sofa": 1
    },
    {
      "%ID": 6,
      "%TYPE": "webanno.custom.PHI",
      "kind": "DATE",
      "begin": 196,
      "end": 200,
      "@sofa": 1
    },
    {
      "%ID": 7,
      "%TYPE": "webanno.custom.PHI",
      "kind": "DATE",
      "begin": 253,
      "end": 257,
      "@sofa": 1
    },
    {
      "%ID": 8,
      "%TYPE": "webanno.custom.PHI",
      "kind": "DATE",
      "begin": 435,
      "end": 445,
      "@sofa": 1
    },
    {
      "%ID": 9,
      "%TYPE": "webanno.custom.PHI",
      "kind": "DATE",
      "begin": 461,
      "end": 468,
      "@sofa": 1
    },
    {
      "%ID": 10,
      "%TYPE": "webanno.custom.PHI",
      "kind": "DATE",
      "begin": 521,
      "end": 523,
      "@sofa": 1
    },
    {
      "%ID": 11,
      "%TYPE": "webanno.custom.PHI",
      "kind": "DATE",
      "begin": 524,
      "end": 529,
      "@sofa": 1
    },
    {
      "%ID": 12,
      "%TYPE": "webanno.custom.PHI",
      "kind": "DATE",
      "begin": 610,
      "end": 621,
      "@sofa": 1
    },
    {
      "%ID": 13,
      "%TYPE": "webanno.custom.PHI",
      "kind": "DATE",
      "begin": 691,
      "end": 699,
      "@sofa": 1
    },
    {
      "%ID": 14,
      "%TYPE": "webanno.custom.PHI",
      "kind": "DATE",
      "begin": 773,
      "end": 781,
      "@sofa": 1
    },
    {
      "%ID": 15,
      "%TYPE": "webanno.custom.PHI",
      "kind": "DATE",
      "begin": 1044,
      "end": 1049,
      "@sofa": 1
    },
    {
      "%ID": 16,
      "%TYPE": "webanno.custom.PHI",
      "kind": "DATE",
      "begin": 1050,
      "end": 1055,
      "@sofa": 1
    },
    {
      "%ID": 17,
      "%TYPE": "webanno.custom.PHI",
      "kind": "DATE",
      "begin": 1149,
      "end": 1154,
      "@sofa": 1
    },
    {
      "%ID": 18,
      "%TYPE": "webanno.custom.PHI",
      "kind": "DATE",
      "begin": 1155,
      "end": 1160,
      "@sofa": 1
    },
    {
      "%ID": 19,
      "%TYPE": "webanno.custom.PHI",
      "kind": "DATE",
      "begin": 1196,
      "end": 1201,
      "@sofa": 1
    },
    {
      "%ID": 20,
      "%TYPE": "webanno.custom.PHI",
      "kind": "DATE",
      "begin": 1202,
      "end": 1207,
      "@sofa": 1
    },
    {
      "%ID": 21,
      "%TYPE": "webanno.custom.PHI",
      "kind": "DATE",
      "begin": 1254,
      "end": 1258,
      "@sofa": 1
    },
    {
      "%ID": 22,
      "%TYPE": "webanno.custom.PHI",
      "kind": "DATE",
      "begin": 1259,
      "end": 1264,
      "@sofa": 1
    },
    {
      "%ID": 23,
      "%TYPE": "webanno.custom.PHI",
      "kind": "DATE",
      "begin": 1300,
      "end": 1305,
      "@sofa": 1
    },
    {
      "%ID": 24,
      "%TYPE": "webanno.custom.PHI",
      "kind": "NAME_PATIENT",
      "begin": 90,
      "end": 105,
      "@sofa": 1
    }
  ],
  "%VIEWS": {
    "_InitialView": {
      "%SOFA": 1,
      "%MEMBERS": [
        2,
        3,
        4,
        5,
        6,
        7,
        8,
        9,
        10,
        11,
        12,
        13,
        14,
        15,
        16,
        17,
        18,
        19,
        20,
        21,
        22,
        23,
        24
      ]
    }
  }
}