{
  "%TYPES": {
    "de.tudarmstadt.ukp.dkpro.core.api.segmentation.type.Sentence": {
      "%NAME": "de.tudarmstadt.ukp.dkpro.core.api.segmentation.type.Sentence",
      "%SUPER_TYPE": "uima.tcas.Annotation"
    },
    "webanno.custom.PHI": {
      "%NAME": "webanno.custom.PHI",
      "%SUPER_TYPE": "uima.tcas.Annotation",
      "kind": {
        "%NAME": "kind",
        "%RANGE": "uima.cas.String"
      }
    }
  },
  "%FEATURE_STRUCTURES": [
    {
      "%ID": 1,
      "%TYPE": "uima.cas.Sofa",
      "sofaNum": 1,
      "sofaID": "_InitialView",
      "mimeType": "text",
      "sofaString": "Klinik für Allgemeinchirurgie des Diakonissenkrankenhauses Bärental\n\nArztbrief vom 20.11.2064 \n\nSehr geehrte Damen und Herren, \n\nwir berichten über den Patienten Jakob Jockel, geb. am 1.1.1992, welcher vom 1.11.2064 bis 30.11.2064 von uns stationär behandelt wurde. \n\nDiagnosen:\n- Mechanischer Dickdarmileus bei Sigmakarzinom und peritonealer Metastase\n- pT-3c, G-3, L-1,V-1, pN-2b (7/15), pM-1 (PER)\n- Paroxysmale VHFA, geringgradig kombiniertes Aortenklappenvitium\n- 2 mm Pleuraschwarte rechts,\n- Z.n. Colitis 7/2063; \n- Z.n. Crossektomie links Leiste/linker Oberschenkel; \n- höhergradige degenerative WS-Veränderungen im lumbosakralen Übergang\n- Gonarthrose li.\n- Cholezystolithiasis\n- Herpes labialis\n- Z.n. Neo prostatae 2045\n- Z.n. Hüft-TEP bds. 2057 und 2059\n- Adipositas\n- NINS\n -Nierenzyste\n\n\n\nAllergien: Katzenallergie, Schimmelpilze, fragl. KM-Allergie\n\nDurchgeführte Prozeduren:\n- Laparotomie\n- Colondekompression \n- Sigmaresektion\n- endständiges Descendostoma \n- Lavage\n- IP-Drain \n- Tumorboard-Vorstellung am 24.11.2064\n \nDer Patient wird am 1. Nov mit mässigen Unterbauchschmerzen in unserer Ambulanz vorstellig und berichtet, seit einer Wochen keinen Stuhlgang gehabt zu haben. UB-Schmerzen. Am Vorstellungstag auch Übelkeit und einmaliges Erbrechen. Die selbstständige Einnahme von Molaxole und Dulcolax brachte keine Besserung der Beschwerden, der Patient konnte keinen Stuhl absetzen.\n\nErhobene Befunde:\nLabor: Als Kumulativbefund beiliegend.\nBlutgruppe: O neg.\nAdipöser EZ, altersentsprechender AZ. \nHerz: SR, normocard, HT rein.\nPulmo: VA bds.\nAbdomen: Leichte Abwehrspannung, keine pathologischen Resistenzen tastbar.\n\nAbdomenleer-Rö in Rückenlage und Linksseitenlage am 2.11.2064:\nErgebnis: Keine freie intraperitoneale Luft. Überblähtes Colon transversum C A V E Schlingenbreite 9,5 cm.\nUncharakteristische Dünndarmspiegelbildungen.\n\nCT des Abdomens und des Beckens im i.v. Kontrastmittelbolus am 3.11.2064:\nDiagnose: Im distalen Colon sigmoideum eine ca. 2,8 cm große malignitätsverdächtige subtotale Stenosierung. Oralwärts davon das Colon flüssigkeitsgefüllt mit ausgedehnten Spiegelbildungen. Uncharakteristische Dünndarmspiegelbildungen. Homogene Parenchymdarstellung der Leber. Milz normgerecht. Pankreas lipomatös atroph. \nGabla computertomografisch unauffällig. Normale Weite der intra- und extrahepatischen Gallengänge. Plumpe rechte Nebenniere, linke Nebennieren und beide Nieren unauffällig. NBKS und Ureteren regelrecht kalibriert. Keine pathologisch vergrößerten Lymphknoten.\n3 mm Pleuraschwarte rechts. Die basalen Lungenabschnitte frei.\n\nAbdomenübersichts-Rö in Rückenlage und in linker Seitenlage am 4.11.2064:\nDiagnose: Im Vergleich zur gestrigen Voruntersuchung tendenzielle Befundprogredienz mit zunehmendem Gasgehalt im Colonrahmen, sowie vermehrten Spiegelbildungen im Colon asc. in li. Seitenlage und in endständigen Dünndarmschlingen, das Kaliber der rechten Colonflexur beträgt nun etwa 11 cm. Keine freie intraperitoneale Luft. Starke degenerative Veränderungen der mitabgebildeten Skelettanteile.\n\nHistopathol. Befund OP-Präparat:\nDiagnose: Fettgewebe mit metastatischen Formationen eines Adenokarzinoms vom colorektalen Typ. Niedrig differenziertes invasives Adenokarzinom des Sigma mit Infiltration des\nmesocolischen Fettgewebes, Blut- und Lymphgefäßeinbrüchen. Metastasen des Adenokarzinoms in 7 von insgesamt 15 Lymphknoten. Die chirurgischen Resektionsflächen (oral/aboral) tumorfrei.\nTumorklassifikation: UICC 2009: pT-3c, G-3, L-1, V-1, pN-2b(7/15), pM-1 (PER).\nDie chirurgischen Resektionsflächen tumorfrei.\n\nThorax-Rö a.p. liegend und seitlich am 8.11.:\nDiagnose: Konstitutioneller Zwerchfellhochstand, Herz quergelagert, dieses allseits in der Größennorm. Keine Stauung. ZVK von rechts, die Spitze in Projektion auf die vermeintliche VCS. Kein Pneumothorax. Minderbelüftung rechts infrahilär. Die Rezessus lateralis frei. Keine Stauungszeichen. Neu aufgetretene entzündliche Infiltrate lassen sich in beiden Lungenflügeln nicht abgrenzen.\nNebenbefund: Dünn- und Dickdarmmeteorismus. Degenerative Veränderungen des Achsenskelettes mit vermehrter Kyphosierung.\n  \nCT des Oberbauches und Beckens im iv. Kontrastmittelbolus, portalvenöse Phase, orale Kontrastierung über die Magensonde am 8.11. 2064:\nDiagnose: Zustand nach Linkshemikolektomie und Anlage eines endständigen Descendostomas bei -sigmae. Drain über den Unterbauch rechts, die Spitze etwas cranial der Harnblase gelegen.\nDeutlich gefüllte Harnblase trotz liegendem Harnblasenkatheter. Kutane Klammernahtreihe median mit Infiltration der Subkutis, betont supraumbilical und zum Teil daruntergelegenen Flüssigkeitsformationen, jedoch ohne sicheren Nachweis einer Abszessformation DD Serom/Hämatom. Descendostoma im Unterbauch links, CT-morphologisch ohne Hinweis auf frische Entzündungsreaktion. Die Anastomose am Rectum CT-morphologisch ohne Zeichen einer Insuffizienz. Hernia inguinalis dext. mit Vorwölbung einer wandverdickten Dünndarmschlinge in die Bruchpforte sowie Flüssigkeitsansammlung im Bruchsack. Die zu- und abführende Dünndarmschlinge längerstreckig wandverdickt, die Veränderungen verdächtig auf Inkarzeration. Offener\nLeistenring links. Keine Abszessformation abgrenzbar. Minimaler Flüssigkeitssaum an der parakolischen Rinne links. Keine freie intraperitoneale Luft. Mehrere bis 8 mm im Durchmesser messende Lymphknoten mesenteriell, an der Mesenterialwurzel und retroperitoneal. Das Caput pancreatis etwas hypodens und unscharf imponierend, u. U entzündlicher Genese. Die Gallenblase hydropisch, die Gallenwege normalweit. Kein Hinweis auf Cholezystitis. Regelrechte Kontrastierung beider Nieren. Nierenzysten bds. Beidseits kein Harnstau. Die großen viszeralen Arterien und die Pfortader regelrecht kontrastiert. Liegende Magensonde, Spitze in den Fundus hochgeschlagen.   \n\nCT des Thorax i.v. Kontrastmittelbolus am 9.10.2064:\nDiagnose: Pleuraergüsse beidseits mit einer Tiefe bis 2,5 cm, zum Teil ins Interlobium auslaufend mit angrenzenden Kompressionsdystelektasen. Ein zusätzliches Infiltrat im dorsalen rechten Unterlappen nicht sicher auszuschließen. Kleine Dystelektasen in der Lingula und im linken Oberlappen. Das zentrale Tracheobronchialystem ist frei. Einzelne bis 1,5 cm im Querdurchmesser, zum Teil rundlich konfigurierte Lymphknoten mediastinal, der größe prätracheal rechts lokalisiert. Normale Größe der Herzhöhlen. Aortensklerose. Subclaviakatheter über rechts in orthotoper Lage. Liegende Magensonde. Degenerative Veränderungen des Achsenskelettes.  \n\nMikrobiologisch-Kultureller Befund, Harnkultur vom 3.11.2064:\nAerobe/Anaerobe Kultur: Kein Keimwachstum.\nPilzkultur: Kein Keimwachstum.\n\n\nVerlauf\nIm Aufnahmelabor zeigen sich erhöhte Entzündungswerte und im Abdomenleer ein überblähtes Colon transversum mit Schlingenbreite von 8,5 cm und uncharakteristischen Dünndarmspiegelbildungen. Aufgrund dessen wird ein CT des Abdomens und Beckens mit KM durchgeführt. \nMan sieht im distalen Colon sigmoideum eine ca. 3 cm große malignitätsverdächtige subtotale Stenosierung. Oralwärts davon das Colon flüssigkeitsgefüllt mit ausgedehnten Spiegelbildungen. \nAufgrund der Symptomatik des Patienten und in Zusammenschau aller Befunde wird er stationär aufgenommen und die Operation für den Folgetag geplant. Im Verlaufskontrollröntgen des Abdomens zeigt sich im Vergleich zur Voruntersuchung eine tendentielle Befundprogredienz mit zunehmendem Gasgehalt im Colonrahmen sowie vermehrten Spiegelbildungen. Somit\nwird die Indikation zur notfallmäßigen Laparotmie gestellt und der Patient wird am 4.11.2064 in ungestörter AN bei ASA 3 komplikationslos operiert. Danach erfolgt der Transfer auf die Intensivstation sowie am 18.11.64 die Rückübernahme auf unsere Normalstation. Im histopathologischen Befund des OP-Präparates zeigt ein niedrig differenziertes invasives Adenokarzinom des Colon sigm. mit Infiltration des mesocolischen Fettgewebes, Blut- und Lymphgefäßeinbrüchen sowie mit Metastasen des Adenokarzinoms in 7 von insgesamt 14 Lymphknoten. \nMit diesem Befund wird der Patient in unserem interdisziplinären Tumorboard vorgestellt. Eine auf der Intensivstation eingeleitete antibiotische intravenöse Therapie mit Tazonam wird 3x tägl. für 5 Tage beibehalten. Ebenso wird die antihypertensive Therapie beibehalten. Schließlich wird ein internistisches Konsil angefordert, da der Patient postoperativ über immer wiederkehrende Phasen eines unregelmäßig schnellen Herzschlages berichtet. Nach einer ausführlichen internistischen Untersuchung muss von einer Episode einer tachykarden VHFA ausgegangen werden und sobald der Wundstatus dies erlaubt wäre eine OAK mit einem Vitamin-K Antagonisten indiziert. Alternativ ein niedermolekulares Heparin in der 1,5 therapeutischen Dosis 1x täglich. Der langsame Kostaufbau wird vom Patienten gut toleriert, so dass die parenterale Ernährung am 23.11.2064 entfernt werden kann. Eine\nregelmäßige Stuhlsorge mit Colonorm und Molaxole wird eingeleitet. Der Patient hat unter dieser Therapie täglich Stuhl. Außerdem wird die jeden Tag fixe analgetische Therapie auf eine bedarfsorientierte Therapie umgestellt, worunter der Patient schmerzfrei ist. Regelmäßig durchgeführte Wundkontrollen zeigen eine gut fortschreitende\nWundheilung. Am 24.11.2064 wird ein Teil der Klammern entfernt und eine Sekundärnaht bei geringer Wunddehiszenz gesetzt. Dem Patienten und auch seinem Ehemann wird die Stomasorge mehrmals erklärt, sodass der Patient zum o.g. Datum in gutem altersentsprechendem Zustand beschwerdefrei, mobil und afebril entlassen werden kann.\n\n\nTherapieempfehlung 1-0-0 bei Schmerzen bis 3x30 tägl.\nLovenox 40 MG S.C. zur Stuhlregulierung bei Bedarf\nConcor 5 MG 1-0-0\nPantoloc 40 MG 0-0-2\nNovalgin Tr. b. Bedarf\n\n\nProcedere:\nRegelmäßige Wundkontrollen und VW jeden Tag oder jeden 2. Tag beim Hausarzt, Wundkontrolle in 2 Tage und danach in 1 Woche in unserer Ambulanz .\nEntfernung der Sekundärnähte in unserer Ambulanz in zwei Wochen vorgesehen.\n\nGeplanter Kontrolltermin am 20.12.64 um 10.00 Uhr an der klinischen Abteilung für Onkologie, davon abhängig Besprechung der Option einer pseudoadjuvanten Chemotherapie in Abhängigkeit der postoperativen Erholung des Patienten.\n\nBei Wundsekretion und/oder zunehmenden Schmerzen sowie Entzündungszeichen umgehende Wiedervorstellung in unserer Ambulanz, ansonsten nächste Wundkontrolle wie vereinbart.\n\nMit freundlichen Grüßen\n \n\nOA Dr. med. Jonathan Jörgensen,  Chefarzt PD. Dr. med. Jodok Jaffé-Lichtenstein"
    },
    {
      "%ID": 2,
      "%TYPE": "webanno.custom.PHI",
      "kind": "DATE",
      "begin": 83,
      "end": 93,
      "@sofa": 1
    },
    {
      "%ID": 3,
      "%TYPE": "webanno.custom.PHI",
      "kind": "DATE",
      "begin": 184,
      "end": 192,
      "@sofa": 1
    },
    {
      "%ID": 4,
      "%TYPE": "webanno.custom.PHI",
      "kind": "DATE",
      "begin": 206,
      "end": 215,
      "@sofa": 1
    },
    {
      "%ID": 5,
      "%TYPE": "webanno.custom.PHI",
      "kind": "DATE",
      "begin": 220,
      "end": 230,
      "@sofa": 1
    },
    {
      "%ID": 6,
      "%TYPE": "webanno.custom.PHI",
      "kind": "DATE",
      "begin": 512,
      "end": 518,
      "@sofa": 1
    },
    {
      "%ID": 7,
      "%TYPE": "webanno.custom.PHI",
      "kind": "DATE",
      "begin": 726,
      "end": 730,
      "@sofa": 1
    },
    {
      "%ID": 8,
      "%TYPE": "webanno.custom.PHI",
      "kind": "DATE",
      "begin": 752,
      "end": 756,
      "@sofa": 1
    },
    {
      "%ID": 9,
      "%TYPE": "webanno.custom.PHI",
      "kind": "DATE",
      "begin": 761,
      "end": 765,
      "@sofa": 1
    },
    {
      "%ID": 10,
      "%TYPE": "webanno.custom.PHI",
      "kind": "DATE",
      "begin": 1023,
      "end": 1033,
      "@sofa": 1
    },
    {
      "%ID": 11,
      "%TYPE": "webanno.custom.PHI",
      "kind": "DATE",
      "begin": 1056,
      "end": 1062,
      "@sofa": 1
    },
    {
      "%ID": 12,
      "%TYPE": "webanno.custom.PHI",
      "kind": "DATE",
      "begin": 1693,
      "end": 1702,
      "@sofa": 1
    },
    {
      "%ID": 13,
      "%TYPE": "webanno.custom.PHI",
      "kind": "DATE",
      "begin": 1921,
      "end": 1930,
      "@sofa": 1
    },
    {
      "%ID": 14,
      "%TYPE": "webanno.custom.PHI",
      "kind": "DATE",
      "begin": 2640,
      "end": 2649,
      "@sofa": 1
    },
    {
      "%ID": 15,
      "%TYPE": "webanno.custom.PHI",
      "kind": "DATE",
      "begin": 3466,
      "end": 3470,
      "@sofa": 1
    },
    {
      "%ID": 16,
      "%TYPE": "webanno.custom.PHI",
      "kind": "DATE",
      "begin": 3606,
      "end": 3611,
      "@sofa": 1
    },
    {
      "%ID": 17,
      "%TYPE": "webanno.custom.PHI",
      "kind": "DATE",
      "begin": 4245,
      "end": 4255,
      "@sofa": 1
    },
    {
      "%ID": 18,
      "%TYPE": "webanno.custom.PHI",
      "kind": "DATE",
      "begin": 5854,
      "end": 5863,
      "@sofa": 1
    },
    {
      "%ID": 19,
      "%TYPE": "webanno.custom.PHI",
      "kind": "DATE",
      "begin": 6560,
      "end": 6569,
      "@sofa": 1
    },
    {
      "%ID": 20,
      "%TYPE": "webanno.custom.PHI",
      "kind": "DATE",
      "begin": 7540,
      "end": 7549,
      "@sofa": 1
    },
    {
      "%ID": 21,
      "%TYPE": "webanno.custom.PHI",
      "kind": "DATE",
      "begin": 7666,
      "end": 7674,
      "@sofa": 1
    },
    {
      "%ID": 22,
      "%TYPE": "webanno.custom.PHI",
      "kind": "DATE",
      "begin": 8835,
      "end": 8845,
      "@sofa": 1
    },
    {
      "%ID": 23,
      "%TYPE": "webanno.custom.PHI",
      "kind": "DATE",
      "begin": 9223,
      "end": 9233,
      "@sofa": 1
    },
    {
      "%ID": 24,
      "%TYPE": "webanno.custom.PHI",
      "kind": "DATE",
      "begin": 9965,
      "end": 9973,
      "@sofa": 1
    },
    {
      "%ID": 25,
      "%TYPE": "webanno.custom.PHI",
      "kind": "LOCATION_HOSPITAL",
      "begin": 34,
      "end": 67,
      "@sofa": 1
    },
    {
      "%ID": 26,
      "%TYPE": "webanno.custom.PHI",
      "kind": "NAME_PATIENT",
      "begin": 162,
      "end": 174,
      "@sofa": 1
    },
    {
      "%ID": 27,
      "%TYPE": "webanno.custom.PHI",
      "kind": "NAME_DOCTOR",
      "begin": 10376,
      "end": 10394,
      "@sofa": 1
    },
    {
      "%ID": 28,
      "%TYPE": "webanno.custom.PHI",
      "kind": "NAME_DOCTOR",
      "begin": 10419,
      "end": 10443,
      "@sofa": 1
    },
    {
      "%ID": 29,
      "%TYPE": "webanno.custom.PHI",
      "kind": "NAME_TITLE",
      "begin": 10364,
      "end": 10375,
      "@sofa": 1
    },
    {
      "%ID": 30,
      "%TYPE": "webanno.custom.PHI",
      "kind": "NAME_TITLE",
      "begin": 10406,
      "end": 10418,
      "@sofa": 1
    }
  ],
  "%VIEWS": {
    "_InitialView": {
      "%SOFA": 1,
      "%MEMBERS": [
        2,
        3,
        4,
        5,
        6,
        7,
        8,
        9,
        10,
        11,
        12,
        13,
        14,
        15,
        16,
        17,
        18,
        19,
        20,
        21,
        22,
        23,
        24,
        25,
        26,
        27,
        28,
        29,
        30
      ]
    }
  }
}