{
  "%TYPES": {
    "de.tudarmstadt.ukp.dkpro.core.api.segmentation.type.Sentence": {
      "%NAME": "de.tudarmstadt.ukp.dkpro.core.api.segmentation.type.Sentence",
      "%SUPER_TYPE": "uima.tcas.Annotation"
    },
    "webanno.custom.PHI": {
      "%NAME": "webanno.custom.PHI",
      "%SUPER_TYPE": "uima.tcas.Annotation",
      "kind": {
        "%NAME": "kind",
        "%RANGE": "uima.cas.String"
      }
    }
  },
  "%FEATURE_STRUCTURES": [
    {
      "%ID": 1,
      "%TYPE": "uima.cas.Sofa",
      "sofaNum": 1,
      "sofaID": "_InitialView",
      "mimeType": "text",
      "sofaString": "Sehr geehrte Frau Kollegin, sehr geehrter Herr Kollege, \n\nwir berichten über Frau GERODLSAUER, Gerli, 12.4.1977, die sich vom 06.07.2023 bis 17.07.2023 in unserer stationären Behandlung befand.\n\nAufnahmegrund:\nFortsetzung der palliativen Polychemotherapie nach dem FOLFOX-Schema, 4. Zyklus.\n\nHAUPT-UND NEBENDIAGNOSEN\nHauptdiagnose(n), ICD-10\nRektumkarzinom, (03/23), lokal weit fortgeschritten, C20\nTumoranämie, (03/23), D63.0\nZ.n. Port-a-cath Implantation April 2023\nArterieller Hypertonus (I10)\nAsthma bronchiale bei TypI-Allergie auf Hausstaubmilben und Schimmelpilze (J45.9)\nBinge Eating Störung\n\nVERLAUF DER TUMORERKRANKUNG\nOperation(en) und Histologie(n):\ndiagnostische PE (03/23)\nHisto: Adeno-CA\nStad.: p N+MX G2 K-RAS wt\nendständige Sigmoideostomie (03/23)\nMed.TU Therapie:\npall. PCT m. Folfox ab (05/23);  \n\n\nAnamnese:\n\nPatientin hat die letzte CTX: gut vertragen - keine Nebenwirkungen der Chemo.\n\nZustand bei Entlassung:\nStatus: guter AZ/EZ.\nInfektzeichen:keine\nHaut: intakt, blass\n\nPatientin: \n\nSchleimhäute: blass, intakt-unauffällig\nCaput/Collum: Mening.neg., HNAP frei, Pupillen rund, mw, ic, LR bds. direkt und indirekt prompt, LNN\npalpatorisch unauff.\nCor: HT, rein, rhythm., nc.\nPulmo: VA bds. keine RGs.\nAbdomen: BD weich, kein DS, kein LLS, keine Abwehrspannung, DG in allen Quadr rege, Stoma bland,\nLeber unter RB, Milz non palp., NL bds frei, keine path. Resistenzen tastbar. Perianalregion bland -\ndeutliche Besserung bezügl. Nässen/Bltg.\nGelenke/Extremitäten: aktiv und passiv frei beweglich, keine Ödeme, kein WDS, keine trophischen Läsionen,\nNeurologie: unauffällig.\n\nDurchgeführte Untersuchungen\nLabor bei Aufnahme\nLeuko 6.01, Ery 4.57, Hb 9.3, Ht 29.5, MCV 71.1m MCH 28.9, MCHC 30.3, Thrombo 220000, MPV 8.3, \nNa 145, K 3.1, Ca ges. 2.93, Krea 0.19, Hrst 14, Hrnsr 8.9, GFR 91.42, Bili 0.11, GGT 255, AST 56, \nALT 49, CK 113, CK-MB 64, LDH 225, PZ 101, PZ INr 0.99, aPTT 55.4, CRP 0.9; CEA: 223.1, CA19-9: 2.7\n\nMR-Oberbauch:\nLeber frei von parenchymersetz. Läsionen. \n\nZusammenfassung von Therapie und Verlauf\nDie stationäre Aufnahme von Frau Geroldsauer erfolgte zur Fortsetzung der pall. PCT nach dem FOLFOX-Schema,\nZyklus 4. Es wurde am Tag 1 Oxaliplatin 85mg/m², Calciumfolinat 400mg/m², 5FU als Bolus 400mg/m² und am\nTag 1 bis 2 5FU als 46-h-Gabe 2.400mg/m² verabreicht, die Therapie unter antiemetischer Begleitmaßnahmen\ngut vertragen.\n\nEmpfohlene Therapie\nLasix 40mg ½-0-0\nPantoloc 40mg 1-0-0\nFerretab 1-0-0\nMolaxole 2 x 1 Beutel\nCiproxin 500mg 1-0-1\nMexalen 500mg 1-0-1\nLovenox 40mg 1 x 1 s.c.\nNovalgin Tropfen 3 x 20gtt\nFortecortin 4mg 1-0-1 \nBei Übelkeit: Paspertin Tropfen bis 3 x 20gtt tgl.\n\nProcedere\nAm 19.3.2023 um 8:15 stationäre Wiederaufnahme in der Onkologie-Ambulanz 3 zur Fortsetzung der\nPolychemotherapie mit FOLFOX, 7. Zyklus, ev. mit Vectibix. \n\nMit freundlichen kollegialen Grüßen\n\nDr. med. Helmuth Leber     Prof. Dr. med Anna Alzheimer\n\n \n\n"
    },
    {
      "%ID": 2,
      "%TYPE": "webanno.custom.PHI",
      "kind": "DATE",
      "begin": 102,
      "end": 111,
      "@sofa": 1
    },
    {
      "%ID": 3,
      "%TYPE": "webanno.custom.PHI",
      "kind": "DATE",
      "begin": 126,
      "end": 136,
      "@sofa": 1
    },
    {
      "%ID": 4,
      "%TYPE": "webanno.custom.PHI",
      "kind": "DATE",
      "begin": 141,
      "end": 151,
      "@sofa": 1
    },
    {
      "%ID": 5,
      "%TYPE": "webanno.custom.PHI",
      "kind": "DATE",
      "begin": 359,
      "end": 364,
      "@sofa": 1
    },
    {
      "%ID": 6,
      "%TYPE": "webanno.custom.PHI",
      "kind": "DATE",
      "begin": 413,
      "end": 418,
      "@sofa": 1
    },
    {
      "%ID": 7,
      "%TYPE": "webanno.custom.PHI",
      "kind": "DATE",
      "begin": 457,
      "end": 467,
      "@sofa": 1
    },
    {
      "%ID": 8,
      "%TYPE": "webanno.custom.PHI",
      "kind": "DATE",
      "begin": 680,
      "end": 685,
      "@sofa": 1
    },
    {
      "%ID": 9,
      "%TYPE": "webanno.custom.PHI",
      "kind": "DATE",
      "begin": 758,
      "end": 763,
      "@sofa": 1
    },
    {
      "%ID": 10,
      "%TYPE": "webanno.custom.PHI",
      "kind": "DATE",
      "begin": 806,
      "end": 811,
      "@sofa": 1
    },
    {
      "%ID": 11,
      "%TYPE": "webanno.custom.PHI",
      "kind": "DATE",
      "begin": 2645,
      "end": 2654,
      "@sofa": 1
    },
    {
      "%ID": 12,
      "%TYPE": "webanno.custom.PHI",
      "kind": "NAME_PATIENT",
      "begin": 82,
      "end": 93,
      "@sofa": 1
    },
    {
      "%ID": 13,
      "%TYPE": "webanno.custom.PHI",
      "kind": "NAME_PATIENT",
      "begin": 95,
      "end": 100,
      "@sofa": 1
    },
    {
      "%ID": 14,
      "%TYPE": "webanno.custom.PHI",
      "kind": "NAME_PATIENT",
      "begin": 2071,
      "end": 2082,
      "@sofa": 1
    },
    {
      "%ID": 15,
      "%TYPE": "webanno.custom.PHI",
      "kind": "NAME_DOCTOR",
      "begin": 2844,
      "end": 2851,
      "@sofa": 1
    },
    {
      "%ID": 16,
      "%TYPE": "webanno.custom.PHI",
      "kind": "NAME_DOCTOR",
      "begin": 2876,
      "end": 2890,
      "@sofa": 1
    },
    {
      "%ID": 17,
      "%TYPE": "webanno.custom.PHI",
      "kind": "NAME_TITLE",
      "begin": 2835,
      "end": 2843,
      "@sofa": 1
    },
    {
      "%ID": 18,
      "%TYPE": "webanno.custom.PHI",
      "kind": "NAME_TITLE",
      "begin": 2862,
      "end": 2875,
      "@sofa": 1
    }
  ],
  "%VIEWS": {
    "_InitialView": {
      "%SOFA": 1,
      "%MEMBERS": [
        2,
        3,
        4,
        5,
        6,
        7,
        8,
        9,
        10,
        11,
        12,
        13,
        14,
        15,
        16,
        17,
        18
      ]
    }
  }
}