{
  "%TYPES": {
    "de.tudarmstadt.ukp.dkpro.core.api.segmentation.type.Sentence": {
      "%NAME": "de.tudarmstadt.ukp.dkpro.core.api.segmentation.type.Sentence",
      "%SUPER_TYPE": "uima.tcas.Annotation"
    },
    "webanno.custom.PHI": {
      "%NAME": "webanno.custom.PHI",
      "%SUPER_TYPE": "uima.tcas.Annotation",
      "kind": {
        "%NAME": "kind",
        "%RANGE": "uima.cas.String"
      }
    }
  },
  "%FEATURE_STRUCTURES": [
    {
      "%ID": 1,
      "%TYPE": "uima.cas.Sofa",
      "sofaNum": 1,
      "sofaID": "_InitialView",
      "mimeType": "text",
      "sofaString": "\n\nBefund - Ambulanz für Melanomnachsorge\n\nEberhard Ehrenberger, * 3.2.1959, wohnhaft in Klagenfurt\n\n2023-04-26\nAnamnese\n\nPatient kommt heute zur Kontrolle und Entscheidung  über weiteres  Procedere.\nHerr Ehrenberger entscheidet sich für die einjährige Interferontherapie.\n\nBeurteilung\n\nAufklärung über eine Interferontherapie erfolgte.  Dokumentation mitgegeben.\n \nDiagnose\n\nSt.p. TE eines Malignen Melanoms ( Level IV, TD 3,75mm)/ Oberbauch links  \nSt.p. NE tumorfrei und Sentinel Node -Exstirpation (tumorfrei)\nPsychose (ED 2018) seither Therapie mit Abilify + Cipralex\n\n\n Histologie\n\nHistologie vom 19.4.2023: Abtragung rechts: Dermaler melanocytärer Naevus.\n E-Nr.: 17217277: NE Oberbauch l: NE-präparat mit Narbengewebe.\n E-Nr.: 37844677 Patho Universitätsklinikum Klagenfurt: Sentinel Node, Leiste links: Tumofr. Sentinel node.\n E-Nr.: 17663757: TE Oberarm rechts: Angiolipom\n \nInspektion u. Palpation\n\nBlande Narbe im Bereich des Oberbauchs. Ein sichtbarer kleiner subkutaner Faden wird entfernt.\nLetzte Durchuntersuchungen:  Thoraxröntgen, OB-Sono, Son axillär, ing.:  unauffällig.\nRR: 145/85 mmHg\n\nLabor : incl. BB und Diff-BB, Elektrolyte (Na, K, Cl, Ca), Niere (Krea, Harnstoff, Harnsäure), Leber (Bili, AP, GGT, CHE, AST, ALT), Herz (CK, LDH), Pankreas (P-Amylase, Lipase), Glucose, CRP, Chol, Tri unauff. bis auf: Lipase 122, Cholesterin 219.\n\nProcedere\n\nEine stationäre Aufnahme zur Einleitung der  Interferontherapie wurde für  den 2.05.2023 auf Station 1502 um 14.30Uhr vereinbart.\n\nMedilkation:\nAbilifly 10 mg 1/2-0-0\n\n \n\n"
    },
    {
      "%ID": 2,
      "%TYPE": "webanno.custom.PHI",
      "kind": "DATE",
      "begin": 66,
      "end": 74,
      "@sofa": 1
    },
    {
      "%ID": 3,
      "%TYPE": "webanno.custom.PHI",
      "kind": "DATE",
      "begin": 100,
      "end": 104,
      "@sofa": 1
    },
    {
      "%ID": 4,
      "%TYPE": "webanno.custom.PHI",
      "kind": "DATE",
      "begin": 100,
      "end": 110,
      "@sofa": 1
    },
    {
      "%ID": 5,
      "%TYPE": "webanno.custom.PHI",
      "kind": "DATE",
      "begin": 105,
      "end": 110,
      "@sofa": 1
    },
    {
      "%ID": 6,
      "%TYPE": "webanno.custom.PHI",
      "kind": "DATE",
      "begin": 526,
      "end": 530,
      "@sofa": 1
    },
    {
      "%ID": 7,
      "%TYPE": "webanno.custom.PHI",
      "kind": "DATE",
      "begin": 602,
      "end": 611,
      "@sofa": 1
    },
    {
      "%ID": 8,
      "%TYPE": "webanno.custom.PHI",
      "kind": "DATE",
      "begin": 1447,
      "end": 1456,
      "@sofa": 1
    },
    {
      "%ID": 9,
      "%TYPE": "webanno.custom.PHI",
      "kind": "ID",
      "begin": 670,
      "end": 678,
      "@sofa": 1
    },
    {
      "%ID": 10,
      "%TYPE": "webanno.custom.PHI",
      "kind": "ID",
      "begin": 734,
      "end": 742,
      "@sofa": 1
    },
    {
      "%ID": 11,
      "%TYPE": "webanno.custom.PHI",
      "kind": "ID",
      "begin": 842,
      "end": 850,
      "@sofa": 1
    },
    {
      "%ID": 12,
      "%TYPE": "webanno.custom.PHI",
      "kind": "LOCATION_CITY",
      "begin": 88,
      "end": 98,
      "@sofa": 1
    },
    {
      "%ID": 13,
      "%TYPE": "webanno.custom.PHI",
      "kind": "LOCATION_HOSPITAL",
      "begin": 749,
      "end": 780,
      "@sofa": 1
    },
    {
      "%ID": 14,
      "%TYPE": "webanno.custom.PHI",
      "kind": "NAME_PATIENT",
      "begin": 42,
      "end": 62,
      "@sofa": 1
    },
    {
      "%ID": 15,
      "%TYPE": "webanno.custom.PHI",
      "kind": "NAME_PATIENT",
      "begin": 204,
      "end": 215,
      "@sofa": 1
    }
  ],
  "%VIEWS": {
    "_InitialView": {
      "%SOFA": 1,
      "%MEMBERS": [
        2,
        3,
        4,
        5,
        6,
        7,
        8,
        9,
        10,
        11,
        12,
        13,
        14,
        15
      ]
    }
  }
}