{
  "%TYPES": {
    "de.tudarmstadt.ukp.dkpro.core.api.segmentation.type.Sentence": {
      "%NAME": "de.tudarmstadt.ukp.dkpro.core.api.segmentation.type.Sentence",
      "%SUPER_TYPE": "uima.tcas.Annotation"
    },
    "webanno.custom.PHI": {
      "%NAME": "webanno.custom.PHI",
      "%SUPER_TYPE": "uima.tcas.Annotation",
      "kind": {
        "%NAME": "kind",
        "%RANGE": "uima.cas.String"
      }
    }
  },
  "%FEATURE_STRUCTURES": [
    {
      "%ID": 1,
      "%TYPE": "uima.cas.Sofa",
      "sofaNum": 1,
      "sofaID": "_InitialView",
      "mimeType": "text",
      "sofaString": "Kai Fleischmann, * 21.2.2008, \n\nSehr geehrte Frau Kollegin Schickedanz,\n\nwir berichten über o.g. Patienten, der sich vom 01.03.28 bis zum 15.05.28 in unserer stationären Behandlung befand.\n\nDiagnose:            \nEmotional instabile Persönlichkeitsstörung, Borderline-Typus (ICD 10: F60.31)\n\nAnamnese:            \nAktueller Aufnahmeanlass waren aggressive Verhaltensweisen gegenüber der Großmutter, bei der der Pat. seit Geburt lebt. Der Schulbesuch wurde von ihm im September 2027 abgebrochen. Bereits im Alter von 15 Jahren war er wegen Verhaltensauffälligkeiten kurzfristig in der Universitätsklinik Jena, danach für kurze Zeit in einer Pflegefamilie. Anschließend erfolgte ein kurzzeitiger Aufenthalt in einem Heim in Weimar. Im August 27 unternahm er einen Suizidversuch mit Alkohol und Tabletten, der eine Behandlung im Krankenhaus Naumburg erforderlich machte. Im November 27 wurde er dann eine Woche lang im ÖHK Mühlhausen behandelt. Dortige Diagnose: Adoleszentenkrise, v.a. Prodromalstadium einer schizophrenen Psychose.\n\nDie Großmutter gab an, dass es bei ihrem Enkel immer wieder zu hoch aggressiven Verhaltensweisen gekommen sei, im Rahmen derer er Möbel zerschlagen habe.\n\nDer Patient selbst gab bei der Aufnahme an, dass er sich über seine Großmutter so aufgeregt habe, dass er „ausgerastet“ sei. Den Suizidversuch 2027 begründete er mit der gescheiterten Beziehung zu seiner Freundin.\n\nDie Mutter des Patienten ist nach Angaben der Großmutter an einer schizophrenen Psychose erkrankt.\n\nPsychischer Befund: Bewusstseinsklarer, allseits orientierter Patient, der sich jetzt psychomotorisch ruhig verhält. Der Gedankengang ist etwas weitschweifig mit einer Tendenz zum Grübeln, ansonsten bestehen keine formalen und inhaltlichen Denkstörungen. Es finden sich auch keine Anhaltspunkte für akustische oder optische Halluzinationen. Vorherrschend sind ein Interessenverlust und Freudlosigkeit, verbunden mit einer generalisierten Hoffnungslosigkeit. Im direkten sowie telefonischen Kontakt zur Mutter bzw. Großmutter wird Herr Fleischmann schnell aufbrausend, laut und verbal aggressiv.\n\nKörperlicher Untersuchungsbefund: Der internistische und neurologische Status sind unauffällig.\n\nLaborwerte: Leuko 4,2*10³/µl, Hb 15,9 g/dl, HK 48,5 %, Thrombo 155*10³/µl, MCV 94 µm³.\n\nNormwerte für Na, K Ca, GOT, ?-GT, A-PT, CK, a-Amy, Gesamteiweiß, Blutzucker, Quick, PTT, BSG. TPHA neg.\n\nGPT 38 U/l, Harnstoff 21 mg/dl, Crea 1,24 mg/dl. Bilirubin 1,24 mg/dl.\n\nBei Aufnahme im Urin Keton stark positiv, bei Kontrolle negativ.\n\nIm Drogenscreening Benzodiazepine, Barbiturate, Amphetamine, Opiate, Kokain und Cannabinoide nicht nachweisbar.\n\nTSH im Normbereich.\n\nEKG: Normfrequenter Sinusrhythmus mit negativer Endstrecke in aVL.\n\nEEG: 10-11/Sek. a-EEG, kein Herdbefund, keine epilepsietypischen Potentiale.\n\nZusammenfassung, Therapie und -Verlauf: Psychopathologisch fällt bei Herrn Wieland insbesondere eine Instabilität im affektiven Bereich mit einer ausgeprägten Reizbarkeit und verbalen Wutausbrüchen auf, die sich im Gesprächskontakt mit der psychisch kranken Mutter äußert. Außerdem ist er leicht kränkbar und zeigt eine deutliche Selbstwertproblematik, verbunden mit einer Unsicherheit im Hinblick auf das Selbstbild, langfristige Ziele sowie persönliche Wertvorstellungen. Die Konfliktverarbeitung erfolgt vorwiegend projektiv, d.h. er neigt dazu, die Ursache für seine Probleme ausschließlich in seinen Bezugspersonen, also der Mutter und Großmutter zu sehen.\n\nDiagnostisch handelt es sich damit am ehesten um eine emotional instabile Persönlichkeitsstörung vom Borderline-Typus, wobei die Symptomatik natürlich auch Ausdruck eines Prodromalstadiums einer psychotischen Erkrankung sein könnte, für die bisher allerdings keine eindeutigen Anhaltspunkte vorliegen.\n\nIn therapeutischer Hinsicht erschien es vordringlich, den Patienten von der zur Überversorgung neigenden Großmutter und Mutter zu trennen, damit er eine eigene Lebensperspektive entwickeln kann. Deswegen wurde vereinbart, dass die Mutter ihn nur noch zweimal pro Woche besuchte, und dass er telefonischen Kontakt zu ihr nur noch von außerhalb der Station aufnahm.\n\nMedikamentös wurde mit Taxilan in einer Dosierung von 300 mg täglich behandelt.\n\nWährend der stationären Behandlung ist dann insofern eine Besserung eingetreten, als Herr Fleischmann schließlich weniger gereizt reagierte und sich insgesamt kooperativer zeigte. Er konnte in die Beschäftigungstherapie integriert werden und nahm im Rahmen der Arbeitstherapie außerdem am Kochtraining teil. Damit wurde versucht, dem Patienten in lebenspraktischen Bereichen zu mehr Selbständigkeit zu verhelfen. Herr Fleischmann hat dann selbst den Wunsch geäußert, mit Beginn des neuen Schuljahres seine unterbrochene Schulausbildung fortzusetzen. Von seiner Schule in Jena wurde bescheinigt, dass er ab September 28 die Jahrgangsstufe 13 des Technischen Gymnasiums besuchen kann, wenn sein gesundheitlicher Zustand dies zuläßt.\n\nAus unserer Sicht ist es außerdem dringend erforderlich, dass Herr Fleischmann nach Abschluss der jetzigen stationären Behandlung in absehbarer Zeit nicht mehr bei seiner Großmutter wohnt.\n\nWir haben daher Kontakt mit dem Kreisjugendamt aufgenommen mit der Frage, ob er von dort aus in eine geeignete Wohngruppe oder in eine eigene Wohnung vermittelt werden kann, in der eine psychosoziale Betreuung gewährleistet ist. Dazu wurde vom Jugendamt am 14.05.28 mitgeteilt, dass ein betreutes Jugendwohnen wegen mangelnder Selbständigkeit wohl nicht in Betracht komme, allenfalls die Unterbringung in einer geeigneten Wohngruppe. Herr Fuß vom Kreisjugendamt wird diesbezüglich mit Herrn Fleischmann nochmals Kontakt aufnehmen.\n\nDer Patient wurde mit Ablauf der Unterbringungsfrist am 15.05.28 wieder in Ihre ambulante Behandlung entlassen.\n\nUnsere letzte Therapie:            \nTaxilan Tbl. 100 mg            1½ -0-1½\n\nMit freundlichen Grüßen\n\n\t\nDr. W. Fleischmann\nArzt für Neurologie und Psychiatrie\nOberarzt für den Bereich\nRehabilitation und Sozialtherapie II"
    },
    {
      "%ID": 2,
      "%TYPE": "webanno.custom.PHI",
      "kind": "AGE",
      "begin": 515,
      "end": 517,
      "@sofa": 1
    },
    {
      "%ID": 3,
      "%TYPE": "webanno.custom.PHI",
      "kind": "DATE",
      "begin": 19,
      "end": 28,
      "@sofa": 1
    },
    {
      "%ID": 4,
      "%TYPE": "webanno.custom.PHI",
      "kind": "DATE",
      "begin": 121,
      "end": 129,
      "@sofa": 1
    },
    {
      "%ID": 5,
      "%TYPE": "webanno.custom.PHI",
      "kind": "DATE",
      "begin": 138,
      "end": 146,
      "@sofa": 1
    },
    {
      "%ID": 6,
      "%TYPE": "webanno.custom.PHI",
      "kind": "DATE",
      "begin": 466,
      "end": 480,
      "@sofa": 1
    },
    {
      "%ID": 7,
      "%TYPE": "webanno.custom.PHI",
      "kind": "DATE",
      "begin": 732,
      "end": 738,
      "@sofa": 1
    },
    {
      "%ID": 8,
      "%TYPE": "webanno.custom.PHI",
      "kind": "DATE",
      "begin": 732,
      "end": 741,
      "@sofa": 1
    },
    {
      "%ID": 9,
      "%TYPE": "webanno.custom.PHI",
      "kind": "DATE",
      "begin": 870,
      "end": 878,
      "@sofa": 1
    },
    {
      "%ID": 10,
      "%TYPE": "webanno.custom.PHI",
      "kind": "DATE",
      "begin": 870,
      "end": 881,
      "@sofa": 1
    },
    {
      "%ID": 11,
      "%TYPE": "webanno.custom.PHI",
      "kind": "DATE",
      "begin": 1329,
      "end": 1333,
      "@sofa": 1
    },
    {
      "%ID": 12,
      "%TYPE": "webanno.custom.PHI",
      "kind": "DATE",
      "begin": 4824,
      "end": 4836,
      "@sofa": 1
    },
    {
      "%ID": 13,
      "%TYPE": "webanno.custom.PHI",
      "kind": "DATE",
      "begin": 5397,
      "end": 5405,
      "@sofa": 1
    },
    {
      "%ID": 14,
      "%TYPE": "webanno.custom.PHI",
      "kind": "DATE",
      "begin": 5728,
      "end": 5736,
      "@sofa": 1
    },
    {
      "%ID": 15,
      "%TYPE": "webanno.custom.PHI",
      "kind": "LOCATION_HOSPITAL",
      "begin": 583,
      "end": 606,
      "@sofa": 1
    },
    {
      "%ID": 16,
      "%TYPE": "webanno.custom.PHI",
      "kind": "LOCATION_CITY",
      "begin": 721,
      "end": 727,
      "@sofa": 1
    },
    {
      "%ID": 17,
      "%TYPE": "webanno.custom.PHI",
      "kind": "LOCATION_HOSPITAL",
      "begin": 825,
      "end": 845,
      "@sofa": 1
    },
    {
      "%ID": 18,
      "%TYPE": "webanno.custom.PHI",
      "kind": "LOCATION_CITY",
      "begin": 919,
      "end": 929,
      "@sofa": 1
    },
    {
      "%ID": 19,
      "%TYPE": "webanno.custom.PHI",
      "kind": "LOCATION_CITY",
      "begin": 4789,
      "end": 4793,
      "@sofa": 1
    },
    {
      "%ID": 20,
      "%TYPE": "webanno.custom.PHI",
      "kind": "LOCATION_HOSPITAL",
      "begin": 5969,
      "end": 6002,
      "@sofa": 1
    },
    {
      "%ID": 21,
      "%TYPE": "webanno.custom.PHI",
      "kind": "NAME_PATIENT",
      "begin": 0,
      "end": 15,
      "@sofa": 1
    },
    {
      "%ID": 22,
      "%TYPE": "webanno.custom.PHI",
      "kind": "NAME_DOCTOR",
      "begin": 59,
      "end": 70,
      "@sofa": 1
    },
    {
      "%ID": 23,
      "%TYPE": "webanno.custom.PHI",
      "kind": "NAME_PATIENT",
      "begin": 2036,
      "end": 2047,
      "@sofa": 1
    },
    {
      "%ID": 24,
      "%TYPE": "webanno.custom.PHI",
      "kind": "NAME_PATIENT",
      "begin": 2881,
      "end": 2888,
      "@sofa": 1
    },
    {
      "%ID": 25,
      "%TYPE": "webanno.custom.PHI",
      "kind": "NAME_PATIENT",
      "begin": 4308,
      "end": 4319,
      "@sofa": 1
    },
    {
      "%ID": 26,
      "%TYPE": "webanno.custom.PHI",
      "kind": "NAME_PATIENT",
      "begin": 4636,
      "end": 4647,
      "@sofa": 1
    },
    {
      "%ID": 27,
      "%TYPE": "webanno.custom.PHI",
      "kind": "NAME_PATIENT",
      "begin": 5017,
      "end": 5028,
      "@sofa": 1
    },
    {
      "%ID": 28,
      "%TYPE": "webanno.custom.PHI",
      "kind": "NAME_PATIENT",
      "begin": 5579,
      "end": 5582,
      "@sofa": 1
    },
    {
      "%ID": 29,
      "%TYPE": "webanno.custom.PHI",
      "kind": "NAME_PATIENT",
      "begin": 5631,
      "end": 5642,
      "@sofa": 1
    },
    {
      "%ID": 30,
      "%TYPE": "webanno.custom.PHI",
      "kind": "NAME_DOCTOR",
      "begin": 5893,
      "end": 5907,
      "@sofa": 1
    },
    {
      "%ID": 31,
      "%TYPE": "webanno.custom.PHI",
      "kind": "NAME_TITLE",
      "begin": 5889,
      "end": 5892,
      "@sofa": 1
    }
  ],
  "%VIEWS": {
    "_InitialView": {
      "%SOFA": 1,
      "%MEMBERS": [
        2,
        3,
        4,
        5,
        6,
        7,
        8,
        9,
        10,
        11,
        12,
        13,
        14,
        15,
        16,
        17,
        18,
        19,
        20,
        21,
        22,
        23,
        24,
        25,
        26,
        27,
        28,
        29,
        30,
        31
      ]
    }
  }
}