{
  "%TYPES": {
    "de.tudarmstadt.ukp.dkpro.core.api.segmentation.type.Sentence": {
      "%NAME": "de.tudarmstadt.ukp.dkpro.core.api.segmentation.type.Sentence",
      "%SUPER_TYPE": "uima.tcas.Annotation"
    },
    "webanno.custom.PHI": {
      "%NAME": "webanno.custom.PHI",
      "%SUPER_TYPE": "uima.tcas.Annotation",
      "kind": {
        "%NAME": "kind",
        "%RANGE": "uima.cas.String"
      }
    }
  },
  "%FEATURE_STRUCTURES": [
    {
      "%ID": 1,
      "%TYPE": "uima.cas.Sofa",
      "sofaNum": 1,
      "sofaID": "_InitialView",
      "mimeType": "text",
      "sofaString": "Landeskrankenhaus Neustadt, Epilepsie-Einheit \n\nENTLASSUNGSBERICHT vom 24.11.2028  \n\nPatientin: Gebauer, Gerlinde geb. am 21.09.1967 \n\nWerte Frau Kollegin, werter Herr Kollege, \nhiermit berichte ich über unsere gemeinsame Patientin, welche sich vom 2.11. – 24.11.28 bei uns in stat. Behandlung befand. \nDurchgeführte Rehabilitationsmaßnahmen: \n\nAktivierende Pflege, Krankengymnastik Ergotherapie, Elektrotherapie (lnterferenzstrom), Massagen und lokale Wärmeapplikation und Psychologie. \n\nRehabilitationsverlauf und besondere Probleme: Es wurden Maßnahmen zur allgemeinen Roborierung, zur Verminderung von Schmerzen, zur Zunahme der muskulären Kraft und zum Training der Gedächtnisfunktionen durchgeführt. Die Rehabilitationsbehandlung gestaltete deutlich erschwert, da Frau Gebauer angesichts einer fortgeschrittenen demenziellen Entwicklung leider nicht mehr in der Lage war, auch bei intensivem und wiederholten Training einfacher Bewegungsabläufe, diese selbstständig sicher zu reproduzieren. \nNeben dem deutlich eingeschränkten Erinnerungsvermögen brachte auch die ausgeprägte Störung der örtlichen Orientierungsfähigkeit Probleme im Therapieablauf mit sich im Verlauf des stationären Aufenthaltes konnte eine leichte Verbesserung der Mobilität erzielt werden. Es bestand zuletzt eine sicher freie Sitz- und Standkontrolle. Geübt wurden auch das Gehen im freien Gelände auf unterschiedlichen Bodenbelägen und das Gehen von Steigungen. Hierbei waren Gehstrecken mit Rollator von über 100 Meter möglich. Treppen steigen von zwei Etagen unter Benutzung des Handlaufs aufwärts und abwärts war im Nachstell- und Wechselschritt möglich. Waschen, Duschen. Körperpflege und Ankleiden (bis auf das Anziehen von Kompressionsstrümpfen und das korrekte Anlegen der Lumbalbandage) konnten von der Patientin bis zuletzt nur unter Anleitung langsam selbstständig durchgeführt werden. Alle Transfers waren alleine ausreichend sicher. Toilettenbenutzung tagsüber und nachts alleine durchfuhrbar. Hinsichtlich der bestehenden Lumbalgien bei schweren Degenerationen und schwersten osteoporotischen Veränderungen des kaudalen Achsenskeletts konnten zwischenzeitlich geringfügige Verbesserungen erzielt werden. Unter der Anwendung des Morphinanalogon (Fentanyl [Durogesic-TTSD in Kombination mit peripher wirksamem Analgetikum (Metamizol [Novaminsulfon 500]) kam es immerhin zu einer befriedigenden Schmerzreduktion. Unter den angewendeten physikalischen Maßnahmen erbrachte leider keine Einzelmethode eine herausragende Besserung. Das von der Patientin mitgebrachte Korsett konnte aufgrund des Verschlussmechanismus von der Patientin nicht sicher zur Anwendung gebracht werden. Wir verordneten dementsprechend ein Lumbalmieder mit Klettverschluss. Rückenschonendes Verhalten wurde mit der Patientin geübt, konnte jedoch nicht sicher dauerhaft reproduziert werden.\nDie Antikoagulation erfolgte mit Phenprocoumon (Marcumar); die genaue Dosierung bitten wir der beiliegenden Kopie des Marcumarausweises zu entnehmen. Bei chronischer Herzinsuffizienz einerseits und chronischer Niereninsuffizienz und Exsikkoseneigung andererseits waren engmaschige Kontrollen und Anpassung der diuretischen Medikation erforderlich. \nAngesichts der bestehenden Unterschenkelödeme bei Varicosis und Herzinsuffizienz verordneten wir Antiemboliestrümpfe. Eine Modifikation der antihypertensiven Medikation war bei unauffälligen Blutdruckwerten nicht notwendig. Zwischenzeitlich aufgetretene Schmerzen im Bereich der Sehnen des Chiasma tendinum crurale behandelten wir erfolgreich mit Diclofenac-Salbenverbänden (Voltaren Emulgel). \nAufgrund der bekannten demenziellen Entwicklung wurde Frau Gebauer auch von unserer Psychologin betreut. Die neuropsychologische Untersuchung ergab Defizite in allen untersuchten Bereichen: Die kurz- und mittelfristige Merkfähigkeit ist erheblich eingeschränkt, bereits nach wenigen Minuten geht die Behaltensleistung gegen Null. Das kognitive Tempo ist reduziert, das abstrakt-logische Denken ist eingeschränkt. Handlungsplanung und räumliche Fähigkeiten sind ebenfalls beeinträchtigt. Die Patientin ist zeitlich nicht und örtlich eingeschränkt orientiert. Im Altgedächtnis bestehen Unsicherheiten. insgesamt entsprechen die Ergebnisse dem Bild einer bereits seit mehreren Jahren bestehenden, fortgeschrittenen Demenz. Da die Patientin selbst einfache Zusammenhänge nicht überblicken kann und unter einer schweren Merkfähigkeitsstörung leidet. benötigt sie in ihrem Alltag erhebliche Unterstützung, insbesondere bei neuen oder komplexeren Tätigkeiten.\nVerordnete Hilfsmittel für den nachstationären Bedarf: Toilettensitzerhöhung, Badewannenbrett mit Halterung. Greifzange, Lumbalbandage Lumbamed plus. Folgendes aus dem sozialmedizinischen Bereich wurde beantragt.  Beratung hinsichtlich des Schwerbehindertenrechts, wobei Frau Gebauer derzeit eine Antragstellung ablehnt. Ehemann und Tochter haben eine notariell beglaubigt Vorsorgevollmacht für die Patientin, es besteht außerdem eine Patientenverfügung. Beratung der Angehörigen und Antragstellung auf Einstufung in der Pflegeversicherung.   \nLabor: \nBKS 20 mm/h n. W., übrige Werte siehe Laborblatt in der Anlage. \n\nSonstige durchgeführte Untersuchungen: \nEKG vom 03.11.2028: Vorhofflimmern, Frequenz 65 bis SBO/min Normaltyp bis Steiltyp, T-Abflachungen in lll, aVL, Übergangszone V3. \nRöntgenthorax in zwei Ebenen vom 04.11.2028: Herz normal groß, betontes atr. Segment keine Stauung. Beide Lungen frei. Kein Ergussnachweis, keine Infiltrate. Rö-Thorax in zwei Ebenen vom 10.11.2028: Im Vergleich zur Voraufnahme vom 04.11.2028 keine Befundänderung, insbesondere keine Herzvergrößerung, keine Stauung, kein Erguss, keine Infiltrate. \nLWS in zwei Ebenen vom 04.11.2028: Linkskonvexe Skoliose und Steilfehlhaltung, massive Spondylarthrosen, Deckplattenimpression L1 und L5. Fischwirbelbildung L2 und L3, Weichteilverkalkungen links paravertebral. \nBWS in zwei Ebenen am 04.11.2028 1Keilwirbel BWK 12 sowie Deckplattenimpression BWK 11. Steilfehlhaltung der BVVS bei Skoliose. Keine Osteolysen. Zeichen der Osteopenie. \n\nLetzte Medikation\nDigitoxin Digimerck 0,07 1-O-0 \nLevothvroxin Euthyrox 75 1-0-0, nüchtern \nCitalopram Cipramil 20 1-1/2-0 \nMetamizol Novaminsulfon 500 1-1-1-1 \nPantoprazol Pantozol 40 1-0-0, nüchtern \nSimvastatin Simvahexal 10 0-0-1 \nValsartan Diovan 80 1-0-0 \nMemantin Ebixa 10 1-0-0 \nTorasemid Torem 10 1-0-0 \nVitamin D/Calcium Sandocal D Forte O-1-0 \nTransdermales Fentanvl Durogesic 50 ug/h alle drei Tage, zuletzt am 23.11.2008 \nPhenprocoumon Marcumar nach Quick/INR, siehe Ausweis \n \nWeitere Therapieempfehlunq:\nFortführung von Krankengymnastik zur weiteren Stabilsierung der Mobilisation, regelmäßiges Tragen des neu verordneten Lumbalmieders. Bei chronischem Vorhofflimmern ist eine langfristige Antikoagulation indiziert, welche mit Phenprocoumon (Marcoumar) durchgeführt wurde. Wir bitten um regelmäßige Kontrollen. \n\nWeitere Laborkontrollen: Regelmäßig Blutbild unter MetamizoI-Gabe, Kreatinin. Elektrolyte und Digitoxinspiegel. Um Anpassung der analgetischen Medikation entsprechend den Erfordernissen des im Vergleich zum Rehabilitationsalltag veränderten häuslichen Belastungsprofils wird gebeten. \nWir bitten um Beachtung einer ausreichenden Ernährung und angepassten Trinkmenge (zwischen 1,4 und 1,9 Liter tägl.) sowie angesichts der bestehenden Herzinsuffizienz um regelmäßige Gewichtskontrollen (aktuelles Entlassungsgewicht 66,4 kg). Überwachung der Medikamenteneinnahme, ggf. im Rahmen von Behandlungspflege. \n\nMit freundl. kollegialen Grüßen \nPrim. DDr. Herwig Leber\n\n\n"
    },
    {
      "%ID": 2,
      "%TYPE": "webanno.custom.PHI",
      "kind": "DATE",
      "begin": 71,
      "end": 81,
      "@sofa": 1
    },
    {
      "%ID": 3,
      "%TYPE": "webanno.custom.PHI",
      "kind": "DATE",
      "begin": 122,
      "end": 132,
      "@sofa": 1
    },
    {
      "%ID": 4,
      "%TYPE": "webanno.custom.PHI",
      "kind": "DATE",
      "begin": 249,
      "end": 254,
      "@sofa": 1
    },
    {
      "%ID": 5,
      "%TYPE": "webanno.custom.PHI",
      "kind": "DATE",
      "begin": 257,
      "end": 265,
      "@sofa": 1
    },
    {
      "%ID": 6,
      "%TYPE": "webanno.custom.PHI",
      "kind": "DATE",
      "begin": 5212,
      "end": 5222,
      "@sofa": 1
    },
    {
      "%ID": 7,
      "%TYPE": "webanno.custom.PHI",
      "kind": "DATE",
      "begin": 5368,
      "end": 5378,
      "@sofa": 1
    },
    {
      "%ID": 8,
      "%TYPE": "webanno.custom.PHI",
      "kind": "DATE",
      "begin": 5522,
      "end": 5532,
      "@sofa": 1
    },
    {
      "%ID": 9,
      "%TYPE": "webanno.custom.PHI",
      "kind": "DATE",
      "begin": 5567,
      "end": 5577,
      "@sofa": 1
    },
    {
      "%ID": 10,
      "%TYPE": "webanno.custom.PHI",
      "kind": "DATE",
      "begin": 5707,
      "end": 5717,
      "@sofa": 1
    },
    {
      "%ID": 11,
      "%TYPE": "webanno.custom.PHI",
      "kind": "DATE",
      "begin": 5918,
      "end": 5928,
      "@sofa": 1
    },
    {
      "%ID": 12,
      "%TYPE": "webanno.custom.PHI",
      "kind": "DATE",
      "begin": 6491,
      "end": 6501,
      "@sofa": 1
    },
    {
      "%ID": 13,
      "%TYPE": "webanno.custom.PHI",
      "kind": "LOCATION_HOSPITAL",
      "begin": 0,
      "end": 26,
      "@sofa": 1
    },
    {
      "%ID": 14,
      "%TYPE": "webanno.custom.PHI",
      "kind": "NAME_PATIENT",
      "begin": 96,
      "end": 113,
      "@sofa": 1
    },
    {
      "%ID": 15,
      "%TYPE": "webanno.custom.PHI",
      "kind": "NAME_PATIENT",
      "begin": 775,
      "end": 782,
      "@sofa": 1
    },
    {
      "%ID": 16,
      "%TYPE": "webanno.custom.PHI",
      "kind": "NAME_PATIENT",
      "begin": 3652,
      "end": 3659,
      "@sofa": 1
    },
    {
      "%ID": 17,
      "%TYPE": "webanno.custom.PHI",
      "kind": "NAME_PATIENT",
      "begin": 4822,
      "end": 4829,
      "@sofa": 1
    },
    {
      "%ID": 18,
      "%TYPE": "webanno.custom.PHI",
      "kind": "NAME_DOCTOR",
      "begin": 7544,
      "end": 7550,
      "@sofa": 1
    }
  ],
  "%VIEWS": {
    "_InitialView": {
      "%SOFA": 1,
      "%MEMBERS": [
        2,
        3,
        4,
        5,
        6,
        7,
        8,
        9,
        10,
        11,
        12,
        13,
        14,
        15,
        16,
        17,
        18
      ]
    }
  }
}