{
  "%TYPES": {
    "de.tudarmstadt.ukp.dkpro.core.api.segmentation.type.Sentence": {
      "%NAME": "de.tudarmstadt.ukp.dkpro.core.api.segmentation.type.Sentence",
      "%SUPER_TYPE": "uima.tcas.Annotation"
    },
    "webanno.custom.PHI": {
      "%NAME": "webanno.custom.PHI",
      "%SUPER_TYPE": "uima.tcas.Annotation",
      "kind": {
        "%NAME": "kind",
        "%RANGE": "uima.cas.String"
      }
    }
  },
  "%FEATURE_STRUCTURES": [
    {
      "%ID": 1,
      "%TYPE": "uima.cas.Sofa",
      "sofaNum": 1,
      "sofaID": "_InitialView",
      "mimeType": "text",
      "sofaString": "Hals-Nasen-Ohren-Klinik\nKlinikdirektor: Univ. Prof. Dr. mult. Pinocchio Cwerg-Nase\nA-2236 Opfing, Heldenplatz 16, Tel.: 0816/333-13283, Fax: 0816/333-13284\n \n \n\nHerrn\nDr. Pierre JOUBERT Innsbrucker Landstraße 22a\nA-2236 Opfing\n \n\n\nZur Vorlage bei Ihrer/Ihrem Ärztin/Arzt\n\n\n\nDr. Pierre JOUBERT\nGeboren am: 03.03.1973\nInnsbrucker Landstraße 22a\nA-2236 Opfing\n \nAllgemeine Ambulanz\n\nAmbulant am 08.07.2026\nFallnummer:\tA-202344102\n\nVersicherung: BVA\n\n\nBefund\n \nangelegt am 08.07.2026 gedruckt am 08.07.2026\n \n\nAnamnese: Seit 10 Tagen grippaler Infekt ohne Fieber, seit 3 Tagen zunehmende stechende\nKopfschmerzen und Druckgefühl frontal, begleitend Husten, Niesanfälle, Medikation: seit\n10 Tagen Nasevin NT, Paracetmol bei Bedarf Allergien: Pollen\n\nRechtes Ohr: kein Tragusdruckschmerz, kein Mastoisklopfschmerz, Gehörgang bland, Tf unauff., Vasalva pos.\n\nlinkes Ohr: \nkein Tragusdruckschmerz, kein Mastoisklopfschmerz, Gehörgang bland, Tf unauff., Vassalva pos.\n\nNase: leicht SH Rötung \n\nNasenrachen: leicht gerötet \n\nMundrachen: mäsig gerötet\n\nKehlkopf: soweit bei Würgereiz einsahbar unauffällig\n\nSonstiges: Lnn submandibulär, nuchal und pariaurikulär unaufällig\n\n\nDiagnose(n)\nSinusitis frontalis\n\nEmpfohlene  Untersuchung{en)\nEmpf. täglich HE u. lnhal. in unserer Ambulanz  sowie Vibramycin 100 heute 2x1, dann  weiter 1x1, Otrivin Tropfen  3xtgl. in die  Nase, Antiphlogistika bei Bedarf. Eine Ko.  wurde  für  morgen  für neuerlich HE u.  Inhalation vereinbart.\n\n\n\n"
    },
    {
      "%ID": 2,
      "%TYPE": "webanno.custom.PHI",
      "kind": "CONTACT_PHONE",
      "begin": 120,
      "end": 134,
      "@sofa": 1
    },
    {
      "%ID": 3,
      "%TYPE": "webanno.custom.PHI",
      "kind": "CONTACT_FAX",
      "begin": 141,
      "end": 155,
      "@sofa": 1
    },
    {
      "%ID": 4,
      "%TYPE": "webanno.custom.PHI",
      "kind": "DATE",
      "begin": 305,
      "end": 315,
      "@sofa": 1
    },
    {
      "%ID": 5,
      "%TYPE": "webanno.custom.PHI",
      "kind": "DATE",
      "begin": 392,
      "end": 402,
      "@sofa": 1
    },
    {
      "%ID": 6,
      "%TYPE": "webanno.custom.PHI",
      "kind": "DATE",
      "begin": 469,
      "end": 479,
      "@sofa": 1
    },
    {
      "%ID": 7,
      "%TYPE": "webanno.custom.PHI",
      "kind": "DATE",
      "begin": 492,
      "end": 502,
      "@sofa": 1
    },
    {
      "%ID": 8,
      "%TYPE": "webanno.custom.PHI",
      "kind": "ID",
      "begin": 415,
      "end": 426,
      "@sofa": 1
    },
    {
      "%ID": 9,
      "%TYPE": "webanno.custom.PHI",
      "kind": "LOCATION_HOSPITAL",
      "begin": 24,
      "end": 38,
      "@sofa": 1
    },
    {
      "%ID": 10,
      "%TYPE": "webanno.custom.PHI",
      "kind": "LOCATION_CITY",
      "begin": 90,
      "end": 96,
      "@sofa": 1
    },
    {
      "%ID": 11,
      "%TYPE": "webanno.custom.PHI",
      "kind": "LOCATION_STREET",
      "begin": 98,
      "end": 112,
      "@sofa": 1
    },
    {
      "%ID": 12,
      "%TYPE": "webanno.custom.PHI",
      "kind": "LOCATION_STREET",
      "begin": 186,
      "end": 211,
      "@sofa": 1
    },
    {
      "%ID": 13,
      "%TYPE": "webanno.custom.PHI",
      "kind": "LOCATION_CITY",
      "begin": 220,
      "end": 226,
      "@sofa": 1
    },
    {
      "%ID": 14,
      "%TYPE": "webanno.custom.PHI",
      "kind": "LOCATION_STREET",
      "begin": 316,
      "end": 341,
      "@sofa": 1
    },
    {
      "%ID": 15,
      "%TYPE": "webanno.custom.PHI",
      "kind": "LOCATION_CITY",
      "begin": 350,
      "end": 356,
      "@sofa": 1
    },
    {
      "%ID": 16,
      "%TYPE": "webanno.custom.PHI",
      "kind": "NAME_DOCTOR",
      "begin": 171,
      "end": 185,
      "@sofa": 1
    },
    {
      "%ID": 17,
      "%TYPE": "webanno.custom.PHI",
      "kind": "NAME_DOCTOR",
      "begin": 278,
      "end": 292,
      "@sofa": 1
    },
    {
      "%ID": 18,
      "%TYPE": "webanno.custom.PHI",
      "kind": "NAME_TITLE",
      "begin": 167,
      "end": 170,
      "@sofa": 1
    },
    {
      "%ID": 19,
      "%TYPE": "webanno.custom.PHI",
      "kind": "NAME_TITLE",
      "begin": 274,
      "end": 277,
      "@sofa": 1
    }
  ],
  "%VIEWS": {
    "_InitialView": {
      "%SOFA": 1,
      "%MEMBERS": [
        2,
        3,
        4,
        5,
        6,
        7,
        8,
        9,
        10,
        11,
        12,
        13,
        14,
        15,
        16,
        17,
        18,
        19
      ]
    }
  }
}