{
  "%TYPES": {
    "de.tudarmstadt.ukp.dkpro.core.api.segmentation.type.Sentence": {
      "%NAME": "de.tudarmstadt.ukp.dkpro.core.api.segmentation.type.Sentence",
      "%SUPER_TYPE": "uima.tcas.Annotation"
    },
    "webanno.custom.PHI": {
      "%NAME": "webanno.custom.PHI",
      "%SUPER_TYPE": "uima.tcas.Annotation",
      "kind": {
        "%NAME": "kind",
        "%RANGE": "uima.cas.String"
      }
    }
  },
  "%FEATURE_STRUCTURES": [
    {
      "%ID": 1,
      "%TYPE": "uima.cas.Sofa",
      "sofaNum": 1,
      "sofaID": "_InitialView",
      "mimeType": "text",
      "sofaString": "Dr. Katharina Leitner, * 23.11.1992, wohnhaft Afritschgasse 22, 9010 Klagenfurt\n\n\nSehr geehrte Frau Kollegin,\n\nwir behandelten die o.g. Patientin vom 26.05.2019 bis zum 30.05.2019 in unserer Klinik.\nDiagnose: Innen- und Außenmeniskuskorbhenkelriß mit Ruptur des vorederen Kreuzbandes und Elongation.  \nTherapie: Athroskopische Refixation des Innen- und Außenmeniskus und Glättung des vorderen Kreuzbandes am 27.05.2019\n\nDie Vorgeschichte dürfen wir freundlicherweise als bekannt vorraussetzen.\n\nNach entsprechender Vorbereitung führten wir den o.g. Eingriff durch. Es ergaben sich im intra- und postoperativen Verlauf keine Komplikationen. Die Wunde heilte primär. Die krankengymnastische Mobilisierung erfolgte in einer Kniegelenksorthese mit Fixierung auf Ext/Flex 0-0-60°.\nMedikamente: Clexane, Ibuprofen, Nexium\nProceder: Weitere Mobilisation von Fr. Dr.Leitner unter TB 20kg für 6 Wochen in der Orthese mit Limitierung der Flexion auf 60° für 2 Wochen, dann 2 Wochen 90°, anschließend Freigabe. Med. Thromboseprophylaxe mit niedermol. Heparin bis zur schmerzfreien VB.\n\nMit freundlichen Grüßen\n\nDr.a med. univ. Kristina Zipperling\nStationsärztin\n\n"
    },
    {
      "%ID": 2,
      "%TYPE": "webanno.custom.PHI",
      "kind": "DATE",
      "begin": 25,
      "end": 35,
      "@sofa": 1
    },
    {
      "%ID": 3,
      "%TYPE": "webanno.custom.PHI",
      "kind": "DATE",
      "begin": 150,
      "end": 160,
      "@sofa": 1
    },
    {
      "%ID": 4,
      "%TYPE": "webanno.custom.PHI",
      "kind": "DATE",
      "begin": 169,
      "end": 179,
      "@sofa": 1
    },
    {
      "%ID": 5,
      "%TYPE": "webanno.custom.PHI",
      "kind": "DATE",
      "begin": 408,
      "end": 418,
      "@sofa": 1
    },
    {
      "%ID": 6,
      "%TYPE": "webanno.custom.PHI",
      "kind": "LOCATION_STREET",
      "begin": 46,
      "end": 62,
      "@sofa": 1
    },
    {
      "%ID": 7,
      "%TYPE": "webanno.custom.PHI",
      "kind": "NAME_PATIENT",
      "begin": 4,
      "end": 21,
      "@sofa": 1
    },
    {
      "%ID": 8,
      "%TYPE": "webanno.custom.PHI",
      "kind": "NAME_DOCTOR",
      "begin": 858,
      "end": 865,
      "@sofa": 1
    },
    {
      "%ID": 9,
      "%TYPE": "webanno.custom.PHI",
      "kind": "NAME_DOCTOR",
      "begin": 1116,
      "end": 1135,
      "@sofa": 1
    },
    {
      "%ID": 10,
      "%TYPE": "webanno.custom.PHI",
      "kind": "NAME_TITLE",
      "begin": 0,
      "end": 3,
      "@sofa": 1
    },
    {
      "%ID": 11,
      "%TYPE": "webanno.custom.PHI",
      "kind": "NAME_TITLE",
      "begin": 855,
      "end": 858,
      "@sofa": 1
    }
  ],
  "%VIEWS": {
    "_InitialView": {
      "%SOFA": 1,
      "%MEMBERS": [
        2,
        3,
        4,
        5,
        6,
        7,
        8,
        9,
        10,
        11
      ]
    }
  }
}