{
  "%TYPES": {
    "de.tudarmstadt.ukp.dkpro.core.api.segmentation.type.Sentence": {
      "%NAME": "de.tudarmstadt.ukp.dkpro.core.api.segmentation.type.Sentence",
      "%SUPER_TYPE": "uima.tcas.Annotation"
    },
    "webanno.custom.PHI": {
      "%NAME": "webanno.custom.PHI",
      "%SUPER_TYPE": "uima.tcas.Annotation",
      "kind": {
        "%NAME": "kind",
        "%RANGE": "uima.cas.String"
      }
    }
  },
  "%FEATURE_STRUCTURES": [
    {
      "%ID": 1,
      "%TYPE": "uima.cas.Sofa",
      "sofaNum": 1,
      "sofaID": "_InitialView",
      "mimeType": "text",
      "sofaString": "Spital der barmherzigen Schwestern St. Johann am Bergle\nKlinik für Chirurgie\nKlinikvorstand: o.Univ. Prof. Dr. Hans Wurst\n \nA-3336 St. Johann am Bergle\nSonnblick 32,\nTelefon +43 (453) 14-DW, Fax +43 (453) 14-592-12098\n \n\nAmbulanz für Endoskopie\nLeitender Oberarzt: Dr. Jonathan Darmstädter\n \n\nZur Vorlage bei Ihrer/Ihrem Ärztin/Arzt\n\n\n\nIsabella Meulengracht\nHauptstraße 3a \nA-3337 St. Anna im Tale\n\n\ngeboren am:  31.12.1999\nFallzahl: \t103354008\nSV Nr.: \t4445311299\n \n\n\nEndoskopischer Befund vom 29.01.2039\nKoloskopie\n\n \nPrämedikation: 23ml Propofel 1%. O2-Gabe und Monitoring (Herzfrequenz und Sättigung). \n\nUntersuchungsmodus: Es handelt sich um eine elektive Untersuchung.\n\nIndikationen: VU-Koloskopie.\n\nColon: Vom rektosigmoidalen Übergang bis re Flexur finden sich mehrere Divertikel, allesamt bland und reizlos, jedoch viele mit Stuhl impaktiert, wie auch der gesamte Kolonrahmen immer wieder voll wandhaftendem Stuhl sich präsentiert, sodaß die Beurteilbarkeit sehr eingeschränkt ist.\nBei 60 cm ab ano findet sich ein makr. JNET Typ I, welcher mit der Radial Jaw Zange abgetragen wird und die Abtragungsstelle mit einem Hämeclip gesichert wird. Ab der rechten Flexur bis Coecalpol keine Beurteilbarkeit gegeben. Beim Zurückziehen kommen Hämorrhoiden 1° zur Darstellung.\n\nDiagnosen - Colon: Hämorrhodien 1°, Divertikulose, Dickdarmpolyp bei 55 cm ab ano.\n\nProbeexzision: Glas 1: 55 cm ab ano, Polyp, Adenom, CA? \n\nKontrollen: Wiedervorstellung abhängig vom histologischen Befund.\n\nTherapie-Empfehlung: Ausreichend Flüssigkeitszufuhr bis zu 1,5 Ud, zur Stuhlsorge bei Bedarf Lävolac 3x1/EL oder Molaxole, oder Flohsamen ins Müsli. Ernährungsbroschüre wird mitgegeben.\n\nHistologie: Histologie offen.\n\n"
    },
    {
      "%ID": 2,
      "%TYPE": "webanno.custom.PHI",
      "kind": "CONTACT_PHONE",
      "begin": 178,
      "end": 187,
      "@sofa": 1
    },
    {
      "%ID": 3,
      "%TYPE": "webanno.custom.PHI",
      "kind": "CONTACT_FAX",
      "begin": 196,
      "end": 217,
      "@sofa": 1
    },
    {
      "%ID": 4,
      "%TYPE": "webanno.custom.PHI",
      "kind": "DATE",
      "begin": 413,
      "end": 423,
      "@sofa": 1
    },
    {
      "%ID": 5,
      "%TYPE": "webanno.custom.PHI",
      "kind": "DATE",
      "begin": 495,
      "end": 505,
      "@sofa": 1
    },
    {
      "%ID": 6,
      "%TYPE": "webanno.custom.PHI",
      "kind": "ID",
      "begin": 435,
      "end": 444,
      "@sofa": 1
    },
    {
      "%ID": 7,
      "%TYPE": "webanno.custom.PHI",
      "kind": "ID",
      "begin": 454,
      "end": 464,
      "@sofa": 1
    },
    {
      "%ID": 8,
      "%TYPE": "webanno.custom.PHI",
      "kind": "LOCATION_HOSPITAL",
      "begin": 0,
      "end": 55,
      "@sofa": 1
    },
    {
      "%ID": 9,
      "%TYPE": "webanno.custom.PHI",
      "kind": "LOCATION_HOSPITAL",
      "begin": 77,
      "end": 91,
      "@sofa": 1
    },
    {
      "%ID": 10,
      "%TYPE": "webanno.custom.PHI",
      "kind": "LOCATION_HOSPITAL",
      "begin": 131,
      "end": 151,
      "@sofa": 1
    },
    {
      "%ID": 11,
      "%TYPE": "webanno.custom.PHI",
      "kind": "LOCATION_STREET",
      "begin": 152,
      "end": 164,
      "@sofa": 1
    },
    {
      "%ID": 12,
      "%TYPE": "webanno.custom.PHI",
      "kind": "LOCATION_STREET",
      "begin": 358,
      "end": 371,
      "@sofa": 1
    },
    {
      "%ID": 13,
      "%TYPE": "webanno.custom.PHI",
      "kind": "LOCATION_CITY",
      "begin": 381,
      "end": 389,
      "@sofa": 1
    },
    {
      "%ID": 14,
      "%TYPE": "webanno.custom.PHI",
      "kind": "NAME_DOCTOR",
      "begin": 111,
      "end": 121,
      "@sofa": 1
    },
    {
      "%ID": 15,
      "%TYPE": "webanno.custom.PHI",
      "kind": "NAME_DOCTOR",
      "begin": 269,
      "end": 289,
      "@sofa": 1
    },
    {
      "%ID": 16,
      "%TYPE": "webanno.custom.PHI",
      "kind": "NAME_DOCTOR",
      "begin": 336,
      "end": 357,
      "@sofa": 1
    },
    {
      "%ID": 17,
      "%TYPE": "webanno.custom.PHI",
      "kind": "NAME_PATIENT",
      "begin": 393,
      "end": 397,
      "@sofa": 1
    },
    {
      "%ID": 18,
      "%TYPE": "webanno.custom.PHI",
      "kind": "NAME_TITLE",
      "begin": 101,
      "end": 110,
      "@sofa": 1
    },
    {
      "%ID": 19,
      "%TYPE": "webanno.custom.PHI",
      "kind": "NAME_TITLE",
      "begin": 265,
      "end": 268,
      "@sofa": 1
    }
  ],
  "%VIEWS": {
    "_InitialView": {
      "%SOFA": 1,
      "%MEMBERS": [
        2,
        3,
        4,
        5,
        6,
        7,
        8,
        9,
        10,
        11,
        12,
        13,
        14,
        15,
        16,
        17,
        18,
        19
      ]
    }
  }
}