{
  "%TYPES": {
    "de.tudarmstadt.ukp.dkpro.core.api.segmentation.type.Sentence": {
      "%NAME": "de.tudarmstadt.ukp.dkpro.core.api.segmentation.type.Sentence",
      "%SUPER_TYPE": "uima.tcas.Annotation"
    },
    "webanno.custom.PHI": {
      "%NAME": "webanno.custom.PHI",
      "%SUPER_TYPE": "uima.tcas.Annotation",
      "kind": {
        "%NAME": "kind",
        "%RANGE": "uima.cas.String"
      }
    }
  },
  "%FEATURE_STRUCTURES": [
    {
      "%ID": 1,
      "%TYPE": "uima.cas.Sofa",
      "sofaNum": 1,
      "sofaID": "_InitialView",
      "mimeType": "text",
      "sofaString": "\nFranz-Josef Meyr geb. 12.9.1940,\n\nSehr geehrte Frau Kollegin, sehr geehrter Herr Kollege,\n\nwir berichten Ihnen nachfolgend über o.g. Patienten, der sich am 21.01.2023 in unserer teilstationären Behandlung befand.\nDiagnosen: \t\t\n1. Adenokarzinom des distalen Ösophagus (ED 02/2021)\n - Status nach kombinierter Radio-Chemotherapie 03 - 05/2021\n - Chemotherapie mit Xeloda 03-06/2022\n - Chemotherapie mit Carboplatin 07/2022\n - Chemotherapie mit Ixoten 10-11/2022\n - Aktuell: Progrediente Lebermetastasen\n2. Z.n. Blasenkarzinom 2007\n3. Infrarenales Bauchaortenaneurysma\n\nAktuell: Radio-Frequenz-Thermo-Ablation (RITA) der Lebermetastasen zur  Schmerzreduktion\n\nAnamnese: \nZur Vorgechichte dürfen wir auf die ausführlichen Berichte von der Uniklinik vom 14.11.2021 und 29.12.2022 sowie unseren Brief vom 14.1.2023 Bezug nehmen. Der Patient berichtet über Opstipation im Rahmen der Tramal-Einnahme, weswegen dies von ihm abgesetzt wurde. Novalgin Trpf. brachten inzwischen keine Verbesserung der Schmerzsituation mehr. So klagt Herr Meyr über starke Schmerzen in rechten Oberbauch mit Ausstrahlung in die rechte Schulter.\n\nLabor vom 21.1.23:\nLeukozyten 23,3 Tsd/µl; Erythrozyten 4,00 Mio/µl; Hämoglobin 10,9 g/dl; Hämatokrit 32,0 %; MCV 80,0 fl; MCH (HbE) 27,3 pg; MCHC 34,1 g/dl; Thrombozyten 428 Tsd/µl; Anisozytose  ; Quick 81  %; Intern. norm. Ratio 1,1 ; PTT 32 sec; \n\nHerr Meyr wurde zur RITA-Therapie teilstationär aufgenommen. Diese konnte komplikationslos durchgeführt werden. Der Patient war während des gesamten Aufenthaltes bei uns kreislaufstabil. Wir bitten um klinische Kontrolle über die nächsten Tage und Kontrolle des BB. Im Rahmen der Therapie tritt häufig Fieber auf welches mit Paracetamol behandelbar ist. Periinterventionell wurde mit Novalgin (p.o.) und Dolantin (s.c.) analgetisch behandelt. Die Schmerztherapie könnte auf Dauer auf ein Fentanyl-Pflaster (Durogesic, initial 25 µg) mit entsprechender Dosisanpassung umgestellt werden. Intermittierend würden wir über die Feiertage vorschlagen, kombiniert mit Novalgin und Tramal zu behandeln. Wir möchten den Patienten bitten, sich zur Besprechung des weiteren Procedere am 28.1.2023 bei uns einzufinden.\nEin ausführlicher Bericht folgt nicht. Für Rückfragen stehen wir Ihnen selbstverständlich gern zur Verfügung.\n\nMit freundlichen Grüßen\n\nKevin Schlauberger (Stationsarzt)\nProf. Dr. Gerald Chrohn (Chefarzt)\n \n"
    },
    {
      "%ID": 2,
      "%TYPE": "webanno.custom.PHI",
      "kind": "DATE",
      "begin": 23,
      "end": 32,
      "@sofa": 1
    },
    {
      "%ID": 3,
      "%TYPE": "webanno.custom.PHI",
      "kind": "DATE",
      "begin": 157,
      "end": 167,
      "@sofa": 1
    },
    {
      "%ID": 4,
      "%TYPE": "webanno.custom.PHI",
      "kind": "DATE",
      "begin": 272,
      "end": 279,
      "@sofa": 1
    },
    {
      "%ID": 5,
      "%TYPE": "webanno.custom.PHI",
      "kind": "DATE",
      "begin": 329,
      "end": 331,
      "@sofa": 1
    },
    {
      "%ID": 6,
      "%TYPE": "webanno.custom.PHI",
      "kind": "DATE",
      "begin": 334,
      "end": 341,
      "@sofa": 1
    },
    {
      "%ID": 7,
      "%TYPE": "webanno.custom.PHI",
      "kind": "DATE",
      "begin": 370,
      "end": 372,
      "@sofa": 1
    },
    {
      "%ID": 8,
      "%TYPE": "webanno.custom.PHI",
      "kind": "DATE",
      "begin": 373,
      "end": 380,
      "@sofa": 1
    },
    {
      "%ID": 9,
      "%TYPE": "webanno.custom.PHI",
      "kind": "DATE",
      "begin": 414,
      "end": 421,
      "@sofa": 1
    },
    {
      "%ID": 10,
      "%TYPE": "webanno.custom.PHI",
      "kind": "DATE",
      "begin": 450,
      "end": 452,
      "@sofa": 1
    },
    {
      "%ID": 11,
      "%TYPE": "webanno.custom.PHI",
      "kind": "DATE",
      "begin": 453,
      "end": 460,
      "@sofa": 1
    },
    {
      "%ID": 12,
      "%TYPE": "webanno.custom.PHI",
      "kind": "DATE",
      "begin": 525,
      "end": 529,
      "@sofa": 1
    },
    {
      "%ID": 13,
      "%TYPE": "webanno.custom.PHI",
      "kind": "DATE",
      "begin": 750,
      "end": 760,
      "@sofa": 1
    },
    {
      "%ID": 14,
      "%TYPE": "webanno.custom.PHI",
      "kind": "DATE",
      "begin": 765,
      "end": 775,
      "@sofa": 1
    },
    {
      "%ID": 15,
      "%TYPE": "webanno.custom.PHI",
      "kind": "DATE",
      "begin": 800,
      "end": 809,
      "@sofa": 1
    },
    {
      "%ID": 16,
      "%TYPE": "webanno.custom.PHI",
      "kind": "DATE",
      "begin": 1128,
      "end": 1135,
      "@sofa": 1
    },
    {
      "%ID": 17,
      "%TYPE": "webanno.custom.PHI",
      "kind": "DATE",
      "begin": 2144,
      "end": 2153,
      "@sofa": 1
    },
    {
      "%ID": 18,
      "%TYPE": "webanno.custom.PHI",
      "kind": "NAME_PATIENT",
      "begin": 1,
      "end": 17,
      "@sofa": 1
    },
    {
      "%ID": 19,
      "%TYPE": "webanno.custom.PHI",
      "kind": "NAME_PATIENT",
      "begin": 1028,
      "end": 1032,
      "@sofa": 1
    },
    {
      "%ID": 20,
      "%TYPE": "webanno.custom.PHI",
      "kind": "NAME_PATIENT",
      "begin": 1374,
      "end": 1378,
      "@sofa": 1
    },
    {
      "%ID": 21,
      "%TYPE": "webanno.custom.PHI",
      "kind": "NAME_DOCTOR",
      "begin": 2311,
      "end": 2329,
      "@sofa": 1
    },
    {
      "%ID": 22,
      "%TYPE": "webanno.custom.PHI",
      "kind": "NAME_DOCTOR",
      "begin": 2355,
      "end": 2368,
      "@sofa": 1
    },
    {
      "%ID": 23,
      "%TYPE": "webanno.custom.PHI",
      "kind": "NAME_TITLE",
      "begin": 2345,
      "end": 2354,
      "@sofa": 1
    }
  ],
  "%VIEWS": {
    "_InitialView": {
      "%SOFA": 1,
      "%MEMBERS": [
        2,
        3,
        4,
        5,
        6,
        7,
        8,
        9,
        10,
        11,
        12,
        13,
        14,
        15,
        16,
        17,
        18,
        19,
        20,
        21,
        22,
        23
      ]
    }
  }
}