{
  "%TYPES": {
    "de.tudarmstadt.ukp.dkpro.core.api.segmentation.type.Sentence": {
      "%NAME": "de.tudarmstadt.ukp.dkpro.core.api.segmentation.type.Sentence",
      "%SUPER_TYPE": "uima.tcas.Annotation"
    },
    "webanno.custom.PHI": {
      "%NAME": "webanno.custom.PHI",
      "%SUPER_TYPE": "uima.tcas.Annotation",
      "kind": {
        "%NAME": "kind",
        "%RANGE": "uima.cas.String"
      }
    }
  },
  "%FEATURE_STRUCTURES": [
    {
      "%ID": 1,
      "%TYPE": "uima.cas.Sofa",
      "sofaNum": 1,
      "sofaID": "_InitialView",
      "mimeType": "text",
      "sofaString": "Sehr geehrte Frau Kollegin, sehr geehrter Herr Kollege,\n\nwir berichten Ihnen nachfolgend über o.g. Patientin Marija Obradovic (*29.2.1984), die sich vom 04.11.2024 bis 09.11.2024 in unserer stationären Behandlung befand.\n\nDiagnose:\nSpindelzelliges Rhabdomyosarkom vom Erwachsenentyp ED 09/24 im linken Os pubis (lytisch-destruktive Veränderung ohne sichtbare RF, Biopsie), regionale IX-Metastase (PET-CT), PET pos. Herd Wirbelbogen Th 10\nStadium initial: T2 b, N 1, Ml, Stadium IV\nStadium aktuell: T2 b, N 1, Ml, Stadium IV\nAktueller Remissionsstand: ED\nRezeptorstatus I Phänotyp: kräftige Expression von Vimentin, relativ kräftige Zytokeratin 1/3-Expression, stellenweise kräftige MNF-Koexpression, schwache, teils mäßig starke Koexpression von sm-Aktin. Disseminiert Desmin-Expression. SI 00 wird nur fokal und ganz vereinzelt koexprimiert bei hoher proliferativer Aktivität in der MIB-IRektion (MIB-lndex 50 - 60 0/0). Myo Dl pos. Negativ sind h-Caldesmon, EMA,\nHormonrezeptoren.\nMRSA-/VRE-Status: ne/negativ\n\nAktueller Karnofsky-Index: 80 0/0\nGewicht Größe: 67kg / 174cm\n\nJetzt: Therapieeinleitung bei Erstdiagnose\n\nVerlauf und Therapie:\nseit Juni 2024\trez Schmerzen in linker Leiste, v.a. bei Bewegung, dann in Ruhe.\nOrthopädische Vorstellung in Belgrad, unter physiotherapeutische Behandlung mit Magnettherapie Verschlechterung der Schmerzen: Bildgebung mit CT und PET-CT: lytische Veränderung Os pupis links, PET pos. Herd Wirbelbogen Th10\n\n24.09.24 Erstvorstellung Orthopädie PD Dr. Pommerening: \nNicht zu unterscheiden zwischen Entzündung oder Tumor, Biopsie des Herdes \nMR Becken: Ausgedehnte, teils lytisch-destruktive, teils mehrsklerosierte Veränderungen des oberen und unteren Schambeinastes links, bis an die Symphyse reichend \n\n29.9.24 Inzisionsbiopsie Os pubis links: Histologie spindelzelliges Rhabdomyosarkom vom Erwachsenen-Typ (Referenzpathologie in Kiel bestätigt 23.10.24)\n\n22.10.24 Vorstellung im Sarkom-Tumorboard: neoadjuvante Chemotherapie, ggf. mit Radiotherapie kombinieren, kurzfristige Stagingkontrolle\n\n28.10.24 Vorstellung Ambulanz Prof. Wurster zur Therapieevaluation. Stationäre Aufnahme zur neoadjuvanten Chemotherapie\n\n05.11.24 Applikation Zoladex 10,8 mg (3-Monats-Depotspritze), Orgalutran 0,25 mg für 7 Tage s.c.\n\n06-07.11.2024 1. Zyklus VAIA Woche 1 (Vincristin dl=2 mg abs., Doxorubicin dl ,2 = mg/m 2 Ifosfamid 1,2 = 3000 mg/m2), Lonquex am 09.11.2024\n\nTherapieplan:\n - Neoadjuvante Chemotherapie mit VAIA Woche 1-6\n - Kurzfristige Staging Verlaufskontrolle im Rahmen des stationären Aufenthalts für die Gabe von Woche 4, im Verlauf Radiotherapie und Möglichkeit der Operabilität diskutieren\n- Ovarprotektion alle 3 Monate mit Zoladex (zuletzt am 05.11.2024), zusätzliche Applikation von Orgalutran nur in den ersten 14 Tagen (05.11-18.11.2024) erforderlich\n\nAktuelle Anamnese: Die stationäre Aufnahme von Frau Obradovic erfolgt zur Einleitung der geplanten neoadjuvanten Chemotherapie. Bei Aufnahme berichtet die Patientin über Schmerzen am Rücken nahe des Rippenbogens links. Ansonsten keine Neuigkeiten seit der Vorstellung in unserer Ambulanz, keine Infektzeichen wie Fieber, Husten/Auswurf, Diarrhoen oder Schmerzen beim Wasserlassen. Gewichtsverlust von 4kg in 2 Monaten. Die körperliche Belastbarkeit sei eingeschränkt (früher 8 Stockwerke, jetzt 4 Stockwerke).\n\nSozialanamnese: verheiratet, studiert Pharmazie. Familienanamnese: Großmutter gynäkologischer Tumor (nicht weiter bekannt).\n\nBisherige Medikation: Novalgin b.B. 500mg\n\nUntersuchungsbefund:\nleicht eingeschränkter AZ, normaler EZ Kopf/Hals: enoral reizlos, feuchte SH\n"
    },
    {
      "%ID": 2,
      "%TYPE": "webanno.custom.PHI",
      "kind": "DATE",
      "begin": 128,
      "end": 137,
      "@sofa": 1
    },
    {
      "%ID": 3,
      "%TYPE": "webanno.custom.PHI",
      "kind": "DATE",
      "begin": 153,
      "end": 163,
      "@sofa": 1
    },
    {
      "%ID": 4,
      "%TYPE": "webanno.custom.PHI",
      "kind": "DATE",
      "begin": 168,
      "end": 178,
      "@sofa": 1
    },
    {
      "%ID": 5,
      "%TYPE": "webanno.custom.PHI",
      "kind": "DATE",
      "begin": 286,
      "end": 291,
      "@sofa": 1
    },
    {
      "%ID": 6,
      "%TYPE": "webanno.custom.PHI",
      "kind": "DATE",
      "begin": 1147,
      "end": 1156,
      "@sofa": 1
    },
    {
      "%ID": 7,
      "%TYPE": "webanno.custom.PHI",
      "kind": "DATE",
      "begin": 1448,
      "end": 1456,
      "@sofa": 1
    },
    {
      "%ID": 8,
      "%TYPE": "webanno.custom.PHI",
      "kind": "DATE",
      "begin": 1744,
      "end": 1751,
      "@sofa": 1
    },
    {
      "%ID": 9,
      "%TYPE": "webanno.custom.PHI",
      "kind": "DATE",
      "begin": 1886,
      "end": 1894,
      "@sofa": 1
    },
    {
      "%ID": 10,
      "%TYPE": "webanno.custom.PHI",
      "kind": "DATE",
      "begin": 1897,
      "end": 1905,
      "@sofa": 1
    },
    {
      "%ID": 11,
      "%TYPE": "webanno.custom.PHI",
      "kind": "DATE",
      "begin": 2035,
      "end": 2043,
      "@sofa": 1
    },
    {
      "%ID": 12,
      "%TYPE": "webanno.custom.PHI",
      "kind": "DATE",
      "begin": 2156,
      "end": 2164,
      "@sofa": 1
    },
    {
      "%ID": 13,
      "%TYPE": "webanno.custom.PHI",
      "kind": "DATE",
      "begin": 2254,
      "end": 2256,
      "@sofa": 1
    },
    {
      "%ID": 14,
      "%TYPE": "webanno.custom.PHI",
      "kind": "DATE",
      "begin": 2257,
      "end": 2267,
      "@sofa": 1
    },
    {
      "%ID": 15,
      "%TYPE": "webanno.custom.PHI",
      "kind": "DATE",
      "begin": 2384,
      "end": 2394,
      "@sofa": 1
    },
    {
      "%ID": 16,
      "%TYPE": "webanno.custom.PHI",
      "kind": "DATE",
      "begin": 2690,
      "end": 2700,
      "@sofa": 1
    },
    {
      "%ID": 17,
      "%TYPE": "webanno.custom.PHI",
      "kind": "DATE",
      "begin": 2770,
      "end": 2775,
      "@sofa": 1
    },
    {
      "%ID": 18,
      "%TYPE": "webanno.custom.PHI",
      "kind": "DATE",
      "begin": 2776,
      "end": 2786,
      "@sofa": 1
    },
    {
      "%ID": 19,
      "%TYPE": "webanno.custom.PHI",
      "kind": "LOCATION_CITY",
      "begin": 1871,
      "end": 1875,
      "@sofa": 1
    },
    {
      "%ID": 20,
      "%TYPE": "webanno.custom.PHI",
      "kind": "NAME_PATIENT",
      "begin": 109,
      "end": 125,
      "@sofa": 1
    },
    {
      "%ID": 21,
      "%TYPE": "webanno.custom.PHI",
      "kind": "NAME_DOCTOR",
      "begin": 1491,
      "end": 1502,
      "@sofa": 1
    },
    {
      "%ID": 22,
      "%TYPE": "webanno.custom.PHI",
      "kind": "NAME_DOCTOR",
      "begin": 2071,
      "end": 2078,
      "@sofa": 1
    },
    {
      "%ID": 23,
      "%TYPE": "webanno.custom.PHI",
      "kind": "NAME_PATIENT",
      "begin": 2854,
      "end": 2863,
      "@sofa": 1
    },
    {
      "%ID": 24,
      "%TYPE": "webanno.custom.PHI",
      "kind": "NAME_TITLE",
      "begin": 1484,
      "end": 1490,
      "@sofa": 1
    },
    {
      "%ID": 25,
      "%TYPE": "webanno.custom.PHI",
      "kind": "NAME_TITLE",
      "begin": 2065,
      "end": 2070,
      "@sofa": 1
    }
  ],
  "%VIEWS": {
    "_InitialView": {
      "%SOFA": 1,
      "%MEMBERS": [
        2,
        3,
        4,
        5,
        6,
        7,
        8,
        9,
        10,
        11,
        12,
        13,
        14,
        15,
        16,
        17,
        18,
        19,
        20,
        21,
        22,
        23,
        24,
        25
      ]
    }
  }
}