{
  "%TYPES": {
    "de.tudarmstadt.ukp.dkpro.core.api.segmentation.type.Sentence": {
      "%NAME": "de.tudarmstadt.ukp.dkpro.core.api.segmentation.type.Sentence",
      "%SUPER_TYPE": "uima.tcas.Annotation"
    },
    "webanno.custom.PHI": {
      "%NAME": "webanno.custom.PHI",
      "%SUPER_TYPE": "uima.tcas.Annotation",
      "kind": {
        "%NAME": "kind",
        "%RANGE": "uima.cas.String"
      }
    }
  },
  "%FEATURE_STRUCTURES": [
    {
      "%ID": 1,
      "%TYPE": "uima.cas.Sofa",
      "sofaNum": 1,
      "sofaID": "_InitialView",
      "mimeType": "text",
      "sofaString": "Entlassungsbrief\n\nSehr geehrte Frau Kollegin,\nwir berichten Ihnen über unseren gemeinsamen Patienten, Herrn Osler, geboren am 01.03.2001, der sich vom 05.11.2051 bis 10.11.2051 in unserer Behandlung befand.\n\nDiagnosen: \n1. Dekomp. kryptogene Leberzirrhose, Child C mit hepatischer Encephalopathie Grad I – II \n2. Diabetes mellitus Typ II, ED 2050  \n3. Z.n. Verletzung Auge links \n\n\nTherapie und Verlauf:\n2044 TIPS-Anlage, anamnestisch bei rez. Ösophagusvarizenblutungen\n2048 TIPS-Revision bei TIPS-Dysfunktion\n02/50 ED DM II, Therapiebeginn Actraphane 18-0-12.\n11/50 Hepatische Encephalopathie Grad I - II bei Diätfehler.\n05/51 Hepatische Encephalopathie Grad I - II bei Hämatom nach Fahrradunfall.\n11/51 Hepatische Encephalopathie Grad I - II bei unklarem viralem Infekt und ACE - Hemmergabe.\n\nAnamnese:\n\nHerr Osler stellte sich am 05.11.51 in unserer Notaufnahme vor, auf Grund einer seit 3 Tagen zunehmenden AZ-Verschlechterung mit körperlicher Schwäche und begleitender intermittierender Schwindelsymptomatik mit Übelkeit und Erbrechen . Dabei beschrieb er eine, im Verlauf der letzten 2 - 3 Wochen zunehmende Bauchumfangszunahme und zuletzt eine deutliche Einschränkung der Konzentrationsfähigkeit, Vergeßlichkeit mit progredienter Müdigkeit und Schläfrigkeit. \n\nGezielt verneint werden:\nBluterbrechen, Teerstuhl, übermäßiger Eiweißkonsum, übermäßiger Fettkonsum, Fieber, Infektzeichen. \n\nAktuelles Vegetativum:\nTrinkmenge ca. 1,5 - 2 Liter/Tag (glaubhaft Alkoholabstinenz), Appetit reduziert (anamnestisch Eiweißrestriktion 50 g/d), Miktion und Defäkation o.B.  \n\nAktuelle Medikation: \n\nPantozol 40 1-0-0, \nBifiteral Meßbecher nach Bedarf, \nJenaspiron 50 1-0-0, \nLopirin cor 12,5 ½-0-½, \nFalkamin Pellets 1-1-1,\nNadroparin  0,3 mg s.c. jeden 2. Tag. \n12 BE Diabetesdiät.\n\n\nKlinische Untersuchung:\n\n51-jähirger Patient in geringgr. reduziertem AZ und normalem EZ (183 cm, 86 kg). 3-fach orientiert. Pupille links weit entrundet, rechts mittelweit mit unauffälliger direkter und indirekter Lichtreaktion, Spider naevi disseminiert obere Thoraxapertur, Gynäkomastie beidseits, Weißnägel.\n\nHerz und Lunge ausk. regelrecht. RR 110/60 mmHg, HF 86/min. Abdomen weich, ausgeprägter Aszites mit Undulationsphänomen, kein Druckschmerz. Milz ca. 3 QF unterhalb des linken Rippenbogens vergrößert tastbar. Rektal-digital o.B. Neurolog. Untersuchungsbefund bis auf diskrete Verlangsamung, angedeutete Erstvarixes o. B.\n\nBefunde:\nLabor vom 5.11.51:\nCRP 22,1 mg/l, Glucose 144 mg/dl, LDH 271 U/l, GOT 20 U/l, AP 336 U/l, CHE 1453 U/l, Bilirubin 6,85 mg/dl, Albumin 31,4 g/l, Hb 10,5 g/dl, Leukozyten 3,3/nl, Thrombozyten 49, Neutrophilie 80,6%, Lymphozyten 11,7%, Quick 69%, übrige Serumchemie, Blutbild, Diff.-BB, Gerinnungsstatus o. B. Eiweißelektrophorese bis auf Gammaglobulinfraktion 19,2%, Alpha1-Globulinfraktion 3,2% o. B. 24h-Sammelurin bis auf Natrium 246 mmol/24h, Albumin 26,9 mg/l o. B. Faktor V 41%. \n\nUnauffällig fanden sich HbA1c, TSH basal, AFP, IL6, Zink, Lipidprofil. \n\nSerologie: negativ fanden sich CMV-DNA-PCR.\n\nAszitespunktat: Leukozyten 0,16/nl, Albumin 6,2 g/l, LDH 51 U/l. Histologie (H25440/51): Kein Nachweis von Tumorzellen.\n\nAbdomensonographie:\nmit Pfortaderduplex: Pfortader dilatiert mit 2,1 cm, Pfortaderfluß hepatopetal max. 30 cm/Sek., Flußvolumen 2,4 - 2,9 l/min., TIPS allseits offen, im mittleren Drittel Vmax. 70 cm/Sek. (Flußvolumen 1 - 1,5 Liter/min.), Milz 18,5 x 5 cm, mäßig Aszites.\n\nEchokardiographie:\nBis auf geringgradige Mitralinsuffizienz und Trikuspidalinsuffizienz altersentsprechend unauffällig.\n\nPsychometrische Tests:\nNumber-connection-Test: 81 Sek., Beurteilung -3, Line-Tracing-Test 105 Sek. (Beurteilung -1), 37 Fehler (Beurteilung -1).\nAltersentsprechend unauffällige Normalbefunde fanden sich für EKG, Röntgen Thorax, Lungenfunktion.\n\nZusammenfassung und Beurteilung:\nDer Pat. stellte sich am 05.11.51 mit dem Bild einer hepatischen Encephalopathie Grad I - II sowie prallem Aszites bei erneuter Dekompensation einer vorbekannten kryptogenen Leberzirrhose, im Child-Stadium C, in unserer Notaufnahme vor. Bei fehlendem klinischen sowie anamnestischen Hinweis auf eine auslösende Ursache und Ausschluß einer signifikanten TIPS-Dysfunktion sind als mögliche Auslöser der Dekompensation zu diskutieren: \na) unklarer Infekt (bei laborchemisch aufgefallener mäßiggradiger Entzündungskonstellation), \nb) möglicherweise Verschlechterung der vorbestehenden Vasodilatation mit progredienter Hypotonie (Schwindelsymptomatik, RR 100/60 mmHg) unter ACE-Hemmer-Gabe. \n\nUnter Anwendung von Lactulose-Einläufen, Lactulose per os, passagerer Eiweißrestriktion von 40g/Tag (unter Substitution essentieller Aminosäuren), zusätzlicher Applikation von Ornitin-Aspartat sowie Intensivierung der diuretischen Kombinationstherapie (Spironolacton + Torasemid) und initial totaler Parazentese ließ sich eine rasche und zufriedenstellende Rekompensation erzielen. Wie Ihnen bereits bekannt, sollte im weiteren Verlauf zur Stuhlregulierung Lactulose nach Bedarf mit Ziel 2 - 4 Stühle/Tag eingenommen werden. Ferner sollte unter engmaschiger Körpergewichtskontrolle (z. B. täglich) eine Anpassung der Diuretikamedikation erfolgen.\n\nFür Rückfragen stehen wir Ihnen jederzeit gerne zur Verfügung.\n\nWeitere Therapie und Behandlungsvorschlag:\n\nBifiteral Meßbecher 1-0-1 (bzw. nach Bedarf)\nPantoprazol, z. B. Pantozol 40 mg 0-0-1\nSpironolacton, z. B. Aldactone 100 mg 1-0-0\nTorasemid, z. B. Unat 5 mg 1-0-0\nProtaphane 30/70 0-0-0-6 IE s.c.\nKEINE ACE-Hemmer!\n\n\nMit freundlichen kollegialen Grüßen\n\nPD Dr. Dr. Ayşe Behçet, Chefärztin"
    },
    {
      "%ID": 2,
      "%TYPE": "webanno.custom.PHI",
      "kind": "AGE",
      "begin": 1804,
      "end": 1806,
      "@sofa": 1
    },
    {
      "%ID": 3,
      "%TYPE": "webanno.custom.PHI",
      "kind": "DATE",
      "begin": 126,
      "end": 136,
      "@sofa": 1
    },
    {
      "%ID": 4,
      "%TYPE": "webanno.custom.PHI",
      "kind": "DATE",
      "begin": 151,
      "end": 161,
      "@sofa": 1
    },
    {
      "%ID": 5,
      "%TYPE": "webanno.custom.PHI",
      "kind": "DATE",
      "begin": 166,
      "end": 176,
      "@sofa": 1
    },
    {
      "%ID": 6,
      "%TYPE": "webanno.custom.PHI",
      "kind": "DATE",
      "begin": 342,
      "end": 346,
      "@sofa": 1
    },
    {
      "%ID": 7,
      "%TYPE": "webanno.custom.PHI",
      "kind": "DATE",
      "begin": 404,
      "end": 408,
      "@sofa": 1
    },
    {
      "%ID": 8,
      "%TYPE": "webanno.custom.PHI",
      "kind": "DATE",
      "begin": 470,
      "end": 474,
      "@sofa": 1
    },
    {
      "%ID": 9,
      "%TYPE": "webanno.custom.PHI",
      "kind": "DATE",
      "begin": 510,
      "end": 515,
      "@sofa": 1
    },
    {
      "%ID": 10,
      "%TYPE": "webanno.custom.PHI",
      "kind": "DATE",
      "begin": 561,
      "end": 566,
      "@sofa": 1
    },
    {
      "%ID": 11,
      "%TYPE": "webanno.custom.PHI",
      "kind": "DATE",
      "begin": 622,
      "end": 627,
      "@sofa": 1
    },
    {
      "%ID": 12,
      "%TYPE": "webanno.custom.PHI",
      "kind": "DATE",
      "begin": 699,
      "end": 704,
      "@sofa": 1
    },
    {
      "%ID": 13,
      "%TYPE": "webanno.custom.PHI",
      "kind": "DATE",
      "begin": 833,
      "end": 841,
      "@sofa": 1
    },
    {
      "%ID": 14,
      "%TYPE": "webanno.custom.PHI",
      "kind": "DATE",
      "begin": 891,
      "end": 898,
      "@sofa": 1
    },
    {
      "%ID": 15,
      "%TYPE": "webanno.custom.PHI",
      "kind": "DATE",
      "begin": 2432,
      "end": 2439,
      "@sofa": 1
    },
    {
      "%ID": 16,
      "%TYPE": "webanno.custom.PHI",
      "kind": "DATE",
      "begin": 3843,
      "end": 3851,
      "@sofa": 1
    },
    {
      "%ID": 17,
      "%TYPE": "webanno.custom.PHI",
      "kind": "NAME_PATIENT",
      "begin": 108,
      "end": 113,
      "@sofa": 1
    },
    {
      "%ID": 18,
      "%TYPE": "webanno.custom.PHI",
      "kind": "NAME_PATIENT",
      "begin": 811,
      "end": 816,
      "@sofa": 1
    },
    {
      "%ID": 19,
      "%TYPE": "webanno.custom.PHI",
      "kind": "NAME_DOCTOR",
      "begin": 5525,
      "end": 5536,
      "@sofa": 1
    },
    {
      "%ID": 20,
      "%TYPE": "webanno.custom.PHI",
      "kind": "NAME_TITLE",
      "begin": 5514,
      "end": 5524,
      "@sofa": 1
    }
  ],
  "%VIEWS": {
    "_InitialView": {
      "%SOFA": 1,
      "%MEMBERS": [
        2,
        3,
        4,
        5,
        6,
        7,
        8,
        9,
        10,
        11,
        12,
        13,
        14,
        15,
        16,
        17,
        18,
        19,
        20
      ]
    }
  }
}