{
  "%TYPES": {
    "de.tudarmstadt.ukp.dkpro.core.api.segmentation.type.Sentence": {
      "%NAME": "de.tudarmstadt.ukp.dkpro.core.api.segmentation.type.Sentence",
      "%SUPER_TYPE": "uima.tcas.Annotation"
    },
    "webanno.custom.PHI": {
      "%NAME": "webanno.custom.PHI",
      "%SUPER_TYPE": "uima.tcas.Annotation",
      "kind": {
        "%NAME": "kind",
        "%RANGE": "uima.cas.String"
      }
    }
  },
  "%FEATURE_STRUCTURES": [
    {
      "%ID": 1,
      "%TYPE": "uima.cas.Sofa",
      "sofaNum": 1,
      "sofaID": "_InitialView",
      "mimeType": "text",
      "sofaString": "Laurenz Prächtel geb. 10.02.1974,\n\nSehr geehrte Frau Kollegin, sehr geehrter Herr Kollege,\nwir berichten Ihnen nachfolgend über o.g. Patienten, der sich am 31.07.2022 in unserer stationären \nBehandlung befand.\n\nDiagnosen: \n1. St.p. laparoskopischer Cholezystektomie 2018 bei Cholezystolithiasis\n\t- Postoperative benigne Choledochusstenose \t  \n \t- Z.n. endoskopischer Papillotomie und Einlage einer transpapillären Gallengangsendoprothese (11,5 F/12 cm, Typ Tannenbaum) 08/20\n\t      Seither regelmäßiger Wechsel alle 3 Monate, zuletzt 12/21, dabei Einlage einer Endoprothese (Bougierung)\n         Aktuell: Prothesenwechsel \n2. HP-negative Antrumgastritis 9/21\n3. Z.n. Prostatitis\n4. Mitralinsuffizienz I. Grades\t\t\t\t \n5. Z. n. Muskelfaszikulationen unklarer Genese 12/19\n   - Ausschluss einer funktionell wirksamen Schilddrüsenerkrankung\n   - TSH leicht supprimiert: 3/19\n\nVerlauf: Herr Prächtel wurde elektiv zum Drainagewechsel aufgenommen. Dieser wurde ohne \nKomplikationen unter Antibiotikaschutz bei MINS durchgeführt. Das Labor war bereits \nfreundlicherweise von Ihnen mitgegeben worden. In der ERCP zeigte sich ein guter Dehnungseffekt \nder benignen Choledochustenose, sodass bei dem nächsten Wechsel ggfs. auf die Einlage der \nDrainagen verzichtet werden kann. Aktuell wurden erneut 2 Drainagen vom Typ Tannenbaum \neingelegt. Bei unkomplizierten Verlauf empfehlen wir eine Wiedervorstellung des P. in ca. 4 Monaten. \nWir bitten die med. Therapie mit Ursofalk fortzuführen.\nBei Rückfragen stehen wir Ihnen jederzeit gerne zur Verfügung. \n\nMit freundlichen Grüßen\n\nJanina Parkinson MD Msc\t\tDr.med. Veronica Kugic\t\tProf. Dr.Dr. Konstantin Lauterbach\nStationsärztin\t\t\tOberärztin\t\t\tChefarzt\n\n"
    },
    {
      "%ID": 2,
      "%TYPE": "webanno.custom.PHI",
      "kind": "DATE",
      "begin": 22,
      "end": 32,
      "@sofa": 1
    },
    {
      "%ID": 3,
      "%TYPE": "webanno.custom.PHI",
      "kind": "DATE",
      "begin": 156,
      "end": 166,
      "@sofa": 1
    },
    {
      "%ID": 4,
      "%TYPE": "webanno.custom.PHI",
      "kind": "DATE",
      "begin": 266,
      "end": 270,
      "@sofa": 1
    },
    {
      "%ID": 5,
      "%TYPE": "webanno.custom.PHI",
      "kind": "DATE",
      "begin": 469,
      "end": 474,
      "@sofa": 1
    },
    {
      "%ID": 6,
      "%TYPE": "webanno.custom.PHI",
      "kind": "DATE",
      "begin": 534,
      "end": 539,
      "@sofa": 1
    },
    {
      "%ID": 7,
      "%TYPE": "webanno.custom.PHI",
      "kind": "DATE",
      "begin": 654,
      "end": 658,
      "@sofa": 1
    },
    {
      "%ID": 8,
      "%TYPE": "webanno.custom.PHI",
      "kind": "DATE",
      "begin": 763,
      "end": 768,
      "@sofa": 1
    },
    {
      "%ID": 9,
      "%TYPE": "webanno.custom.PHI",
      "kind": "DATE",
      "begin": 865,
      "end": 869,
      "@sofa": 1
    },
    {
      "%ID": 10,
      "%TYPE": "webanno.custom.PHI",
      "kind": "NAME_PATIENT",
      "begin": 0,
      "end": 16,
      "@sofa": 1
    },
    {
      "%ID": 11,
      "%TYPE": "webanno.custom.PHI",
      "kind": "NAME_PATIENT",
      "begin": 885,
      "end": 893,
      "@sofa": 1
    },
    {
      "%ID": 12,
      "%TYPE": "webanno.custom.PHI",
      "kind": "NAME_DOCTOR",
      "begin": 1569,
      "end": 1585,
      "@sofa": 1
    },
    {
      "%ID": 13,
      "%TYPE": "webanno.custom.PHI",
      "kind": "NAME_DOCTOR",
      "begin": 1602,
      "end": 1616,
      "@sofa": 1
    },
    {
      "%ID": 14,
      "%TYPE": "webanno.custom.PHI",
      "kind": "NAME_DOCTOR",
      "begin": 1631,
      "end": 1652,
      "@sofa": 1
    },
    {
      "%ID": 15,
      "%TYPE": "webanno.custom.PHI",
      "kind": "NAME_TITLE",
      "begin": 1586,
      "end": 1588,
      "@sofa": 1
    },
    {
      "%ID": 16,
      "%TYPE": "webanno.custom.PHI",
      "kind": "NAME_TITLE",
      "begin": 1594,
      "end": 1601,
      "@sofa": 1
    },
    {
      "%ID": 17,
      "%TYPE": "webanno.custom.PHI",
      "kind": "NAME_TITLE",
      "begin": 1618,
      "end": 1630,
      "@sofa": 1
    }
  ],
  "%VIEWS": {
    "_InitialView": {
      "%SOFA": 1,
      "%MEMBERS": [
        2,
        3,
        4,
        5,
        6,
        7,
        8,
        9,
        10,
        11,
        12,
        13,
        14,
        15,
        16,
        17
      ]
    }
  }
}