{
  "%TYPES": {
    "de.tudarmstadt.ukp.dkpro.core.api.segmentation.type.Sentence": {
      "%NAME": "de.tudarmstadt.ukp.dkpro.core.api.segmentation.type.Sentence",
      "%SUPER_TYPE": "uima.tcas.Annotation"
    },
    "webanno.custom.PHI": {
      "%NAME": "webanno.custom.PHI",
      "%SUPER_TYPE": "uima.tcas.Annotation",
      "kind": {
        "%NAME": "kind",
        "%RANGE": "uima.cas.String"
      }
    }
  },
  "%FEATURE_STRUCTURES": [
    {
      "%ID": 1,
      "%TYPE": "uima.cas.Sofa",
      "sofaNum": 1,
      "sofaID": "_InitialView",
      "mimeType": "text",
      "sofaString": "Notburga von Osler\n\nÄrztin für Orthopädie, Chirotherapie \nChiropraktikerin\n\nÄrztliche Leiterin \nGuttmann Reha Zentrum für ambulante Rehabilitation\n \n\nHerrn\nDr. med. Ahmed Al-Tayi\nAm Waldsaum 21\n72119 Holzhausen\n\n\nBetrifft Herrn Etienne de Quervain, *21.07.1983\n\n\nLieber Herr Kollege,\n\nam 14.01.2025 suchten ihr o.g. Patient erstmals meine orthopädische Privatsprechstunde auf.\n\nAnamnese:\nSkoliose aus der Kindheit bekannt, damals längerfristige Physiotherapie, seither im wesentlichen beschwerdefrei,  gelegentliche Physiotherapie - Serien und Röntgenaufnahmen wurden angefertigt (zuletzt vor 10 Jahren in Crailsheim). Jetzt tritt gelegentlich ein schmerzhaftes Ziehen im Bereich der HWS und oberen BWS auf, insbesondere beim Tragen des Rucksackes, die vorherige Einnahme von Ibuprofen 300 bringt jeweils Beschwerdefreiheit. Gelegentliches Joggen, Wandern uns Schwimmen, auch danach gelegentlich Schmerz insbesondere  an der oberen Wirbelsäule.\n\nBefund:\nBecken gerade, (allenfalls geringfügiger Tiefstand li.), Wirbelsäule im Lot, physiologische sagittale Schwingungen, leichte linkskonvexe Ausbiegung der LWS bis zur unteren BWS: Angedeuteter Lendenwulst beim Vorbeugen. Gute Beweglichkeit des Rumpfes, FBA 0 cm, Schober lumbalis 8,5/10/16 cm. Seitbewegung  und Rotation des Rumpfes frei und jetzt nicht mehr schmerzhaft. ln der HWS etwas erhöhter Tonus bds paravertebral und am Trapeziusoberrand, Linksrotation in Neutralstellung des Kopfes führt zu einem leichtem schmerzhaften Ziehen re., die übrigen Bewegungsprüfungen der HWS sind schmerzfrei und unbehindert möglich. Keine wesentlichen Muskelverkürzungen im Lenden-Becken­Hüftbereich. Freie Beweglichkeit auch der übrigen großen Gelenke.\n\nDiagnose:\nBekannte Skoliose, rez. HWS-BWS-Beschwerden.\n\nTherapie:\nZur langfristigen Stabilisierung des Rumpfes und des Nacken- Schulterbereiches ist ein intensiveres Gerätetraining unter physiotherapeutischer Anleitung dringend erforderlich. Ein entsprechendes  Rezept stellte ich aus. Diese Rezeptur sollte dann überleiten zu entsprechenden eigenen Aktivitäten zur Erhaltung der dann erlangten Stabilität.\n\n\nMit freundlichen Grüßen\n\nNotburga von Osler\nÄrztin für Orthopädie, Chirotherapie \n"
    },
    {
      "%ID": 2,
      "%TYPE": "webanno.custom.PHI",
      "kind": "DATE",
      "begin": 250,
      "end": 260,
      "@sofa": 1
    },
    {
      "%ID": 3,
      "%TYPE": "webanno.custom.PHI",
      "kind": "DATE",
      "begin": 288,
      "end": 298,
      "@sofa": 1
    },
    {
      "%ID": 4,
      "%TYPE": "webanno.custom.PHI",
      "kind": "LOCATION_HOSPITAL",
      "begin": 96,
      "end": 146,
      "@sofa": 1
    },
    {
      "%ID": 5,
      "%TYPE": "webanno.custom.PHI",
      "kind": "LOCATION_STREET",
      "begin": 179,
      "end": 193,
      "@sofa": 1
    },
    {
      "%ID": 6,
      "%TYPE": "webanno.custom.PHI",
      "kind": "LOCATION_ZIP",
      "begin": 194,
      "end": 199,
      "@sofa": 1
    },
    {
      "%ID": 7,
      "%TYPE": "webanno.custom.PHI",
      "kind": "LOCATION_CITY",
      "begin": 200,
      "end": 210,
      "@sofa": 1
    },
    {
      "%ID": 8,
      "%TYPE": "webanno.custom.PHI",
      "kind": "LOCATION_CITY",
      "begin": 606,
      "end": 616,
      "@sofa": 1
    },
    {
      "%ID": 9,
      "%TYPE": "webanno.custom.PHI",
      "kind": "NAME_DOCTOR",
      "begin": 13,
      "end": 18,
      "@sofa": 1
    },
    {
      "%ID": 10,
      "%TYPE": "webanno.custom.PHI",
      "kind": "NAME_DOCTOR",
      "begin": 165,
      "end": 178,
      "@sofa": 1
    },
    {
      "%ID": 11,
      "%TYPE": "webanno.custom.PHI",
      "kind": "NAME_PATIENT",
      "begin": 228,
      "end": 247,
      "@sofa": 1
    },
    {
      "%ID": 12,
      "%TYPE": "webanno.custom.PHI",
      "kind": "NAME_DOCTOR",
      "begin": 2143,
      "end": 2148,
      "@sofa": 1
    },
    {
      "%ID": 13,
      "%TYPE": "webanno.custom.PHI",
      "kind": "NAME_TITLE",
      "begin": 156,
      "end": 164,
      "@sofa": 1
    }
  ],
  "%VIEWS": {
    "_InitialView": {
      "%SOFA": 1,
      "%MEMBERS": [
        2,
        3,
        4,
        5,
        6,
        7,
        8,
        9,
        10,
        11,
        12,
        13
      ]
    }
  }
}