{
  "%TYPES": {
    "de.tudarmstadt.ukp.dkpro.core.api.segmentation.type.Sentence": {
      "%NAME": "de.tudarmstadt.ukp.dkpro.core.api.segmentation.type.Sentence",
      "%SUPER_TYPE": "uima.tcas.Annotation"
    },
    "webanno.custom.PHI": {
      "%NAME": "webanno.custom.PHI",
      "%SUPER_TYPE": "uima.tcas.Annotation",
      "kind": {
        "%NAME": "kind",
        "%RANGE": "uima.cas.String"
      }
    }
  },
  "%FEATURE_STRUCTURES": [
    {
      "%ID": 1,
      "%TYPE": "uima.cas.Sofa",
      "sofaNum": 1,
      "sofaID": "_InitialView",
      "mimeType": "text",
      "sofaString": "Städt. Klinikum Neustadt\n\nKlinik für Orthopädie und Traumatologie\nKlinikvorstand: Univ.-Prof. Dr. Andreas Leiberger\nA-9011 Neustadt, Erich-Kästner-Platz 5, Tel.: +43(0)333 775-8447, Fax: +43(0)333 775-8447334\n\n\n \nHerr\nDr. Steffen Schlauberger Kärntner Straße 33\nA-9011 Neustadt\n \nAmbulanzen im Fachbereich: +43(0)333 7758433, Fax: +43(0)333 775-8447339\n\nBettenstationen/Fragen zur stat. Aufnahme: Telefon: +43 333 7758-0 Orthopädie\nTelefon: +43 333 7754-0 Traumatologie\n \n\n\n \nZur Vorlage bei Ihrer/Ihrem Ärztin/Arzt\n\nDr. Siegfried Schuh, geb. am 03.07.1963\nHauptstraße 31\nA-9012 Alt-Neudorf\n \n\n\n\nFallzahl: A-2029461541  SV: 6444030763\nBesuch am 17.10.2029\n \n\n \nAmbulanter Befund\n\n\nDiagnosen: i.e.L Muskelfasereinriss M. gastrocnemius li\n \n\n\nNeustadt, 17.10.2029/RAD\n \n\n\nSehr geehrte Frau Kollegin, sehr geehrter Herr Kollege!\n\nAnamnese\n\nPat. kommt zur klinischen Verlaufskontrolle.\n\nKlin. Befund\nPMDS unauffällig. Wade weich, keine Kompartmentsymptomatik, keine lokale Hämatomverfärbung, Zehenspitzengang weiterhin schmerzhaft, Achillessehne durchgängig tastbar, pMDS unauffällig.\n\nTherapie/Behandlungsplan\n\nKlinische Untersuchung.\n\nAusführliche Aufklärung. Thromboseprophylaxe weiter wie eingeleitet bis zur seitengleichen Vollbelastung. Wiedervorstellung bei Bedarf.\n\nZur Beachtung:\nSollte sich Ihr Gesundheitszustand verschlechtern, suchen Sie bitte so rasch wie möglich wieder die Ambulanz für Orthopädie und Traumatologie auf.\nDies gilt insbesondere in folgenden Fällen:\nKopfverletzungen: Auftreten von Kopfschmerzen, Schwindel, Übelkeit, Erbrechen, Doppelbildern, Gehstörungen oder anderen neu aufgetretenen Auffälligkeiten.\nGipsverbände: Schmerzen oder Schwellung.\nWunden: Schmerzen, Fieber, Blutungen oder Sekretionen aus dem Wundbereich.\n\nBei längerer Immobilisation/Bettruhe wird Abklärung einer Thromboseprohylaxe über den Hausarzt dringend empfohlen.\nWir weisen darauf hin, dass Rauchen und Alkoholkonsum auch für die Wund- und Knochenheilung neg. Auswirkungen hat.\n\n\nMit frundlichen kollegialen Grüßen\n\nDr.a. Iris Asperger\n"
    },
    {
      "%ID": 2,
      "%TYPE": "webanno.custom.PHI",
      "kind": "CONTACT_PHONE",
      "begin": 162,
      "end": 180,
      "@sofa": 1
    },
    {
      "%ID": 3,
      "%TYPE": "webanno.custom.PHI",
      "kind": "CONTACT_FAX",
      "begin": 188,
      "end": 208,
      "@sofa": 1
    },
    {
      "%ID": 4,
      "%TYPE": "webanno.custom.PHI",
      "kind": "CONTACT_PHONE",
      "begin": 310,
      "end": 324,
      "@sofa": 1
    },
    {
      "%ID": 5,
      "%TYPE": "webanno.custom.PHI",
      "kind": "CONTACT_FAX",
      "begin": 331,
      "end": 352,
      "@sofa": 1
    },
    {
      "%ID": 6,
      "%TYPE": "webanno.custom.PHI",
      "kind": "CONTACT_PHONE",
      "begin": 406,
      "end": 420,
      "@sofa": 1
    },
    {
      "%ID": 7,
      "%TYPE": "webanno.custom.PHI",
      "kind": "CONTACT_PHONE",
      "begin": 441,
      "end": 455,
      "@sofa": 1
    },
    {
      "%ID": 8,
      "%TYPE": "webanno.custom.PHI",
      "kind": "DATE",
      "begin": 546,
      "end": 556,
      "@sofa": 1
    },
    {
      "%ID": 9,
      "%TYPE": "webanno.custom.PHI",
      "kind": "DATE",
      "begin": 574,
      "end": 578,
      "@sofa": 1
    },
    {
      "%ID": 10,
      "%TYPE": "webanno.custom.PHI",
      "kind": "DATE",
      "begin": 645,
      "end": 655,
      "@sofa": 1
    },
    {
      "%ID": 11,
      "%TYPE": "webanno.custom.PHI",
      "kind": "DATE",
      "begin": 751,
      "end": 761,
      "@sofa": 1
    },
    {
      "%ID": 12,
      "%TYPE": "webanno.custom.PHI",
      "kind": "ID",
      "begin": 606,
      "end": 634,
      "@sofa": 1
    },
    {
      "%ID": 13,
      "%TYPE": "webanno.custom.PHI",
      "kind": "LOCATION_HOSPITAL",
      "begin": 0,
      "end": 24,
      "@sofa": 1
    },
    {
      "%ID": 14,
      "%TYPE": "webanno.custom.PHI",
      "kind": "LOCATION_HOSPITAL",
      "begin": 66,
      "end": 80,
      "@sofa": 1
    },
    {
      "%ID": 15,
      "%TYPE": "webanno.custom.PHI",
      "kind": "LOCATION_HOSPITAL",
      "begin": 116,
      "end": 131,
      "@sofa": 1
    },
    {
      "%ID": 16,
      "%TYPE": "webanno.custom.PHI",
      "kind": "LOCATION_STREET",
      "begin": 133,
      "end": 154,
      "@sofa": 1
    },
    {
      "%ID": 17,
      "%TYPE": "webanno.custom.PHI",
      "kind": "LOCATION_STREET",
      "begin": 230,
      "end": 261,
      "@sofa": 1
    },
    {
      "%ID": 18,
      "%TYPE": "webanno.custom.PHI",
      "kind": "LOCATION_HOSPITAL",
      "begin": 262,
      "end": 277,
      "@sofa": 1
    },
    {
      "%ID": 19,
      "%TYPE": "webanno.custom.PHI",
      "kind": "LOCATION_STREET",
      "begin": 557,
      "end": 571,
      "@sofa": 1
    },
    {
      "%ID": 20,
      "%TYPE": "webanno.custom.PHI",
      "kind": "LOCATION_STREET",
      "begin": 572,
      "end": 574,
      "@sofa": 1
    },
    {
      "%ID": 21,
      "%TYPE": "webanno.custom.PHI",
      "kind": "LOCATION_CITY",
      "begin": 579,
      "end": 590,
      "@sofa": 1
    },
    {
      "%ID": 22,
      "%TYPE": "webanno.custom.PHI",
      "kind": "LOCATION_CITY",
      "begin": 741,
      "end": 749,
      "@sofa": 1
    },
    {
      "%ID": 23,
      "%TYPE": "webanno.custom.PHI",
      "kind": "NAME_DOCTOR",
      "begin": 98,
      "end": 115,
      "@sofa": 1
    },
    {
      "%ID": 24,
      "%TYPE": "webanno.custom.PHI",
      "kind": "NAME_DOCTOR",
      "begin": 222,
      "end": 229,
      "@sofa": 1
    },
    {
      "%ID": 25,
      "%TYPE": "webanno.custom.PHI",
      "kind": "NAME_PATIENT",
      "begin": 521,
      "end": 536,
      "@sofa": 1
    },
    {
      "%ID": 26,
      "%TYPE": "webanno.custom.PHI",
      "kind": "NAME_DOCTOR",
      "begin": 2019,
      "end": 2035,
      "@sofa": 1
    },
    {
      "%ID": 27,
      "%TYPE": "webanno.custom.PHI",
      "kind": "NAME_TITLE",
      "begin": 82,
      "end": 97,
      "@sofa": 1
    },
    {
      "%ID": 28,
      "%TYPE": "webanno.custom.PHI",
      "kind": "NAME_TITLE",
      "begin": 218,
      "end": 221,
      "@sofa": 1
    },
    {
      "%ID": 29,
      "%TYPE": "webanno.custom.PHI",
      "kind": "NAME_TITLE",
      "begin": 517,
      "end": 520,
      "@sofa": 1
    },
    {
      "%ID": 30,
      "%TYPE": "webanno.custom.PHI",
      "kind": "NAME_TITLE",
      "begin": 2016,
      "end": 2019,
      "@sofa": 1
    }
  ],
  "%VIEWS": {
    "_InitialView": {
      "%SOFA": 1,
      "%MEMBERS": [
        2,
        3,
        4,
        5,
        6,
        7,
        8,
        9,
        10,
        11,
        12,
        13,
        14,
        15,
        16,
        17,
        18,
        19,
        20,
        21,
        22,
        23,
        24,
        25,
        26,
        27,
        28,
        29,
        30
      ]
    }
  }
}