{
  "%TYPES": {
    "de.tudarmstadt.ukp.dkpro.core.api.segmentation.type.Sentence": {
      "%NAME": "de.tudarmstadt.ukp.dkpro.core.api.segmentation.type.Sentence",
      "%SUPER_TYPE": "uima.tcas.Annotation"
    },
    "webanno.custom.PHI": {
      "%NAME": "webanno.custom.PHI",
      "%SUPER_TYPE": "uima.tcas.Annotation",
      "kind": {
        "%NAME": "kind",
        "%RANGE": "uima.cas.String"
      }
    }
  },
  "%FEATURE_STRUCTURES": [
    {
      "%ID": 1,
      "%TYPE": "uima.cas.Sofa",
      "sofaNum": 1,
      "sofaID": "_InitialView",
      "mimeType": "text",
      "sofaString": "Krankenhaus der Samariter Holzhausen\nRöntgenabteilung, Vorstand Prim. Univ. Prof. Dr.Dr. Gotthard Vogler\n\nCT Abdomen und kl. Becken\n\nName: Konstantin Tupolev, * 21.06.67\nPatienten-ID: 1933309807\nAbteilung: Chirurgie\nStation: A31. OG. Viszeralchirurgie B /\nZi: 119 \n\ndikt. Arzt: OA Dr. Huber Karina\nWinA. 06/06/2012\n\nBefund:\nDie Leber etwas hypodenser ohne eindeutige Metastasen. 7,6 cm x ca. 3,5 cm große hypodense tumoröse RF im Bereich des Pankreascorpus/Cauda mit\nInfiltration des Milzhilus. Tumormanschette um den Truncus coeliacus in einer Breite von gut 2,7 cm mit beginnender Gefäßobstruktion, Einwachsen in die linke Nebenniere. Tumorausläufer bis an die linke Niere heranreichend, etwas hyperdenser imponiert auch ein ampulläres Nierenbecken links, ein\ninterstitielles Tumorwachstum wahrscheinlich.\nDie Vena lienalis verschlossen, hochgradig obstruiert auch die linke Nierenvene mit Varikose der Vena testicularis links. Tumormanschette auch um die linke Nierenarterie. Faszienverdickung im Bereich der linken Flanke, diskret Aszites im kleinen Becken. Mäßige Lymphadenopathie um den Konfluenz der Pfortader. Im Bereich der Treitz'schen Flexur Kontakt des Gastrointestinaltraktes zum Tumor. Kein Hinweis auf Knochenfiliae. \n \nBeurteilung:\nGroße tumoröse RF im Pankreascorpus/Caudaregion mit Infiltration des Milzhilus, Tumormanschette um den Truncus coeliacus, die Vena lienalis verschlossen. Hochgradige Obstruktion der linken Nierenvene, Kontakt zur linken Nierenarterie. Infiltration der\nlinken Nebenniere. Lokale Carzinose und etwas Aszites im kleinen Becken."
    },
    {
      "%ID": 2,
      "%TYPE": "webanno.custom.PHI",
      "kind": "DATE",
      "begin": 161,
      "end": 169,
      "@sofa": 1
    },
    {
      "%ID": 3,
      "%TYPE": "webanno.custom.PHI",
      "kind": "DATE",
      "begin": 304,
      "end": 314,
      "@sofa": 1
    },
    {
      "%ID": 4,
      "%TYPE": "webanno.custom.PHI",
      "kind": "ID",
      "begin": 184,
      "end": 194,
      "@sofa": 1
    },
    {
      "%ID": 5,
      "%TYPE": "webanno.custom.PHI",
      "kind": "LOCATION_HOSPITAL",
      "begin": 0,
      "end": 36,
      "@sofa": 1
    },
    {
      "%ID": 6,
      "%TYPE": "webanno.custom.PHI",
      "kind": "NAME_DOCTOR",
      "begin": 89,
      "end": 104,
      "@sofa": 1
    },
    {
      "%ID": 7,
      "%TYPE": "webanno.custom.PHI",
      "kind": "NAME_PATIENT",
      "begin": 139,
      "end": 157,
      "@sofa": 1
    },
    {
      "%ID": 8,
      "%TYPE": "webanno.custom.PHI",
      "kind": "NAME_DOCTOR",
      "begin": 285,
      "end": 297,
      "@sofa": 1
    },
    {
      "%ID": 9,
      "%TYPE": "webanno.custom.PHI",
      "kind": "NAME_TITLE",
      "begin": 76,
      "end": 88,
      "@sofa": 1
    },
    {
      "%ID": 10,
      "%TYPE": "webanno.custom.PHI",
      "kind": "NAME_TITLE",
      "begin": 278,
      "end": 284,
      "@sofa": 1
    }
  ],
  "%VIEWS": {
    "_InitialView": {
      "%SOFA": 1,
      "%MEMBERS": [
        2,
        3,
        4,
        5,
        6,
        7,
        8,
        9,
        10
      ]
    }
  }
}