{
  "%TYPES": {
    "de.tudarmstadt.ukp.dkpro.core.api.segmentation.type.Sentence": {
      "%NAME": "de.tudarmstadt.ukp.dkpro.core.api.segmentation.type.Sentence",
      "%SUPER_TYPE": "uima.tcas.Annotation"
    },
    "webanno.custom.PHI": {
      "%NAME": "webanno.custom.PHI",
      "%SUPER_TYPE": "uima.tcas.Annotation",
      "kind": {
        "%NAME": "kind",
        "%RANGE": "uima.cas.String"
      }
    }
  },
  "%FEATURE_STRUCTURES": [
    {
      "%ID": 1,
      "%TYPE": "uima.cas.Sofa",
      "sofaNum": 1,
      "sofaID": "_InitialView",
      "mimeType": "text",
      "sofaString": "﻿MEDIZINISCHE KLINIK UND POLIKLINIK Abteilung Pneumologie (Christian-Drosten-Klinik) Ärztlicher Direktor\nUniversitätsprofessor Dr. mult. med. Heinz Hals\n\nDr. med. Klaus Bomelic\nKaiserstr. 2a\n76646 Bruchsal\n \nInformation Sekretariat (Privatambulanz)\nProf. Dr. Hals\n \nHeidelberg, 14.09.2039\n \nPATIENT: Udo Waldenström geb. 01.02.2003, Dantestr. 17, 69115 Heidelberg\n\nSehr geehrter Herr Kollege Bomelic,\n\nich darf Ihnen kurz über die Befunde berichten, die ich bei unserem gememsamen o.g. Patienten am 09.09.2039 erhoben habe.\n\nDiagnosen:\nInfekexazerbation eines exogen allergischen Asthmas, ED 2008\n- Heuschnupfen\n\nBezüglich der Vorgeschichte darf ich in diesem Zusammenhang auf meinen Brief vom 25.08.2035 verweisen.\n\nFamilienanamnese: Zwei Kinder, ein fünfjähriger Sohn hat Säuglingsdermatitis, sonst keine Allergien, Asthma oder atopische Krankheiten in der Familie bekannt.\n\nEigenanamnese: Tonsillektomie und Trommelfellperforation als Kleinkind.\n\nJetziges Leiden: Heuschnupfen seit 2002, Asthmasymptome seit 2020. In Peru gelebt von 2028 bis 2030, dort absolut symptomfrei. \nSaisonale Symptomatik, aber zunehmende Bronchitishäufigkeit mit hartnäckigen Sinusitiden.\n\nSystemanamnese: Tuberkulintest negativ, Husten und Auswurf ca. 2 EL pro 24 h, weiß bis gelblich. Atemnot nachts und bei Belastung, Nieraucher, Gewicht konstant. An Medikamenten nimmt er: Ditec, Theophyllin 400, Zyrtec, nicht regelmäßig konsumiert.  \n\nKörperlicher Untersuchungsbefund: Status altersentsprechend in gutem AZ und EZ, schlank. Thoraxauskultation bzgl. Herz und Lunge unauff.\n\nGanzkörperplethysmographie (Sollwerte): 2035 eindeutig positiver Carbachol-Provokationstest mit niedrigster Dosis, so daß an der Diagnose Asthma kein Zweifel besteht.\n\nWeiter war 2035 Ruchgras, Knäuelgras, Wiesenschwingel, Weidegras, Lieschgras, Roggen RAST-Klasse 3 relevant positiv und Alternaria tenuis RAST-Klasse 2 fraglich positiv.\n\nGanzkörperplethysmographie, 09.09.2039: TLC 8 1, entsprechend Sollwert, IVC 5,5 (Soll 6,2) l, FEVI 4,1 (Soll 4,3) l, Tiffeneau-Index 74 %, Strömungswiderstand 0,16 (Soll 0,19) kPa*s/1. Im Vergleich zu den Befunden vor 4 Jahren war der FEV1 damals 4,2 1 und die Vitalkapazität 6 1, damit ist ein etwas überproportionaler Lungenfunktionsrückgang dokumentiert.\n\nLabor:\nBSG 3 mm n. W. nach einer Stunde.\nBlutbild: Leukozyten 6.400/µl, Erythrozyten 4,98 Mio/µl mit normalen Färbeindices. Differentialblutbild 5,4 % Eosinophile, normal. CRP 0,7 mg/dl, leicht über der Norm im Sinne einer Infektexazerbation.\n\nRuhe-Blutgase: pH 7,43, PaCO2 38 mmHg, Pa02 91 mmHg, Normalbefunde bei leichter metabolischer Alkalose, evtl. nutritiv bedingt.\n\nCO-Diffusionskapazität: 13 (Soll 12) .mmol/min/kPa, bezogen auf das Lungenvolumen 1,74 (Soll 2,03) mmol/min/kPa/1. Keine CO-Transferstörung, was ein wesentliches Emphysem ausschließt. Das Hb war allerdings mit 17 g/ 100 ml relativ hoch bestimmt worden im Vergleich zum Zentrallabor mit 15,4 g/ 100 ml.\n\n\nIch habe dem Patienten die Therapie etwas moderner gestaltet als vor 4 Jahren und ihn gebeten Oxis, morgens und abends 2 Hub mit Turbohaler zu inhalieren, gefolgt von Pulmicort\n2 Hub morgens und abends. Bei Auftreten einer Dyspnoe kann er jederzeit weiter 1-2 Hub Oxis inhalieren bis zum Auftreten von Muskelzittern oder Herzklopfen. Zusätzlich Euphylong morgens 0,25 und abends vor dem Schlafengehen 0,25 g. Ich hoffe, daß darunter er das Asthma wieder schnell unter Kontrolle bekommt wie am 2035. Gegen die Pollinose soll er weiterhin Zyrtec oder Tavegil nehmen, allerdings sollte er dabei vorsichtig sein mit Autofahren, da diese Medikamente bekanntlich sedierend sind.\n\nMit freundlichen Grüßen\n\nDr. mult. med. Heinz Hals \nÄrztlicher Direktor\n"
    },
    {
      "%ID": 2,
      "%TYPE": "webanno.custom.PHI",
      "kind": "DATE",
      "begin": 278,
      "end": 288,
      "@sofa": 1
    },
    {
      "%ID": 3,
      "%TYPE": "webanno.custom.PHI",
      "kind": "DATE",
      "begin": 321,
      "end": 331,
      "@sofa": 1
    },
    {
      "%ID": 4,
      "%TYPE": "webanno.custom.PHI",
      "kind": "DATE",
      "begin": 499,
      "end": 509,
      "@sofa": 1
    },
    {
      "%ID": 5,
      "%TYPE": "webanno.custom.PHI",
      "kind": "DATE",
      "begin": 592,
      "end": 596,
      "@sofa": 1
    },
    {
      "%ID": 6,
      "%TYPE": "webanno.custom.PHI",
      "kind": "DATE",
      "begin": 694,
      "end": 704,
      "@sofa": 1
    },
    {
      "%ID": 7,
      "%TYPE": "webanno.custom.PHI",
      "kind": "DATE",
      "begin": 985,
      "end": 989,
      "@sofa": 1
    },
    {
      "%ID": 8,
      "%TYPE": "webanno.custom.PHI",
      "kind": "DATE",
      "begin": 1011,
      "end": 1015,
      "@sofa": 1
    },
    {
      "%ID": 9,
      "%TYPE": "webanno.custom.PHI",
      "kind": "DATE",
      "begin": 1036,
      "end": 1040,
      "@sofa": 1
    },
    {
      "%ID": 10,
      "%TYPE": "webanno.custom.PHI",
      "kind": "DATE",
      "begin": 1045,
      "end": 1049,
      "@sofa": 1
    },
    {
      "%ID": 11,
      "%TYPE": "webanno.custom.PHI",
      "kind": "DATE",
      "begin": 1598,
      "end": 1602,
      "@sofa": 1
    },
    {
      "%ID": 12,
      "%TYPE": "webanno.custom.PHI",
      "kind": "DATE",
      "begin": 1737,
      "end": 1741,
      "@sofa": 1
    },
    {
      "%ID": 13,
      "%TYPE": "webanno.custom.PHI",
      "kind": "DATE",
      "begin": 1925,
      "end": 1935,
      "@sofa": 1
    },
    {
      "%ID": 14,
      "%TYPE": "webanno.custom.PHI",
      "kind": "DATE",
      "begin": 3426,
      "end": 3430,
      "@sofa": 1
    },
    {
      "%ID": 15,
      "%TYPE": "webanno.custom.PHI",
      "kind": "LOCATION_HOSPITAL",
      "begin": 59,
      "end": 83,
      "@sofa": 1
    },
    {
      "%ID": 16,
      "%TYPE": "webanno.custom.PHI",
      "kind": "LOCATION_STREET",
      "begin": 177,
      "end": 189,
      "@sofa": 1
    },
    {
      "%ID": 17,
      "%TYPE": "webanno.custom.PHI",
      "kind": "LOCATION_ZIP",
      "begin": 191,
      "end": 196,
      "@sofa": 1
    },
    {
      "%ID": 18,
      "%TYPE": "webanno.custom.PHI",
      "kind": "LOCATION_CITY",
      "begin": 197,
      "end": 205,
      "@sofa": 1
    },
    {
      "%ID": 19,
      "%TYPE": "webanno.custom.PHI",
      "kind": "LOCATION_CITY",
      "begin": 266,
      "end": 276,
      "@sofa": 1
    },
    {
      "%ID": 20,
      "%TYPE": "webanno.custom.PHI",
      "kind": "LOCATION_STREET",
      "begin": 333,
      "end": 345,
      "@sofa": 1
    },
    {
      "%ID": 21,
      "%TYPE": "webanno.custom.PHI",
      "kind": "LOCATION_ZIP",
      "begin": 347,
      "end": 352,
      "@sofa": 1
    },
    {
      "%ID": 22,
      "%TYPE": "webanno.custom.PHI",
      "kind": "LOCATION_CITY",
      "begin": 353,
      "end": 363,
      "@sofa": 1
    },
    {
      "%ID": 23,
      "%TYPE": "webanno.custom.PHI",
      "kind": "LOCATION_COUNTRY",
      "begin": 1020,
      "end": 1024,
      "@sofa": 1
    },
    {
      "%ID": 24,
      "%TYPE": "webanno.custom.PHI",
      "kind": "NAME_DOCTOR",
      "begin": 142,
      "end": 152,
      "@sofa": 1
    },
    {
      "%ID": 25,
      "%TYPE": "webanno.custom.PHI",
      "kind": "NAME_DOCTOR",
      "begin": 163,
      "end": 176,
      "@sofa": 1
    },
    {
      "%ID": 26,
      "%TYPE": "webanno.custom.PHI",
      "kind": "NAME_DOCTOR",
      "begin": 259,
      "end": 263,
      "@sofa": 1
    },
    {
      "%ID": 27,
      "%TYPE": "webanno.custom.PHI",
      "kind": "NAME_PATIENT",
      "begin": 300,
      "end": 315,
      "@sofa": 1
    },
    {
      "%ID": 28,
      "%TYPE": "webanno.custom.PHI",
      "kind": "NAME_DOCTOR",
      "begin": 392,
      "end": 399,
      "@sofa": 1
    },
    {
      "%ID": 29,
      "%TYPE": "webanno.custom.PHI",
      "kind": "NAME_DOCTOR",
      "begin": 3647,
      "end": 3657,
      "@sofa": 1
    },
    {
      "%ID": 30,
      "%TYPE": "webanno.custom.PHI",
      "kind": "NAME_TITLE",
      "begin": 154,
      "end": 162,
      "@sofa": 1
    },
    {
      "%ID": 31,
      "%TYPE": "webanno.custom.PHI",
      "kind": "NAME_TITLE",
      "begin": 249,
      "end": 258,
      "@sofa": 1
    }
  ],
  "%VIEWS": {
    "_InitialView": {
      "%SOFA": 1,
      "%MEMBERS": [
        2,
        3,
        4,
        5,
        6,
        7,
        8,
        9,
        10,
        11,
        12,
        13,
        14,
        15,
        16,
        17,
        18,
        19,
        20,
        21,
        22,
        23,
        24,
        25,
        26,
        27,
        28,
        29,
        30,
        31
      ]
    }
  }
}