{
  "%TYPES": {
    "de.tudarmstadt.ukp.dkpro.core.api.segmentation.type.Sentence": {
      "%NAME": "de.tudarmstadt.ukp.dkpro.core.api.segmentation.type.Sentence",
      "%SUPER_TYPE": "uima.tcas.Annotation"
    },
    "webanno.custom.PHI": {
      "%NAME": "webanno.custom.PHI",
      "%SUPER_TYPE": "uima.tcas.Annotation",
      "kind": {
        "%NAME": "kind",
        "%RANGE": "uima.cas.String"
      }
    }
  },
  "%FEATURE_STRUCTURES": [
    {
      "%ID": 1,
      "%TYPE": "uima.cas.Sofa",
      "sofaNum": 1,
      "sofaID": "_InitialView",
      "mimeType": "text",
      "sofaString": "Sehr geehrter Herr Kollege, \n\nwir berichten über Ihren Patienten Herrn Beat Wankel, geb. am 23. 7. 1951 aus Trüllikon (ZH), der sich vom 9. 12. 2033 bis 22. 12.2033 in unserer stationären Behandlung befand. \n\nRÖ-Thorax: \nKein Anhalt für frischen infiltr. Lungenprozess. Hilus- und Gefässzeichnung unauffällig, Winkel frei. Herz von normaler Grösse und Form. Pulsationen regelrecht, keine Koronarverkalkungen nachweisbar. Diskrete beginnende Aortensklerose. \n\nRÖ-HWS: Streckhaltung der HWS. Osteochondrose HWK 5/6, 6/7 mit Verschmälerung des Zwischenwirbelraums, subchondraler Sklerosierung sowie unregelmässig begrenzten Abschlussplatten. Chondrose HWK 4/5 und HWK 7/BWK 1, Unkovertebralarthrose HWK 5/6. Diskrete Einengung des Foramen intervertebrale HWK 5/6 auf beiden Seiten durch dorsale Spondylophyten, Bogenschlussdefekt paramedian links, in Höhe des Atlas, entsprechend einer Atlasbogendysplasie mit unvollständigem Bogenschluss.\n\nDiagnosen: \nZerebrale Durchblutungsstörungen mit passageren Wortfindungs- und Sehstörungen. \nHWS-Syndrom\nStruma nodosa I. Grades\nNiereninsuffizienz III. Grades\nZ. post Urolithiasis 2020. \nart. Hypertonie\nsubklin. Diabetes mellitus\nGicht.\n\n\nHirn-Szintigramm: Herdförmig verminderte Perfusion im Bereich der re. A. carotis interna. Kein Herdbefund in der stat. Szintigraphie. Zerebrovaskulärer Prozess re. \n\nAnamnese: Der Patient verspürte am 30.11. 2033 nach einer Drehung des Kopfes plötzlich einen stumpfen Schmerz li. temporoparietal, anschliessend verschwommenes Sehen, jedoch ohne augenärztlichen Fachbefund. Anschliessend Wortfindungsstörungen. Die Schmerzen halten insgesamt mehrere Tage an und klangen erst allmählich wieder ab, eine Nackensteife habe nicht bestanden. Bereits vor etwa 2 Jahren vorübergehend Doppelbilder, gelegentlich kurzzeitiger Schwindel bei Kopfdrehbewegungen. An Risikofaktoren bekannt eine Hyperurikämie, ein Hypertonus sowie eine geringfügige Erhöhung der Triglyzeride bei normalem Serumcholesterin. \n\nEx-Raucher bis 2020 (60py). \nVorerkrankungen: 1990 Tonsillektomie, 2025 Astvenenthrombose re. Auge, seither erhöhtes Kreatinin und Hypertonie mit syst. bis 210 mmHg. \n2027 Urolithiasis mit Hämaturie \n\n\nCT des Schädels: Regelrechte Darstellung der Schädelbasis incl. Orbitae, Pyramiden und Sella turcica-Region Regelrechte Darstellung der Hirnsubstanz mit unauffälliger Kontrastmittelaufnahme nach intravenöser Applikation. Normal weite Liquorräume, symmetr. Darstellung der Ventrikel.\n\nLabor: BSG 7/23, Hb 16,2 gº, 6700 Leuko bei unauffälligem Diff.-Blutbild. 219000 Thrombo. Kreatinin 1,5 mg%, Kreatinin-Clearance mit 74,7 entsprechend herabgesel 26. Cholesterin 167, Triglyzeride 150 mg\". Blutazuckertagesprofil unauffällig, bei oraler Belastung mit 50 g Glukose nüchtern 86, nach 1h 185, nach 2h 89 mg%, keine Glukosurie. \nT3, T4 und TRH-Test im Normbereich. \nUrinstatus und dreimaliger Haemocculttest o. B. \n\nAufnahmebefund: bewusstseinsklarer Patient in altersentsprechendem AZ, Grösse 179 cm, Gewicht 78,5 kg. Temperatur rektal 36,6°C. RR bds. 160/95 mmHg. Puls 66/min regelmässig. Haut und Schleimhäute gut durchblutet. Keine pathol. LK tastbar. Keine Ödeme. Keine Lippenzyanose. Struma nodosa mit walnussgrossem Knoten re., weich. Halsumfang 43 cm. Hypersonorer Klopfschall und bronchovesikuläres AG bds. \n\nHerz perkutorisch nicht verbreitert, Töne rein und leise, 1/6 aortales Strönungsgeräusch. Keine Halsvenenstauung, kein Karotisstenosegeräusch. Abdomen weich, kein DS, keine Abwehrspannung. \nLeber, Gallenblase und Milz palpatorisch o.B. Rektal-digital unauff. Tastbefund. Wirbelsäule nicht klopfschmerzhaft. Unterschenkelvarikosis li, ausgeprägter als re. Die peripheren Pulse sämtlich gut tastbar. \nKursorischer Neurostatus o. B.\n\nBeurteilung, Therapie und Verlauf: Bei dem Patienten war es an 30.11.2033 in zeitl. Zusammenhang mit li. tempoparietal auftretenden Kopfschmerzen zu vorübergehenden Seh- und Worfindungsstörungen gekommen, als deren Ursache sich szintigraphisch eine herdförinig verminderte Perfusion im Bereich der re. A. carotis interna darstellte, ohne dass klinisch Anhalt für eine hämodynamisch relevante Karotisstenose besteht. Den Kopfschmerzen selbst dürften wohl die im Rö.-Befund beschriebenen degenerativen HWS-Veränderungen zugrunde liegen. Wir behandelten mit einer Serie von HAES-Infusionen und gaben ferner zur Blutdrucksenkung Hydrochlorothiazid, wobei die Blutdruckwerte zuletzt um 150 mm systolisch und zwischen 70 und 95 mm diastolisch lagen. Wegen der konstant erhöhten Kreatininwerte haben wir Herrn W. empfohlen, regelmässig 2-3 Liter täglich an Flüssigkeit zu sich zu nehmen, was gleichzeitig als Nierensteinprophylaxe zu werten ist.\nEKG: Normfrequenter SR, Indifferenztyp. PQ mit 0,20 s am oberen Normwert. ORS nicht verbreitert. Unauffällige Erregungsrückbildung. Wir konnten Herrn W. am 22.12.2033 unter der Infusionstherapie deutlichstabilisiert in Ihre weitere hausärztliche Betreuung entlassen. \n\nMit freundlichen kollegialen Grüssen\nProf. Dr. Urs Mühlbacher \nStationsarzt\n\n\n"
    },
    {
      "%ID": 2,
      "%TYPE": "webanno.custom.PHI",
      "kind": "DATE",
      "begin": 92,
      "end": 103,
      "@sofa": 1
    },
    {
      "%ID": 3,
      "%TYPE": "webanno.custom.PHI",
      "kind": "DATE",
      "begin": 137,
      "end": 148,
      "@sofa": 1
    },
    {
      "%ID": 4,
      "%TYPE": "webanno.custom.PHI",
      "kind": "DATE",
      "begin": 153,
      "end": 164,
      "@sofa": 1
    },
    {
      "%ID": 5,
      "%TYPE": "webanno.custom.PHI",
      "kind": "DATE",
      "begin": 1119,
      "end": 1123,
      "@sofa": 1
    },
    {
      "%ID": 6,
      "%TYPE": "webanno.custom.PHI",
      "kind": "DATE",
      "begin": 1379,
      "end": 1390,
      "@sofa": 1
    },
    {
      "%ID": 7,
      "%TYPE": "webanno.custom.PHI",
      "kind": "DATE",
      "begin": 1987,
      "end": 1991,
      "@sofa": 1
    },
    {
      "%ID": 8,
      "%TYPE": "webanno.custom.PHI",
      "kind": "DATE",
      "begin": 2018,
      "end": 2022,
      "@sofa": 1
    },
    {
      "%ID": 9,
      "%TYPE": "webanno.custom.PHI",
      "kind": "DATE",
      "begin": 2039,
      "end": 2043,
      "@sofa": 1
    },
    {
      "%ID": 10,
      "%TYPE": "webanno.custom.PHI",
      "kind": "DATE",
      "begin": 2139,
      "end": 2143,
      "@sofa": 1
    },
    {
      "%ID": 11,
      "%TYPE": "webanno.custom.PHI",
      "kind": "DATE",
      "begin": 2469,
      "end": 2473,
      "@sofa": 1
    },
    {
      "%ID": 12,
      "%TYPE": "webanno.custom.PHI",
      "kind": "DATE",
      "begin": 3781,
      "end": 3791,
      "@sofa": 1
    },
    {
      "%ID": 13,
      "%TYPE": "webanno.custom.PHI",
      "kind": "DATE",
      "begin": 4813,
      "end": 4823,
      "@sofa": 1
    },
    {
      "%ID": 14,
      "%TYPE": "webanno.custom.PHI",
      "kind": "LOCATION_CITY",
      "begin": 108,
      "end": 117,
      "@sofa": 1
    },
    {
      "%ID": 15,
      "%TYPE": "webanno.custom.PHI",
      "kind": "NAME_PATIENT",
      "begin": 71,
      "end": 82,
      "@sofa": 1
    },
    {
      "%ID": 16,
      "%TYPE": "webanno.custom.PHI",
      "kind": "NAME_PATIENT",
      "begin": 4521,
      "end": 4522,
      "@sofa": 1
    },
    {
      "%ID": 17,
      "%TYPE": "webanno.custom.PHI",
      "kind": "NAME_PATIENT",
      "begin": 4807,
      "end": 4808,
      "@sofa": 1
    },
    {
      "%ID": 18,
      "%TYPE": "webanno.custom.PHI",
      "kind": "NAME_DOCTOR",
      "begin": 4973,
      "end": 4987,
      "@sofa": 1
    },
    {
      "%ID": 19,
      "%TYPE": "webanno.custom.PHI",
      "kind": "NAME_TITLE",
      "begin": 4963,
      "end": 4972,
      "@sofa": 1
    }
  ],
  "%VIEWS": {
    "_InitialView": {
      "%SOFA": 1,
      "%MEMBERS": [
        2,
        3,
        4,
        5,
        6,
        7,
        8,
        9,
        10,
        11,
        12,
        13,
        14,
        15,
        16,
        17,
        18,
        19
      ]
    }
  }
}