{
  "%TYPES": {
    "de.tudarmstadt.ukp.dkpro.core.api.segmentation.type.Sentence": {
      "%NAME": "de.tudarmstadt.ukp.dkpro.core.api.segmentation.type.Sentence",
      "%SUPER_TYPE": "uima.tcas.Annotation"
    },
    "webanno.custom.PHI": {
      "%NAME": "webanno.custom.PHI",
      "%SUPER_TYPE": "uima.tcas.Annotation",
      "kind": {
        "%NAME": "kind",
        "%RANGE": "uima.cas.String"
      }
    }
  },
  "%FEATURE_STRUCTURES": [
    {
      "%ID": 1,
      "%TYPE": "uima.cas.Sofa",
      "sofaNum": 1,
      "sofaID": "_InitialView",
      "mimeType": "text",
      "sofaString": "Léonard Xavier geb. 15.01.1940,\n\nSehr geehrte Frau Kollegin, sehr geehrter Herr Kollege,\n\nwir berichten Ihnen nachfolgend über o.g. Patienten, der sich vom 1. -  21. Juli 2022 in unserer stationären Behandlung befand.\n\nDiagnosen:\t\n- Mittelgradig diff. Rektumkarzinom ED 12/17,  - T3N1M0, G2 (Her 2 neu Rezeptor negativ)\t\n- Abdominoperineale Rectumamputation und Anus praeter-Anlage 12/17\n- Relaparotomie und Adhaesiolyse bei Frühadhäsionsileus 12/17\n- Multiple Lebermetastasen ED 01/17\t\t\t\t\t\n- 14 Zyklen Raltritrexed 01/97-10/18                                \n- Lebermetastasenresektion 11/18\n- Lobektomie li, Segmentresektion VI und VIII\n- adjuvante 5-Fluoruracil-Dauertherapie 01/18-06/19, \t\t\t\n-  5-FU plus Oxaliplatin (FOLFOX) 6-9/19 => partielle Remission \n- Rezidiv der Lebermetastasen unter Therapiepause 9/20\n- Lebermetastasenresektion 9/20 (Segmentektomie IV und VIII)\n- adjuvante Chemotherapie Irinotecan plus 5-FU/Leukovorin ab 11/20, insgesamt 4 Zyklen bis 03/21 \n- anschließende Bestrahlungstherapie der Leber 4-5/2021\n- Thymophysin 50mg/d 29.09.-02.10.21 und 5.10.-10.10.21\n- neu aufgetretene Lebermetastasen (PET 29.07.2021) \t\t\t\n- Chemotherapie (Protokoll Nr.:099984-0163)  Irinotecan (80mg/m2), 5-FU (2000mg/ m2), Leukovorin (500mg/ m2), 3 Zyklen: 18.08.21 - 20.1.22, seit 20.09.21 (2. und 3. Zyklus) in um 20% reduzierte Dosis bei rez. Neutropenien\n- V.a. Lungenfil. im CT 1/21 \n-Umstellung Chemotherapie bei Tumorprogress (Lungenfiliae)\n-Gemcitabine 1000mg/ m2 Tag 1,8,15; Wiederholung Tag 28, 27.1.2021 bis 10.02.2022(1000mg/m2), am  10.02.2022 in reduzierter Dosis von 750mg/m2 wegen Neutropenie\n- Umstellung Chemotherapie auf Gemcitabine/ Capecitabine bei Progress (CEA-Anstieg)\n- Gemzar* (Gemcitabine) 1000mg/qm: Tag 1 und 8, Wiederholung Tag 21, wobei Gemzar wegen der Neutropenie des Patienten mit 750mg/qm begonnen wurde\n- Xeloda (Capecitabine) 1300mg/qm/d = Capecitabine 2500mg p.o.; Tag 1-14, Pause Tag 15-21 3 Zyklen ; 25.02.22 - 16.04.22 \n- Umstellung Chemotherapie auf  Mitomycin C/5-FU bei Progress (CEA, CT-Thorax)\n- Mitomycin C 10 mg/qm = 18 mg, Tag 1\n- 5-Fluorouracil 600 mg/qm = 1128 mg Tag 1, 8, 29, 36 \t\n- 3 Zyklen  1.05. - 26.06.2022\n\t\t\t\nRemissionsstand: Tumorprogress trotz verschiedener Therapieprotokolle seit 07/21\n\nWeitere Diagn.:\t\n- Z.n. Port-Implantation li 1/19\n-Z.n. follikulärem Schilddrüsenkarzinom pT2aN0M0 G1\t\t \n- Hemithyreoidektomie re. 10/14 \n- Restthyreoidectomie 11/14\n- Radiojodtherapie 12/14 \n- Substitutionstherapie (aktuell: Euthyreose)\n- Rezidiv. Intermitt. Vorhofflimmern mit TAA, zuletzt 21.07.22\t\n- AV-Block I. Grades \n- Z.n. rez. Lungenembolie (4/16 und 11/18)\t\t\t\n\nAktueller Therapiestand: \n\t \n- Thalidomid 200mg/d seit 27.05.2022 \n- Beginn FOLFOX (Oxaliplatin 100mg/m2;5-FU 2400mg/m2  über 48h, Bolus 400mg/ m2; \n- Calciumfolinat 400mg/m2 Tag 1,15 Wiederholung Tag 29) am 21.07.2022 \n\nVerlaufsparameter: CEA, CT-Thorax\n\nKarnofsky-Index:  100 %\n \nAktuell:  Beginn Chemotherapie nach dem FOLFOX-Protokoll\n\nZwischenanamnese: \nHerr Xavier berichtet über seit 2 Tagen zunehmende Dyspnoe vor allen Dingen bei Belastung. Tagsüber fühle er sich häufig müde ohne Leistungsfähigkeit, wie er sie gewohnt ist. Das Gewicht habe bis auf 87 kg zugenommen. Abends treten Beinödeme auf. Gelegentlich, vor allem in den letzten zwei Tagen Husten mit gelblichem Auswurf. \nVor 2 Tagen begann Herr Xavier mit der Einnahme von Nifedipin in der Dosierung von 3 x 20 mg pro Tag. \n\nZusatzuntersuchungen: \nLabor (21.07.22): Leukozyten 6,2 Tsd/µl; Erythrozyten 4,08 Mio/µl; Hämoglobin 13,1 g/dl; \nHämatokrit 36,1 %; MCV 88,5 fl; MCH (HbE) 32,1 pg; MCHC 36,3 g/dl; Thrombozyten 180 Tsd/µl; \nKalium 3,2 mmol/l; Natrium 137 mmol/l; Calcium 2,06 mmol/l; Harnstoff 47 mg/dl; Serum-Kreatinin \n0,9 mg/dl; Alk. Phosphatase 117 U/l; Gamma - GT 42 U/l; CEA         (Elecsys) 216,7 ng/ml; \nCT Thorax (07.07.2022): Im Vergleich zur Voruntersuchung vom 15.03.2021 zeigt sich eine \nGrößenzunahme der mediastinalen Lymphknotenmetastasen (derzeit max. 3,8 cm im \nSagittaldurchmesser) sowie eine Größenzunahme der bekannten Lungenmetastasen. Zusätzlich zu den \nbereits bekannten metastasentypischen Leberläsionen Nachweis zweier neuer Metastasen im \nLeberparenchym. \n\nZusammenfassung und Verlauf: \nHerr Xavier stellte sich zu Beginn der Kombinations-Chemotherapie aus Oxaliplatin und 5-FU vor. Er \nberichtet über Belastungsdyspnoe in den letzten 2 Tagen. Als Ursache dafür zeigte sich eine absolute \nArrhythmie bei Vorhofflimmern und Herzfrequenz um 100-120/min. Während des kurzen stationären \nAufenthaltes gelang die Kardioversion mittels Flecainid 100 mg per os unter Monitorkontrolle. Die \nRhythmisierung (Herzfreqenz nach Kardioversion 60/min) führte zu einer raschen subjektiven \nBesserung. \nAm 07.07.2022 war ein Zwischenstaging bei Z.n. 2 Zyklen Konbinationschemotherapie Mitomycin/5-\nFU erfolgt. Es zeigte sich ein Befundprogress. Nach Durchsicht der Krankenakten zeigt sich, daß von \nJuni bis November 2019 eine Therapie mit Oxaliplatin/5-FU erfolgreich zur Therapie von \nLebermetastasen eingesetzt wurde. In der Hoffnung auf dieses therapeutische Potential sollte nun ein \nerneuter Versuch mit dieser Therapiekombination erfolgen. \nAFP war vom 02.07.2022 276 auf aktuell 216,7 ng/ml (21.07.22) gesunken. Unter Umständen ist dies \nnoch als Therapieerfolg der Kombination Mitomycin/5-FU zu werten oder steht in keinem \ntherapeutischen Zusammenhang. Eine Fortsetzung der Chemotherapie ist für Mittwoch, den \n05.08.2022 vorgesehen. \nThalidomid wurde auf 100 mg abends reduziert. \nFür Rückfragen stehen wir Ihnen unter o.g. Telefonnummer gerne zur Verfügung.\n\nTherapieempfehlung: \nTambocor 100 mg\t1-0-1\nASS 100 mg\t1-0-0\nL-Thyroxin 100 µg\t1-0-0\nAquaphor 10 mg\t1-0-0\nThalidomid 100 mg\t0-0-1\nAdalat 20 mg\t1-1-1\n\ngez. Prof. Dr. med. Jonathan Lorenz\nLtd. Oberarzt\n\n\n"
    },
    {
      "%ID": 2,
      "%TYPE": "webanno.custom.PHI",
      "kind": "DATE",
      "begin": 20,
      "end": 30,
      "@sofa": 1
    },
    {
      "%ID": 3,
      "%TYPE": "webanno.custom.PHI",
      "kind": "DATE",
      "begin": 156,
      "end": 157,
      "@sofa": 1
    },
    {
      "%ID": 4,
      "%TYPE": "webanno.custom.PHI",
      "kind": "DATE",
      "begin": 156,
      "end": 158,
      "@sofa": 1
    },
    {
      "%ID": 5,
      "%TYPE": "webanno.custom.PHI",
      "kind": "DATE",
      "begin": 162,
      "end": 175,
      "@sofa": 1
    },
    {
      "%ID": 6,
      "%TYPE": "webanno.custom.PHI",
      "kind": "DATE",
      "begin": 270,
      "end": 275,
      "@sofa": 1
    },
    {
      "%ID": 7,
      "%TYPE": "webanno.custom.PHI",
      "kind": "DATE",
      "begin": 382,
      "end": 387,
      "@sofa": 1
    },
    {
      "%ID": 8,
      "%TYPE": "webanno.custom.PHI",
      "kind": "DATE",
      "begin": 444,
      "end": 449,
      "@sofa": 1
    },
    {
      "%ID": 9,
      "%TYPE": "webanno.custom.PHI",
      "kind": "DATE",
      "begin": 480,
      "end": 485,
      "@sofa": 1
    },
    {
      "%ID": 10,
      "%TYPE": "webanno.custom.PHI",
      "kind": "DATE",
      "begin": 516,
      "end": 521,
      "@sofa": 1
    },
    {
      "%ID": 11,
      "%TYPE": "webanno.custom.PHI",
      "kind": "DATE",
      "begin": 522,
      "end": 527,
      "@sofa": 1
    },
    {
      "%ID": 12,
      "%TYPE": "webanno.custom.PHI",
      "kind": "DATE",
      "begin": 587,
      "end": 592,
      "@sofa": 1
    },
    {
      "%ID": 13,
      "%TYPE": "webanno.custom.PHI",
      "kind": "DATE",
      "begin": 679,
      "end": 684,
      "@sofa": 1
    },
    {
      "%ID": 14,
      "%TYPE": "webanno.custom.PHI",
      "kind": "DATE",
      "begin": 685,
      "end": 690,
      "@sofa": 1
    },
    {
      "%ID": 15,
      "%TYPE": "webanno.custom.PHI",
      "kind": "DATE",
      "begin": 730,
      "end": 731,
      "@sofa": 1
    },
    {
      "%ID": 16,
      "%TYPE": "webanno.custom.PHI",
      "kind": "DATE",
      "begin": 730,
      "end": 736,
      "@sofa": 1
    },
    {
      "%ID": 17,
      "%TYPE": "webanno.custom.PHI",
      "kind": "DATE",
      "begin": 732,
      "end": 736,
      "@sofa": 1
    },
    {
      "%ID": 18,
      "%TYPE": "webanno.custom.PHI",
      "kind": "DATE",
      "begin": 811,
      "end": 815,
      "@sofa": 1
    },
    {
      "%ID": 19,
      "%TYPE": "webanno.custom.PHI",
      "kind": "DATE",
      "begin": 843,
      "end": 847,
      "@sofa": 1
    },
    {
      "%ID": 20,
      "%TYPE": "webanno.custom.PHI",
      "kind": "DATE",
      "begin": 938,
      "end": 943,
      "@sofa": 1
    },
    {
      "%ID": 21,
      "%TYPE": "webanno.custom.PHI",
      "kind": "DATE",
      "begin": 968,
      "end": 973,
      "@sofa": 1
    },
    {
      "%ID": 22,
      "%TYPE": "webanno.custom.PHI",
      "kind": "DATE",
      "begin": 1022,
      "end": 1023,
      "@sofa": 1
    },
    {
      "%ID": 23,
      "%TYPE": "webanno.custom.PHI",
      "kind": "DATE",
      "begin": 1024,
      "end": 1030,
      "@sofa": 1
    },
    {
      "%ID": 24,
      "%TYPE": "webanno.custom.PHI",
      "kind": "DATE",
      "begin": 1052,
      "end": 1058,
      "@sofa": 1
    },
    {
      "%ID": 25,
      "%TYPE": "webanno.custom.PHI",
      "kind": "DATE",
      "begin": 1059,
      "end": 1067,
      "@sofa": 1
    },
    {
      "%ID": 26,
      "%TYPE": "webanno.custom.PHI",
      "kind": "DATE",
      "begin": 1072,
      "end": 1077,
      "@sofa": 1
    },
    {
      "%ID": 27,
      "%TYPE": "webanno.custom.PHI",
      "kind": "DATE",
      "begin": 1078,
      "end": 1086,
      "@sofa": 1
    },
    {
      "%ID": 28,
      "%TYPE": "webanno.custom.PHI",
      "kind": "DATE",
      "begin": 1127,
      "end": 1137,
      "@sofa": 1
    },
    {
      "%ID": 29,
      "%TYPE": "webanno.custom.PHI",
      "kind": "DATE",
      "begin": 1263,
      "end": 1271,
      "@sofa": 1
    },
    {
      "%ID": 30,
      "%TYPE": "webanno.custom.PHI",
      "kind": "DATE",
      "begin": 1274,
      "end": 1281,
      "@sofa": 1
    },
    {
      "%ID": 31,
      "%TYPE": "webanno.custom.PHI",
      "kind": "DATE",
      "begin": 1288,
      "end": 1296,
      "@sofa": 1
    },
    {
      "%ID": 32,
      "%TYPE": "webanno.custom.PHI",
      "kind": "DATE",
      "begin": 1389,
      "end": 1393,
      "@sofa": 1
    },
    {
      "%ID": 33,
      "%TYPE": "webanno.custom.PHI",
      "kind": "DATE",
      "begin": 1511,
      "end": 1520,
      "@sofa": 1
    },
    {
      "%ID": 34,
      "%TYPE": "webanno.custom.PHI",
      "kind": "DATE",
      "begin": 1525,
      "end": 1535,
      "@sofa": 1
    },
    {
      "%ID": 35,
      "%TYPE": "webanno.custom.PHI",
      "kind": "DATE",
      "begin": 1552,
      "end": 1562,
      "@sofa": 1
    },
    {
      "%ID": 36,
      "%TYPE": "webanno.custom.PHI",
      "kind": "DATE",
      "begin": 1946,
      "end": 1954,
      "@sofa": 1
    },
    {
      "%ID": 37,
      "%TYPE": "webanno.custom.PHI",
      "kind": "DATE",
      "begin": 1957,
      "end": 1965,
      "@sofa": 1
    },
    {
      "%ID": 38,
      "%TYPE": "webanno.custom.PHI",
      "kind": "DATE",
      "begin": 2152,
      "end": 2157,
      "@sofa": 1
    },
    {
      "%ID": 39,
      "%TYPE": "webanno.custom.PHI",
      "kind": "DATE",
      "begin": 2160,
      "end": 2170,
      "@sofa": 1
    },
    {
      "%ID": 40,
      "%TYPE": "webanno.custom.PHI",
      "kind": "DATE",
      "begin": 2250,
      "end": 2255,
      "@sofa": 1
    },
    {
      "%ID": 41,
      "%TYPE": "webanno.custom.PHI",
      "kind": "DATE",
      "begin": 2302,
      "end": 2306,
      "@sofa": 1
    },
    {
      "%ID": 42,
      "%TYPE": "webanno.custom.PHI",
      "kind": "DATE",
      "begin": 2388,
      "end": 2393,
      "@sofa": 1
    },
    {
      "%ID": 43,
      "%TYPE": "webanno.custom.PHI",
      "kind": "DATE",
      "begin": 2417,
      "end": 2422,
      "@sofa": 1
    },
    {
      "%ID": 44,
      "%TYPE": "webanno.custom.PHI",
      "kind": "DATE",
      "begin": 2442,
      "end": 2447,
      "@sofa": 1
    },
    {
      "%ID": 45,
      "%TYPE": "webanno.custom.PHI",
      "kind": "DATE",
      "begin": 2549,
      "end": 2557,
      "@sofa": 1
    },
    {
      "%ID": 46,
      "%TYPE": "webanno.custom.PHI",
      "kind": "DATE",
      "begin": 2608,
      "end": 2612,
      "@sofa": 1
    },
    {
      "%ID": 47,
      "%TYPE": "webanno.custom.PHI",
      "kind": "DATE",
      "begin": 2617,
      "end": 2622,
      "@sofa": 1
    },
    {
      "%ID": 48,
      "%TYPE": "webanno.custom.PHI",
      "kind": "DATE",
      "begin": 2683,
      "end": 2693,
      "@sofa": 1
    },
    {
      "%ID": 49,
      "%TYPE": "webanno.custom.PHI",
      "kind": "DATE",
      "begin": 2836,
      "end": 2846,
      "@sofa": 1
    },
    {
      "%ID": 50,
      "%TYPE": "webanno.custom.PHI",
      "kind": "DATE",
      "begin": 3450,
      "end": 3458,
      "@sofa": 1
    },
    {
      "%ID": 51,
      "%TYPE": "webanno.custom.PHI",
      "kind": "DATE",
      "begin": 3826,
      "end": 3836,
      "@sofa": 1
    },
    {
      "%ID": 52,
      "%TYPE": "webanno.custom.PHI",
      "kind": "DATE",
      "begin": 3876,
      "end": 3886,
      "@sofa": 1
    },
    {
      "%ID": 53,
      "%TYPE": "webanno.custom.PHI",
      "kind": "DATE",
      "begin": 4720,
      "end": 4730,
      "@sofa": 1
    },
    {
      "%ID": 54,
      "%TYPE": "webanno.custom.PHI",
      "kind": "DATE",
      "begin": 4913,
      "end": 4917,
      "@sofa": 1
    },
    {
      "%ID": 55,
      "%TYPE": "webanno.custom.PHI",
      "kind": "DATE",
      "begin": 4922,
      "end": 4935,
      "@sofa": 1
    },
    {
      "%ID": 56,
      "%TYPE": "webanno.custom.PHI",
      "kind": "DATE",
      "begin": 5174,
      "end": 5184,
      "@sofa": 1
    },
    {
      "%ID": 57,
      "%TYPE": "webanno.custom.PHI",
      "kind": "DATE",
      "begin": 5214,
      "end": 5222,
      "@sofa": 1
    },
    {
      "%ID": 58,
      "%TYPE": "webanno.custom.PHI",
      "kind": "DATE",
      "begin": 5420,
      "end": 5428,
      "@sofa": 1
    },
    {
      "%ID": 59,
      "%TYPE": "webanno.custom.PHI",
      "kind": "DATE",
      "begin": 5435,
      "end": 5445,
      "@sofa": 1
    },
    {
      "%ID": 60,
      "%TYPE": "webanno.custom.PHI",
      "kind": "ID",
      "begin": 1174,
      "end": 1185,
      "@sofa": 1
    },
    {
      "%ID": 61,
      "%TYPE": "webanno.custom.PHI",
      "kind": "NAME_PATIENT",
      "begin": 0,
      "end": 14,
      "@sofa": 1
    },
    {
      "%ID": 62,
      "%TYPE": "webanno.custom.PHI",
      "kind": "NAME_PATIENT",
      "begin": 2992,
      "end": 2998,
      "@sofa": 1
    },
    {
      "%ID": 63,
      "%TYPE": "webanno.custom.PHI",
      "kind": "NAME_PATIENT",
      "begin": 3340,
      "end": 3346,
      "@sofa": 1
    },
    {
      "%ID": 64,
      "%TYPE": "webanno.custom.PHI",
      "kind": "NAME_PATIENT",
      "begin": 4222,
      "end": 4228,
      "@sofa": 1
    },
    {
      "%ID": 65,
      "%TYPE": "webanno.custom.PHI",
      "kind": "NAME_DOCTOR",
      "begin": 5754,
      "end": 5769,
      "@sofa": 1
    },
    {
      "%ID": 66,
      "%TYPE": "webanno.custom.PHI",
      "kind": "NAME_TITLE",
      "begin": 5739,
      "end": 5753,
      "@sofa": 1
    }
  ],
  "%VIEWS": {
    "_InitialView": {
      "%SOFA": 1,
      "%MEMBERS": [
        2,
        3,
        4,
        5,
        6,
        7,
        8,
        9,
        10,
        11,
        12,
        13,
        14,
        15,
        16,
        17,
        18,
        19,
        20,
        21,
        22,
        23,
        24,
        25,
        26,
        27,
        28,
        29,
        30,
        31,
        32,
        33,
        34,
        35,
        36,
        37,
        38,
        39,
        40,
        41,
        42,
        43,
        44,
        45,
        46,
        47,
        48,
        49,
        50,
        51,
        52,
        53,
        54,
        55,
        56,
        57,
        58,
        59,
        60,
        61,
        62,
        63,
        64,
        65,
        66
      ]
    }
  }
}