{
  "%TYPES": {
    "de.tudarmstadt.ukp.dkpro.core.api.segmentation.type.Sentence": {
      "%NAME": "de.tudarmstadt.ukp.dkpro.core.api.segmentation.type.Sentence",
      "%SUPER_TYPE": "uima.tcas.Annotation"
    },
    "webanno.custom.PHI": {
      "%NAME": "webanno.custom.PHI",
      "%SUPER_TYPE": "uima.tcas.Annotation",
      "kind": {
        "%NAME": "kind",
        "%RANGE": "uima.cas.String"
      }
    }
  },
  "%FEATURE_STRUCTURES": [
    {
      "%ID": 1,
      "%TYPE": "uima.cas.Sofa",
      "sofaNum": 1,
      "sofaID": "_InitialView",
      "mimeType": "text",
      "sofaString": "Landeskrankenhaus Neustadt, Epilepsie-Einheit \n\nENTLASSUNGSBERICHT Patient: Žeželj, Marija geb. am 21.09.2007 \n\nSehr geehrter Frau Kollegin, sehr geehrter Herr Kollege!\n \nWir berichten Ihnen über unsere gemeinsame Patientin M. Zezelj. Stationärer Aufenthalt: 03.07.2023 – 05.07.2023 Epilepsieklassifikation: Fokale Epilepsie rechts \n\nAtiologie: \nRasmussen-Enzephalitis Anfallssemiologie: Epilepsia partialis continua links Generalisiert tonisch-komische Anfälle Dialeptische Anfälle \nZusatzdiagnosen: Unilateral Hemiparese links GMFCS-Stufe , MACS-Stufe Panaritum linke Großzehe Arterielle Hypertonie Aktueller Vorstellungsgrund: 2. Methylprednisolonstoß \n\nAnamnese:\nMarija, eine knapp 16-jährige Patientin, leidet seit etwa 1 1/2 Jahren an einer Rasmussen Enzephalitis. Aufgrund der noch bestehenden guten Restfunktion der li Hand mit Vorhandensein der feinen Fingerbewegungen haben wir zunächst von einer Hemisphärektomie abgesehen. Stattdessen haben wir im Februar mit der Eindosierung von Tacrolimus begonnen. Unter dieser Medikation war es zunächst zu einer deutlichen Besserung der Symptomatik gekommen und insbesondere die Hemiparese war weniger stark fluktuierend in ihrer Ausprägung. Aktuell gehe es Maria für ihre Verhältnisse gut. Sie könne gehen und sei nicht mehr auf den Rollstuhl angewiesen. Die Funkt. der li Hand sei jedoch eingeschränkt. Es würden Absencen von ca. 1-2 Min Dauer auftreten und sie sei mitunter kurzzeitig verwirrt. Die Myoklonien der linken Gesichtshälfte bestünden fort. Auch die Sensibilität im Gesichtsbereich sei reduziert, Maria würde gelegentlich nicht bemerken, wenn sie Essensreste noch in der linken Backentasche habe. Die Blutdruckwerte seien stabil. Die Eltern würden 2xTag messen. Frisium hätten die Eltern aufgrund eines „Engpasses“ über das Wochenende vor 2 Wochen von 30 auf 20mg/Tag reduziert, was Marijas Zustand jedoch nicht verschlechtert habe.\n\nFamilienanamnese:\nKeine Geschwister, keine relevanten Vorerkrankungen in der Familie\n\nMedikation bei Aufnahme: \nEthosuximid 250-250-250 mg (=17,9 mg/kg KG) Tacrolimus 6-0-6 mg (=0,28 mg/kg KG) Levetiracetam 500-0-500 mg (=23,9 mg/kg KG) Clobazam 10-0-10 mg Ramipril 7,5-0-0 mg Amlodipin 5-0-0 mg Bei gen. ton.-klon. Anfällen > 3 Min.: Diazepam 10 mg \nKörperlicher Untersuchungsbefund: 15–jähriges Mädchen in gutem Allgemein- und gutem Ernährungszustand. Größe: 153 cm (5 cm 1. PZ), Gewicht 41,8 kg (2 PZ), KU: 54 cm (22. PZ). Turgor normal, kein Exanthem, gute RKZ. Panaritium mit Granulationsgewebe an der linken Großzehe. Unauffälliger 1. und 2. Herzton, rhythmisch, keine pathologischen Geräusche auskultierbar. Pulmo: stgl. belüftet, ves. AG, keine RGs. Abdomen: weich, Darmgeräusche regelrecht, kein Druckschmerz, keine Abwehrspannung, keine pathologischen Resistenzen. Leber und Milz nicht vergrößert tastbar. Nierenlager frei. Rachen und Trommelfelle ohne path. Befund. Genitale reizlos. Keine pathologisch vergrößerten Lymphknoten. \n\nNeurologische Untersuchung: Während der Untersuchung eine Absence von ca. 1 Minute Dauer. Kein Meningismus. Hirnnerven intakt. Leicht sakkadierte Blickfolge nach links. Intermittierende Myoklonie der linken Gesichtshälfte, zeitweise unter Einbeziehung des rechten Mundwinkels. Babinski neg. MER stgl. lebhaft auslösbar. Kraft links 4/5 (OE+UE), rechts 5/5. Einbeinstand links nicht möglich, rechts unauffällig. Seiltänzer unsicher. Fingerreihe links kaum möglich, rechts unauffällig. Diadochokinese links verlangsamt mit Spiegelbewegung, rechts normal. Sprache deutlich. Sensibilität links (OE+UE) vermindert (aufgrund der Sprachbarriere nur bedingt zu testen) Labor: Siehe Anhang. Tacrolimusspiegel vom 03.07.23: 5.2 ng/ml \nKinderchirurgisches Konsil vom 05.07.23: Befund: Panaritium der Großzehe. Keine größere Infektion. Bereits verätzt und der Großteil des Granuloms bereits regredient. Die Reste des Granuloms leicht mit der Schere abgetragen. Nochmals mit Silber-Nitrat verätzt. Beurteilung: Bitte weiter 3x tgl. Fußbad mit Kamillosan und 3x tgl. Fucidine Salbe. Wenn in 1 Woche keine Besserung Wiedervorstellung; ggf. Emmert Plastik \nStationärer Verlauf: Marija erhielt Methylprednisolon (20mg/kg KG) für 3 Tage. Die Blutdruckwerte waren stabil. Es traten nicht symptomatische Blutzuckerspitzen bis 480 mg/dl auf. Ein kinderchirurgisches Konsil bzgl. des Panaritiums ergab zunächst eine konservative Weiterbehandlung mit Fußbädern und Fucidine Salbe. \nZusammenfassung und Empfehlungen: Marija, ein knapp 16-jähriges Mädchen, wurde aufgrund einer akuten Verschlechterung einer bekannten Rasmussen-Enzephalitis mit Epilepsia partialis continua stationär aufgenommen. Maria scheint von der Kortisonstoßtherapie zu profitieren, wir empfehlen eine Verlaufskontrolle. \nWir empfehlen: \n- Amb. Wiedervorstellung in der Hochschulambulanz in 2 Wochen. (Terminvereinbarung unter 5110-2882). Kontrolle des BZ-Wertes. \n- Weiter 3x tgl. Fußbad mit Kamillosan und 3x tgl. Fucidine Salbe. Wenn in 1 Woche keine Besserung des Panaritiums Wiedervorstellung; ggf. Emmert Plastik - Blutdruckmessung 2x/Tag mit Protokoll. \n– Kontrolle der LZ-RR im Verlauf. \nMedikation bei Entlassung: \nRamipril 7,5-0-0 mg Amlodipin 5-0-0 mg Frisium 10-0-10 mg Levetiracetam (Keppra ®) 500-0-500 mg (=23,9 mg/kg KG) Ethosuximid (Petnidan E) 250-250-250 mg (=17,9 mg/kg KG) Tacrolimus 6-0-6 mg (=0,28 mg/kg KG) Bei geri. ton.-klon. Anfällen > 3 Min.: Buccolam E 10 mg Bei Blutdruckwerten >145/95 mmHg 6 gtt Nifedipin (Adalat E) (max. alle 6-8h) Für eventuelle Rückfragen stehen wir gerne jederzeit zur Verfügung. \n\nMit freundlichen, kollegialen Grüßen  \n\nIda Fuß, Dr. med.\n\n\n\n"
    },
    {
      "%ID": 2,
      "%TYPE": "webanno.custom.PHI",
      "kind": "AGE",
      "begin": 686,
      "end": 688,
      "@sofa": 1
    },
    {
      "%ID": 3,
      "%TYPE": "webanno.custom.PHI",
      "kind": "AGE",
      "begin": 2284,
      "end": 2286,
      "@sofa": 1
    },
    {
      "%ID": 4,
      "%TYPE": "webanno.custom.PHI",
      "kind": "AGE",
      "begin": 4452,
      "end": 4454,
      "@sofa": 1
    },
    {
      "%ID": 5,
      "%TYPE": "webanno.custom.PHI",
      "kind": "CONTACT_PHONE",
      "begin": 4816,
      "end": 4825,
      "@sofa": 1
    },
    {
      "%ID": 6,
      "%TYPE": "webanno.custom.PHI",
      "kind": "DATE",
      "begin": 99,
      "end": 109,
      "@sofa": 1
    },
    {
      "%ID": 7,
      "%TYPE": "webanno.custom.PHI",
      "kind": "DATE",
      "begin": 259,
      "end": 269,
      "@sofa": 1
    },
    {
      "%ID": 8,
      "%TYPE": "webanno.custom.PHI",
      "kind": "DATE",
      "begin": 272,
      "end": 282,
      "@sofa": 1
    },
    {
      "%ID": 9,
      "%TYPE": "webanno.custom.PHI",
      "kind": "DATE",
      "begin": 960,
      "end": 967,
      "@sofa": 1
    },
    {
      "%ID": 10,
      "%TYPE": "webanno.custom.PHI",
      "kind": "DATE",
      "begin": 3645,
      "end": 3653,
      "@sofa": 1
    },
    {
      "%ID": 11,
      "%TYPE": "webanno.custom.PHI",
      "kind": "DATE",
      "begin": 3697,
      "end": 3705,
      "@sofa": 1
    },
    {
      "%ID": 12,
      "%TYPE": "webanno.custom.PHI",
      "kind": "LOCATION_HOSPITAL",
      "begin": 0,
      "end": 26,
      "@sofa": 1
    },
    {
      "%ID": 13,
      "%TYPE": "webanno.custom.PHI",
      "kind": "NAME_PATIENT",
      "begin": 76,
      "end": 90,
      "@sofa": 1
    },
    {
      "%ID": 14,
      "%TYPE": "webanno.custom.PHI",
      "kind": "NAME_PATIENT",
      "begin": 667,
      "end": 673,
      "@sofa": 1
    },
    {
      "%ID": 15,
      "%TYPE": "webanno.custom.PHI",
      "kind": "NAME_PATIENT",
      "begin": 4434,
      "end": 4440,
      "@sofa": 1
    },
    {
      "%ID": 16,
      "%TYPE": "webanno.custom.PHI",
      "kind": "NAME_DOCTOR",
      "begin": 5564,
      "end": 5571,
      "@sofa": 1
    },
    {
      "%ID": 17,
      "%TYPE": "webanno.custom.PHI",
      "kind": "NAME_TITLE",
      "begin": 5573,
      "end": 5581,
      "@sofa": 1
    }
  ],
  "%VIEWS": {
    "_InitialView": {
      "%SOFA": 1,
      "%MEMBERS": [
        2,
        3,
        4,
        5,
        6,
        7,
        8,
        9,
        10,
        11,
        12,
        13,
        14,
        15,
        16,
        17
      ]
    }
  }
}