{
  "name" : "GeMTeX: De-Identification (GraSCCo preannotation) (v3)",
  "slug" : null,
  "description" : "This project is for annotating/confirming identifying tokens/spans in clinical texts for the GeMTeX project.\r\n\r\nThis is the third version of our \"GraSSCo preannotated\" project with an updated annotation guide (v3.3-10/06/2024).\r\n(16/07/2024)\r\n\r\nThere is no configuration of Recommenders.",
  "mode" : "ANNOTATION",
  "version" : 1,
  "source_documents" : [ {
    "name" : "Albers.txt.json",
    "format" : "jsoncas",
    "state" : "ANNOTATION_IN_PROGRESS",
    "timestamp" : null,
    "created" : 1721141860855,
    "updated" : 1721141871270
  }, {
    "name" : "Amanda_Alzheimer.txt.json",
    "format" : "jsoncas",
    "state" : "NEW",
    "timestamp" : null,
    "created" : 1721141860910,
    "updated" : 1721141860910
  }, {
    "name" : "Baastrup.txt.json",
    "format" : "jsoncas",
    "state" : "NEW",
    "timestamp" : null,
    "created" : 1721141860929,
    "updated" : 1721141860929
  }, {
    "name" : "Beuerle.txt.json",
    "format" : "jsoncas",
    "state" : "NEW",
    "timestamp" : null,
    "created" : 1721141860947,
    "updated" : 1721141860947
  }, {
    "name" : "Boeck.txt.json",
    "format" : "jsoncas",
    "state" : "NEW",
    "timestamp" : null,
    "created" : 1721141860961,
    "updated" : 1721141860961
  }, {
    "name" : "Cajal.txt.json",
    "format" : "jsoncas",
    "state" : "NEW",
    "timestamp" : null,
    "created" : 1721141860983,
    "updated" : 1721141860983
  }, {
    "name" : "Clausthal.txt.json",
    "format" : "jsoncas",
    "state" : "NEW",
    "timestamp" : null,
    "created" : 1721141861007,
    "updated" : 1721141861007
  }, {
    "name" : "Colon_Fake_A.txt.json",
    "format" : "jsoncas",
    "state" : "NEW",
    "timestamp" : null,
    "created" : 1721141861023,
    "updated" : 1721141861023
  }, {
    "name" : "Colon_Fake_B.txt.json",
    "format" : "jsoncas",
    "state" : "NEW",
    "timestamp" : null,
    "created" : 1721141861044,
    "updated" : 1721141861044
  }, {
    "name" : "Colon_Fake_C.txt.json",
    "format" : "jsoncas",
    "state" : "NEW",
    "timestamp" : null,
    "created" : 1721141861059,
    "updated" : 1721141861059
  }, {
    "name" : "Colon_Fake_D.txt.json",
    "format" : "jsoncas",
    "state" : "NEW",
    "timestamp" : null,
    "created" : 1721141861074,
    "updated" : 1721141861074
  }, {
    "name" : "Colon_Fake_E.txt.json",
    "format" : "jsoncas",
    "state" : "NEW",
    "timestamp" : null,
    "created" : 1721141861089,
    "updated" : 1721141861089
  }, {
    "name" : "Colon_Fake_F.txt.json",
    "format" : "jsoncas",
    "state" : "NEW",
    "timestamp" : null,
    "created" : 1721141861107,
    "updated" : 1721141861107
  }, {
    "name" : "Colon_Fake_G.txt.json",
    "format" : "jsoncas",
    "state" : "NEW",
    "timestamp" : null,
    "created" : 1721141861121,
    "updated" : 1721141861121
  }, {
    "name" : "Colon_Fake_H.txt.json",
    "format" : "jsoncas",
    "state" : "NEW",
    "timestamp" : null,
    "created" : 1721141861135,
    "updated" : 1721141861135
  }, {
    "name" : "Colon_Fake_I.txt.json",
    "format" : "jsoncas",
    "state" : "NEW",
    "timestamp" : null,
    "created" : 1721141861154,
    "updated" : 1721141861154
  }, {
    "name" : "Colon_Fake_J.txt.json",
    "format" : "jsoncas",
    "state" : "NEW",
    "timestamp" : null,
    "created" : 1721141861178,
    "updated" : 1721141861178
  }, {
    "name" : "Colon_Fake_K.txt.json",
    "format" : "jsoncas",
    "state" : "NEW",
    "timestamp" : null,
    "created" : 1721141861196,
    "updated" : 1721141861196
  }, {
    "name" : "Dewald.txt.json",
    "format" : "jsoncas",
    "state" : "NEW",
    "timestamp" : null,
    "created" : 1721141861213,
    "updated" : 1721141861213
  }, {
    "name" : "Dupuytren.txt.json",
    "format" : "jsoncas",
    "state" : "NEW",
    "timestamp" : null,
    "created" : 1721141861228,
    "updated" : 1721141861228
  }, {
    "name" : "Ehrenberger.txt.json",
    "format" : "jsoncas",
    "state" : "NEW",
    "timestamp" : null,
    "created" : 1721141861243,
    "updated" : 1721141861243
  }, {
    "name" : "Fabry.txt.json",
    "format" : "jsoncas",
    "state" : "NEW",
    "timestamp" : null,
    "created" : 1721141861258,
    "updated" : 1721141861258
  }, {
    "name" : "Fleischmann.txt.json",
    "format" : "jsoncas",
    "state" : "NEW",
    "timestamp" : null,
    "created" : 1721141861274,
    "updated" : 1721141861274
  }, {
    "name" : "Fuss.txt.json",
    "format" : "jsoncas",
    "state" : "NEW",
    "timestamp" : null,
    "created" : 1721141861290,
    "updated" : 1721141861290
  }, {
    "name" : "Gebauer.txt.json",
    "format" : "jsoncas",
    "state" : "NEW",
    "timestamp" : null,
    "created" : 1721141861307,
    "updated" : 1721141861307
  }, {
    "name" : "Haefner.txt.json",
    "format" : "jsoncas",
    "state" : "NEW",
    "timestamp" : null,
    "created" : 1721141861334,
    "updated" : 1721141861334
  }, {
    "name" : "Ilgner.txt.json",
    "format" : "jsoncas",
    "state" : "NEW",
    "timestamp" : null,
    "created" : 1721141861349,
    "updated" : 1721141861349
  }, {
    "name" : "Jadassohn.txt.json",
    "format" : "jsoncas",
    "state" : "NEW",
    "timestamp" : null,
    "created" : 1721141861363,
    "updated" : 1721141861363
  }, {
    "name" : "Jenninger.txt.json",
    "format" : "jsoncas",
    "state" : "NEW",
    "timestamp" : null,
    "created" : 1721141861381,
    "updated" : 1721141861381
  }, {
    "name" : "Joubert.txt.json",
    "format" : "jsoncas",
    "state" : "NEW",
    "timestamp" : null,
    "created" : 1721141861400,
    "updated" : 1721141861400
  }, {
    "name" : "Kawasaki.txt.json",
    "format" : "jsoncas",
    "state" : "NEW",
    "timestamp" : null,
    "created" : 1721141861419,
    "updated" : 1721141861419
  }, {
    "name" : "Koenig.txt.json",
    "format" : "jsoncas",
    "state" : "NEW",
    "timestamp" : null,
    "created" : 1721141861435,
    "updated" : 1721141861435
  }, {
    "name" : "Leitner.txt.json",
    "format" : "jsoncas",
    "state" : "NEW",
    "timestamp" : null,
    "created" : 1721141861450,
    "updated" : 1721141861450
  }, {
    "name" : "Meulengracht.txt.json",
    "format" : "jsoncas",
    "state" : "NEW",
    "timestamp" : null,
    "created" : 1721141861472,
    "updated" : 1721141861472
  }, {
    "name" : "Meyr.txt.json",
    "format" : "jsoncas",
    "state" : "NEW",
    "timestamp" : null,
    "created" : 1721141861489,
    "updated" : 1721141861489
  }, {
    "name" : "Neubauer.txt.json",
    "format" : "jsoncas",
    "state" : "NEW",
    "timestamp" : null,
    "created" : 1721141861504,
    "updated" : 1721141861504
  }, {
    "name" : "Obradovic-1.txt.json",
    "format" : "jsoncas",
    "state" : "NEW",
    "timestamp" : null,
    "created" : 1721141861557,
    "updated" : 1721141861557
  }, {
    "name" : "Obradovic-2.txt.json",
    "format" : "jsoncas",
    "state" : "NEW",
    "timestamp" : null,
    "created" : 1721141861572,
    "updated" : 1721141861572
  }, {
    "name" : "Obradovic-3.txt.json",
    "format" : "jsoncas",
    "state" : "NEW",
    "timestamp" : null,
    "created" : 1721141861588,
    "updated" : 1721141861588
  }, {
    "name" : "Obradovic.txt.json",
    "format" : "jsoncas",
    "state" : "NEW",
    "timestamp" : null,
    "created" : 1721141861519,
    "updated" : 1721141861519
  }, {
    "name" : "Obradovic_Fehler.txt.json",
    "format" : "jsoncas",
    "state" : "NEW",
    "timestamp" : null,
    "created" : 1721141861538,
    "updated" : 1721141861538
  }, {
    "name" : "Osler.txt.json",
    "format" : "jsoncas",
    "state" : "NEW",
    "timestamp" : null,
    "created" : 1721141861602,
    "updated" : 1721141861602
  }, {
    "name" : "Popovic.txt.json",
    "format" : "jsoncas",
    "state" : "NEW",
    "timestamp" : null,
    "created" : 1721141861621,
    "updated" : 1721141861621
  }, {
    "name" : "Praechtel.txt.json",
    "format" : "jsoncas",
    "state" : "NEW",
    "timestamp" : null,
    "created" : 1721141861635,
    "updated" : 1721141861635
  }, {
    "name" : "Queisser.txt.json",
    "format" : "jsoncas",
    "state" : "NEW",
    "timestamp" : null,
    "created" : 1721141861648,
    "updated" : 1721141861648
  }, {
    "name" : "Quervain.txt.json",
    "format" : "jsoncas",
    "state" : "NEW",
    "timestamp" : null,
    "created" : 1721141861662,
    "updated" : 1721141861662
  }, {
    "name" : "Recklinghausen.txt.json",
    "format" : "jsoncas",
    "state" : "NEW",
    "timestamp" : null,
    "created" : 1721141861675,
    "updated" : 1721141861675
  }, {
    "name" : "Rieser.txt.json",
    "format" : "jsoncas",
    "state" : "NEW",
    "timestamp" : null,
    "created" : 1721141861688,
    "updated" : 1721141861688
  }, {
    "name" : "Schielaug.txt.json",
    "format" : "jsoncas",
    "state" : "NEW",
    "timestamp" : null,
    "created" : 1721141861701,
    "updated" : 1721141861701
  }, {
    "name" : "Schnitzler.txt.json",
    "format" : "jsoncas",
    "state" : "NEW",
    "timestamp" : null,
    "created" : 1721141861715,
    "updated" : 1721141861715
  }, {
    "name" : "Schuh.txt.json",
    "format" : "jsoncas",
    "state" : "NEW",
    "timestamp" : null,
    "created" : 1721141861728,
    "updated" : 1721141861728
  }, {
    "name" : "Stoelzl.txt.json",
    "format" : "jsoncas",
    "state" : "NEW",
    "timestamp" : null,
    "created" : 1721141861741,
    "updated" : 1721141861741
  }, {
    "name" : "Sudeck.txt.json",
    "format" : "jsoncas",
    "state" : "NEW",
    "timestamp" : null,
    "created" : 1721141861755,
    "updated" : 1721141861755
  }, {
    "name" : "Theodor.txt.json",
    "format" : "jsoncas",
    "state" : "NEW",
    "timestamp" : null,
    "created" : 1721141861768,
    "updated" : 1721141861768
  }, {
    "name" : "Tupolev_1.txt.json",
    "format" : "jsoncas",
    "state" : "NEW",
    "timestamp" : null,
    "created" : 1721141861785,
    "updated" : 1721141861785
  }, {
    "name" : "Tupolev_2.txt.json",
    "format" : "jsoncas",
    "state" : "NEW",
    "timestamp" : null,
    "created" : 1721141861799,
    "updated" : 1721141861799
  }, {
    "name" : "Tupolev_3.txt.json",
    "format" : "jsoncas",
    "state" : "NEW",
    "timestamp" : null,
    "created" : 1721141861815,
    "updated" : 1721141861815
  }, {
    "name" : "Tupolev_4.txt.json",
    "format" : "jsoncas",
    "state" : "NEW",
    "timestamp" : null,
    "created" : 1721141861828,
    "updated" : 1721141861828
  }, {
    "name" : "Utz.txt.json",
    "format" : "jsoncas",
    "state" : "NEW",
    "timestamp" : null,
    "created" : 1721141861843,
    "updated" : 1721141861843
  }, {
    "name" : "Vogler.txt.json",
    "format" : "jsoncas",
    "state" : "NEW",
    "timestamp" : null,
    "created" : 1721141861855,
    "updated" : 1721141861855
  }, {
    "name" : "Waldenstroem.txt.json",
    "format" : "jsoncas",
    "state" : "NEW",
    "timestamp" : null,
    "created" : 1721141861868,
    "updated" : 1721141861868
  }, {
    "name" : "Wankel.txt.json",
    "format" : "jsoncas",
    "state" : "NEW",
    "timestamp" : null,
    "created" : 1721141861882,
    "updated" : 1721141861882
  }, {
    "name" : "Weber.txt.json",
    "format" : "jsoncas",
    "state" : "NEW",
    "timestamp" : null,
    "created" : 1721141861896,
    "updated" : 1721141861896
  }, {
    "name" : "Weil.txt.json",
    "format" : "jsoncas",
    "state" : "NEW",
    "timestamp" : null,
    "created" : 1721141861914,
    "updated" : 1721141861914
  }, {
    "name" : "Xavier.txt.json",
    "format" : "jsoncas",
    "state" : "NEW",
    "timestamp" : null,
    "created" : 1721141861927,
    "updated" : 1721141861927
  }, {
    "name" : "Ypsilanti.txt.json",
    "format" : "jsoncas",
    "state" : "NEW",
    "timestamp" : null,
    "created" : 1721141861944,
    "updated" : 1721141861944
  }, {
    "name" : "Zezelj.txt.json",
    "format" : "jsoncas",
    "state" : "NEW",
    "timestamp" : null,
    "created" : 1721141861959,
    "updated" : 1721141861959
  } ],
  "annotation_documents" : [ {
    "name" : "Albers.txt.json",
    "user" : "fmatthies",
    "state" : "IN_PROGRESS",
    "timestamp" : 1721141871259,
    "annotatorState" : "IN_PROGRESS",
    "annotatorComment" : null,
    "sentence_accessed" : 0,
    "created" : 1721141871230,
    "updated" : 1721141871259
  } ],
  "project_permissions" : [ {
    "level" : "ADMIN",
    "user" : "fmatthies"
  }, {
    "level" : "CURATOR",
    "user" : "fmatthies"
  }, {
    "level" : "USER",
    "user" : "fmatthies"
  } ],
  "tag_sets" : [ {
    "name" : "phiKind",
    "description" : null,
    "language" : null,
    "tags" : [ {
      "tag_name" : "AGE",
      "tag_description" : "Konkrete Altersangaben (nicht in Datumsform)"
    }, {
      "tag_name" : "CONTACT_EMAIL",
      "tag_description" : "E-Mail-Adresse"
    }, {
      "tag_name" : "NAME_EXT",
      "tag_description" : "Nennung von Personen im Zshg. mit Ämtern, Versicherungen, etc."
    }, {
      "tag_name" : "NAME_OTHER",
      "tag_description" : "Nennung weiterer Namen"
    }, {
      "tag_name" : "NAME_RELATIVE",
      "tag_description" : "Angehörige der/des Patient*in"
    }, {
      "tag_name" : "NAME_TITLE",
      "tag_description" : "Titel-Bezeichnungen"
    }, {
      "tag_name" : "PROFESSION",
      "tag_description" : "Bezeichnungen von Berufen im Zusammenhang mit dem Patienten, ohne Nennung eines Status (z.B. arbeitslos, berentet, Teilzeit)"
    }, {
      "tag_name" : "OTHER",
      "tag_description" : "weitere zu de-identifizierende Merkmale, die mit den anderen Kategorien nicht abgedeckt werden können"
    }, {
      "tag_name" : "CONTACT_FAX",
      "tag_description" : "Faxnummer"
    }, {
      "tag_name" : "CONTACT_PHONE",
      "tag_description" : "Telefonnummer"
    }, {
      "tag_name" : "CONTACT_URL",
      "tag_description" : "URL einer Homepage"
    }, {
      "tag_name" : "DATE",
      "tag_description" : "alle Datumsangaben (u.a. Geburtsdatum, Sterbedatum)"
    }, {
      "tag_name" : "ID",
      "tag_description" : "Nummer zur Identifikation eines Patienten, Nummer zur Identifikation eines medizinischen Falles, Sonstige Identifikationsnummern"
    }, {
      "tag_name" : "LOCATION_CITY",
      "tag_description" : "Name einer Stadt"
    }, {
      "tag_name" : "LOCATION_COUNTRY",
      "tag_description" : "Name eines Landes"
    }, {
      "tag_name" : "LOCATION_HOSPITAL",
      "tag_description" : "Nennung einer klinischen Einrichtung"
    }, {
      "tag_name" : "LOCATION_ORGANIZATION",
      "tag_description" : "Name einer (medizinischen) Organisation"
    }, {
      "tag_name" : "LOCATION_OTHER",
      "tag_description" : "Sonstige Adressen"
    }, {
      "tag_name" : "LOCATION_STATE",
      "tag_description" : "Name eines Bundeslandes"
    }, {
      "tag_name" : "LOCATION_STREET",
      "tag_description" : "Straßenname + Hausnummer"
    }, {
      "tag_name" : "LOCATION_ZIP",
      "tag_description" : "Postleitzahl"
    }, {
      "tag_name" : "NAME_DOCTOR",
      "tag_description" : "Vor- und Zusame eines Arztes oder medizinischen Personals"
    }, {
      "tag_name" : "NAME_USERNAME",
      "tag_description" : "Username, Sekretariatskürzel"
    }, {
      "tag_name" : "NAME_PATIENT",
      "tag_description" : "Vor- und Zuname eines Patienten oder Angehörigen"
    } ],
    "create_tag" : false
  } ],
  "layers" : [ {
    "name" : "webanno.custom.Metadata",
    "features" : [ ],
    "uiName" : "Metadata",
    "type" : "document-metadata",
    "description" : null,
    "enabled" : true,
    "built_in" : false,
    "readonly" : true,
    "attach_type" : null,
    "attach_feature" : null,
    "allow_stacking" : false,
    "cross_sentence" : false,
    "show_hover" : true,
    "anchoring_mode" : "TOKENS",
    "overlap_mode" : "NO_OVERLAP",
    "validation_mode" : "ALWAYS",
    "lock_to_token_offset" : false,
    "multiple_tokens" : true,
    "project_name" : "GeMTeX: De-Identification (GraSCCo preannotation) (v3)",
    "linked_list_behavior" : false,
    "on_click_javascript_action" : null,
    "traits" : "{\"singleton\":true}"
  }, {
    "name" : "webanno.custom.PHI",
    "features" : [ {
      "name" : "kind",
      "tag_set" : {
        "name" : "phiKind",
        "description" : null,
        "language" : null,
        "tags" : [ ],
        "create_tag" : false
      },
      "uiName" : "kind",
      "type" : "uima.cas.String",
      "enabled" : true,
      "visible" : true,
      "include_in_hover" : false,
      "required" : false,
      "remember" : false,
      "hideUnconstraintFeature" : false,
      "description" : null,
      "project_name" : "GeMTeX: De-Identification (GraSCCo preannotation) (v3)",
      "multi_value_mode" : "NONE",
      "link_mode" : "NONE",
      "link_type_name" : null,
      "link_type_role_feature_name" : null,
      "link_type_target_feature_name" : null,
      "traits" : "{\"multipleRows\":false,\"dynamicSize\":false,\"collapsedRows\":1,\"expandedRows\":1,\"editorType\":\"COMBOBOX\",\"keyBindings\":[{\"keyCombo\":\"N\",\"value\":\"NAME_PATIENT\"},{\"keyCombo\":\"Shift N\",\"value\":\"NAME_DOCTOR\"},{\"keyCombo\":\"i\",\"value\":\"ID\"},{\"keyCombo\":\"d\",\"value\":\"DATE\"},{\"keyCombo\":\"C\",\"value\":\"CONTACT_EMAIL\"},{\"keyCombo\":\"Shift C\",\"value\":\"CONTACT_PHONE\"},{\"keyCombo\":\"Ctrl Shift C\",\"value\":\"CONTACT_FAX\"},{\"keyCombo\":\"Ctrl Alt Shift C\",\"value\":\"CONTACT_URL\"},{\"keyCombo\":\"Ctrl Shift N\",\"value\":\"NAME_USERNAME\"}]}",
      "curatable" : true,
      "rank" : 0
    } ],
    "uiName" : "PHI",
    "type" : "span",
    "description" : null,
    "enabled" : true,
    "built_in" : false,
    "readonly" : false,
    "attach_type" : null,
    "attach_feature" : null,
    "allow_stacking" : false,
    "cross_sentence" : true,
    "show_hover" : true,
    "anchoring_mode" : "CHARACTERS",
    "overlap_mode" : "NO_OVERLAP",
    "validation_mode" : "ALWAYS",
    "lock_to_token_offset" : false,
    "multiple_tokens" : false,
    "project_name" : "GeMTeX: De-Identification (GraSCCo preannotation) (v3)",
    "linked_list_behavior" : false,
    "on_click_javascript_action" : null,
    "traits" : "{\"coloringRules\":{\"rules\":[{\"color\":\"#e69f00\",\"pattern\":\"CONTACT_.*\"},{\"color\":\"#56b4e9\",\"pattern\":\"DATE\"},{\"color\":\"#009e73\",\"pattern\":\"ID\"},{\"color\":\"#f0e442\",\"pattern\":\"LOCATION_.*\"},{\"color\":\"#cc79a7\",\"pattern\":\"NAME_.*\"},{\"color\":\"#0072b2\",\"pattern\":\"PROFESSION_.*\"},{\"color\":\"#d55e00\",\"pattern\":\"AGE_.*\"},{\"color\":\"#000000\",\"pattern\":\"OTHER\"}]}}"
  }, {
    "name" : "de.tudarmstadt.ukp.dkpro.core.api.segmentation.type.Sentence",
    "features" : [ ],
    "uiName" : "Sentence",
    "type" : "span",
    "description" : null,
    "enabled" : false,
    "built_in" : true,
    "readonly" : true,
    "attach_type" : null,
    "attach_feature" : null,
    "allow_stacking" : false,
    "cross_sentence" : true,
    "show_hover" : true,
    "anchoring_mode" : "TOKENS",
    "overlap_mode" : "NO_OVERLAP",
    "validation_mode" : "NEVER",
    "lock_to_token_offset" : false,
    "multiple_tokens" : true,
    "project_name" : "GeMTeX: De-Identification (GraSCCo preannotation) (v3)",
    "linked_list_behavior" : false,
    "on_click_javascript_action" : null,
    "traits" : null
  }, {
    "name" : "de.tudarmstadt.ukp.dkpro.core.api.segmentation.type.Token",
    "features" : [ ],
    "uiName" : "Token",
    "type" : "span",
    "description" : null,
    "enabled" : false,
    "built_in" : true,
    "readonly" : true,
    "attach_type" : null,
    "attach_feature" : null,
    "allow_stacking" : false,
    "cross_sentence" : false,
    "show_hover" : true,
    "anchoring_mode" : "CHARACTERS",
    "overlap_mode" : "NO_OVERLAP",
    "validation_mode" : "NEVER",
    "lock_to_token_offset" : false,
    "multiple_tokens" : false,
    "project_name" : "GeMTeX: De-Identification (GraSCCo preannotation) (v3)",
    "linked_list_behavior" : false,
    "on_click_javascript_action" : null,
    "traits" : null
  } ],
  "disableExport" : false,
  "script_direction" : "LTR",
  "created" : 1699961896638,
  "updated" : 1721141764447,
  "anonymous_curation" : false,
  "default-preferences" : [ {
    "name" : "annotation/editor",
    "traits" : "{\"defaultEditor\":\"tokenWrappingBratEditor\",\"preferencesAccessAllowed\":true}"
  }, {
    "name" : "annotation/editor/annotation-sidebar/manager",
    "traits" : "{\"pinnedGroups\":[]}"
  }, {
    "name" : "annotation/editor/brat/manager",
    "traits" : "{\"changingScriptDirectionAllowed\":false,\"defaultPageSize\":12}"
  }, {
    "name" : "annotation/left-sidebar",
    "traits" : "{\"selectedTab\":\"annotationBrowserSidebarFactory\",\"expanded\":true}"
  }, {
    "name" : "annotation/search",
    "traits" : "{\"caseSensitive\":false}"
  } ],
  "knowledge_bases" : [ ],
  "external_search" : [ ],
  "curation_workflow" : {
    "id" : 28,
    "project" : {
      "id" : 30,
      "name" : "GeMTeX: De-Identification (GraSCCo preannotation) (v3)",
      "slug" : "gemtex_deid_preannotation",
      "description" : "This project is for annotating/confirming identifying tokens/spans in clinical texts for the GeMTeX project.\r\n\r\nThis is the third version of our \"GraSSCo preannotated\" project with an updated annotation guide (v3.3-10/06/2024).\r\n(16/07/2024)\r\n\r\nThere is no configuration of Recommenders.",
      "mode" : "annotation",
      "version" : 1,
      "disableExport" : false,
      "scriptDirection" : "LTR",
      "created" : 1699961896638,
      "updated" : 1721141764447,
      "state" : null,
      "anonymousCuration" : false
    },
    "mergeStrategy" : "incompleteAgreementNonStacked",
    "mergeStrategyTraits" : null
  },
  "project_users" : [ ],
  "recommenders" : [ ],
  "learning_records" : [ ],
  "gazeteers" : [ ],
  "workload_manager" : {
    "traits" : "{\"reopenableByAnnotator\":false,\"randomDocumentAccessAllowed\":true,\"documentResetAllowed\":true}",
    "type" : "matrix"
  },
  "user-preferences" : [ {
    "name" : "annotation/layers",
    "traits" : "{\"layerColoringStrategy\":{\"34\":\"GRAY\",\"35\":\"STATIC_PASTELLE\",\"36\":\"GRAY\",\"37\":\"GRAY\"},\"readonlyLayerColoringStrategy\":\"LEGACY\",\"hiddenLayers\":[]}",
    "user" : "admin"
  }, {
    "name" : "annotation/layout",
    "traits" : "{\"sidebarSizeLeft\":20,\"sidebarSizeRight\":20}",
    "user" : "admin"
  }, {
    "name" : "client-side/annotation/annotation-browser-sidebar",
    "traits" : "{\"mode\":\"by-label\",\"sortByScore\":true,\"recommendationsFirst\":false}",
    "user" : "admin"
  }, {
    "name" : "annotation/left-sidebar",
    "traits" : "{\"selectedTab\":\"recommendationSidebarFactory\",\"expanded\":true}",
    "user" : "admin"
  }, {
    "name" : "annotation/layers",
    "traits" : "{\"layerColoringStrategy\":{\"208\":\"GRAY\",\"209\":\"GRAY\",\"206\":\"GRAY\",\"207\":\"STATIC_PASTELLE\"},\"readonlyLayerColoringStrategy\":\"LEGACY\",\"hiddenLayers\":[]}",
    "user" : "fmatthies"
  }, {
    "name" : "annotation/layout",
    "traits" : "{\"sidebarSizeLeft\":20,\"sidebarSizeRight\":20}",
    "user" : "fmatthies"
  }, {
    "name" : "client-side/annotation/annotation-browser-sidebar",
    "traits" : "{\"mode\":\"by-label\",\"sortByScore\":true,\"recommendationsFirst\":false}",
    "user" : "fmatthies"
  } ]
}