{
  "%TYPES": {
    "de.tudarmstadt.ukp.dkpro.core.api.segmentation.type.Sentence": {
      "%NAME": "de.tudarmstadt.ukp.dkpro.core.api.segmentation.type.Sentence",
      "%SUPER_TYPE": "uima.tcas.Annotation"
    },
    "webanno.custom.PHI": {
      "%NAME": "webanno.custom.PHI",
      "%SUPER_TYPE": "uima.tcas.Annotation",
      "kind": {
        "%NAME": "kind",
        "%RANGE": "uima.cas.String"
      }
    }
  },
  "%FEATURE_STRUCTURES": [
    {
      "%ID": 1,
      "%TYPE": "uima.cas.Sofa",
      "sofaNum": 1,
      "sofaID": "_InitialView",
      "mimeType": "text",
      "sofaString": "  \n\nWerte Frau Kollegin, werter geehrter Herr Kollege!\nWir berichten über lhre Patientin Beate Albers (* 4.4.1997), die sich vom 19.3. bis zum 7.5.2029 in unserer stat. Behandlung befand.\n \nVorgeschichte Befund\n \n•\tVerbrennung 1. – 3. Grades, Kopf I Hals,5% v KOF \n•\tHandamputation LI\n•\tAkute Psychose aus dem schizophrenen Formenkreis \n•\tSelbstschädigung  \n•\tBlutungsanamie  \n•\tHypokaliämie  \n•\tArterieller Hypertonus\n•\tSymptomatisches Anfallsleiden seit 2007\n•\tSt.p.  Aneurysmablutung  \n•\tPassagerer Diabetes mellitus  \n\n19.03.2029: Handreplantaticm\n25.03.2029:  Revision \n27.03.2029: Nekrosektomie Kopf / Hals\n30.03.2029: Jet-Lavage, Debridement und VAG Wechsel linken Hand \n01.04.2029: Jet-Lavage, Debridement und VAG-Wechsel linke Hand \n6.04.2029: Nachdebridement am Kopf, VAG-Wechsel linke Hand\n07.04.2029: Weicliteildeckung mit Spalthautsheet und Keratinozytensprühsuspension\n15.04.2029: Debridement, Jet Lavage Lind VAC Wechsel linke Hand\n23.04.2029 Restdefektdeckung Kopf u. Hals (Sheets), Defektdeckung Handrücken\n06.05.2029 K-Draht-Entfernung Ii. Handgelenk\n\nBei Frau Albers ist psychiatrischerseits eine Wahnvorstellung bekannt. Sie hatte sich zuhause die Ii. Hand selbst amputiert und sich das Haupthaar angezündet. Sie informierte telefonfach eine Freundin, die direkt den Rettungsdienst alarmierte. Lt. Protokoll öffnete die Patientin selbst die Tür und hielt die abgetrennte Hand. Sie wurde darauf umgehend in die Rettungsstelle unseres Zentrums verbracht. Bei Aufnahme zeigte sich klinisch und radiologisch eine komplette Amputation der linken Hand. Beide Ohren sowie insbesondere die re. Hals-/Nackenregion waren ll bis Ill gradig verbrannt. Das Kopf-CT zeigte keinen Nachweis frischer intrakranieller Traumafolgen bei Zustand nach osteoplastischer Trepanation der hinteren Schädelgrube links sowie rechts frontotemporal und nachweisbare  Gefa-Clips links infratentoriell im Bereich der linken A. vertebralis sowie im Bereich der A . cerebri media rechts.\n\nVerlauf\nFrau Albers wurde durch die Kollegen der Hand- u. Mikrochirurgischen Abteilung umgehend operativ versorgt. Die Hand konnte in einem die ganze Nacht dauerndem Eingriff replantiert werden. Ein streckseitiger WT-Defekt wurde temporär mit Vacuseal gedeckt. Die verbrannten Areale wurden zunächst antiseptisch mit Lavaseptgelverbänden versorgt. Anschließend wurde Frau Albers intuobiert und beatmet auf die lntensivstation des Brandverletztenzentrums aufgenommen.\nAm 25.03.2029 erfolgte eine Wundrevision mil Vacusealwechsel. Das Verbandsregime am Kopf wurde auf ein enzymatisches Debridement mit lruxolsalbe umgestellt. Ein erster debridierender Eingriff erfolgte am 27.03.2029.\nEin erneutes Debridement  erfolgte bei weitgehend  sauberen Wunden am Kopf am 06.04.2029. Daraufhin konnte am 08.04.2029 die Defektdeckung am Kopf mit Keratinozytensprühsuspension und Spalthautsheets vorn linken Überschenkel erfolgen. Insgesamt sahen wir eine problemlose Einheilung der Transplantate. Lediglich am rechten retroauriculären Hals und an kleineren Arealen am Kopf musste im Verlauf am 23.04 2029 nochmals nachtransplantiert werden. Der Kopf mit Gesicht zeigt sich gegenwärtig bis auf kleinere Defekte abgeheilt. Die Entnahmestellen sind gänzlich reepithelisert. Im beharrten Teil des Kopfes sind multiple alopezische Areale verblieben, bei initial drittgradiger Verbrennungstiefe.\n\nAm 23.04.2029 erfolgte ebenfalls die Defektdeckung des mittlerweile sauber granulierenden Defektes am II. Handrücken mittels Spalthautsheet\nDie temporare Arthrodese im Handgelenk wurde am 06.05.2029 entfernt. Physio- bzw. ergotherapeutische Behandlung wurde begleitend durchgeführt.\n\nIntensivmedizinischer  Krankheitsverlauf:\nDie Patientin wurde vom  20.3.2029 bis zum 27.3.2029  zunächst  kontrolliert und  im weiteren Verlauf unter reduzierter Analgosedierung augmentiert maschinell beatmet. Bei FIüssigkeitseinlagerungen pulmonal und peripher unter der FIüssigkeitstherapie nach Baxter-Parkland Formel induzierten wir eine  forcierte Diurese mit Furosemid. Hierunter war die Oxygenierung im Verlauf suffizient. Die Entwöhnung vom  Respirator gelang problemlos. Frau Albers konnte am 27.3.2029 bei intakten Schutzreflexen extubiert werden . Seitdem  imponiert eine suffiziente Spontanatmung  mit einer peripheren Sauerstoffsättgung von 98%  unter Raumluft.\nNach Beendigung der Analgosedierung imponierte ein mildes Entzugsdelir. das suffizient mit Clonidin behandlet werden konnte. Eine intermittierende psychotische Symptomatik therapierten wir zunächst mit Lorazepam (Tavor®) und Haloperidol (Haldol®). Im weiteren Verlauf wurde diese Medikation einschleichend durch Risperidon (Risperdal®) ersetzt. Die vorbestehende antiepileptische Medikation mit Levothiracetam (Keppra®) führten wir fort. Näheres bitten wir dem psychiatrischen Verlauf zu entnehmen.\nNach Aufnahme strebten wir zunächst eine positive FIüssigkeitsbilanz an Die Diurese war unter FIüssigkeitstherapie unter Anlehnung an die Baxter-Parklandformel qualitativ und quantitativ suffizient. Im weiteren stationären Verlauf wurde eine antiödematöse Therapie mit Furosemid notwendig. Die Retentionsparameter lagen allzeit im Normbereich.\nUnter adäquater Volumentherapie zeigte sich die Patientin initial und im Weiteren hämodynamisch stabil. Nach Beendigung der Analgosedierung wurde bei arteriellem Hypertonus eine antihypertensive Therapie mit Metoprolol (Beloc zok mite®) und Ramipril (Delix®) begonnen. Hiermit gelang eine zufriedenstellende Blutdruckeinstellung.\nUnter Analgosedierung begannen wir die enterale Ernährung über die einliegende Magensonde. Nach Stimulation führte Frau Albers am 26.3.2029 zum ersten Mal ab. Nach Extubation gelang der orale Kostaufbau problemlos Die Patientin nimmt Wunschkost zu sich.\n\nPsychiatrischer Verlauf\nFremdanamnestisch war von der Freundin und der ambulant behandelnden Ärztin für Psychiatrie und Psychotherapie zu erfahren, dass die Patientin bereits seit Anfang des Jahres akut psychotisch gewesen sei. Sie hatte die letzte antipsychotische Erhaltungsmedikation von 2 mg abgesetzt, die ambulant behandelnde Psychiaterin Frau Dr. Siewert wusste davon. Trotz häufiger telefonischer Kontakte mit der behandelnden Ärztin ließ sie sich nicht zu einer weiteren medikamentösen Therapie motivieren. Noch am Tag der Selbstverletzung war die besorgte Freundin mit ihr beim Sozialpsychiatrischen Dienst vorstellig gewesen. Da Frau Albers zu einer freiwilligen stationären Aufnahme nicht bereit war und keine Unterbringungsgründe vorlagen, war eine Vorstellung bei der ambulanten Psychiaterin vorgesehen. Auf dem Weg dorthin sei Frau Albers aus dem Taxi gesprungen und hatte sich zuhause o.g. Verletzungen zugefügt. Sie teilte dies telefonisch der Freundin mit, die daraufhin die Feuerwehr alarmierte.\nInitial fanden  sich erhebliche Denkstörungen. lnhaltlich klang Wahnerleben an, Gott zu sein. Sie erinnerte sich daran, sich die linke Hand mit dem Brotmesser abgeschnitten zu haben. Dies sei geschehen um das Böse in der Welt zu Sühnen. Sie war zunächst noch erheblich inadäquat, spuckte permanent, geordnete Gespräche mit ihr waren nur schwer möglich. Unter einer Sedierung mit Tavor und nach Umstellung auf Haloperidol sistierte diese Symptomatik zunehmend, so dass wir die antipsychotische Medikation in Absprache mit ihr auf eine Dosis von 6 mg Risperdal umstellten. Das Tavor bat sie auszuschleichen.\nDarunter war sie im Verlauf weitgehend distanziert von psychotischem Erleben, ruhig, gut im Kontakt und bedauerte, was sie sich da angetan hatte und nachdem sie zunächst eine stationäre psychiatrische Verlegung ablehnte, willigte sie nach einem motivierenden Gespräch schließlich ein, sich freiwillig in lhre Abteilung verlegen zu lassen. Sie war sehr interessiert an der Therapie, verfügte hier auch aus der Vorgeschichte über gute Kenntnisse z.B. über die Rezeptorwirkung der Medikamente. Im Affekt blieb sie insgesamt eher distanziert zur Dramatik ihrer Selbstverletzung.\nZiel der Verlegung soll die weitere Belastungserprobung unter zunehmender Konfrontation milder Außenwelt im Anschluss an die stationäre intensivmedizinische Behandlung sein. Darüber hinaus ist eine sozialpsychiatrische Einbettung in ein ambulantes Setting nach dieser schweren Selbstverletzung angestrebt sowie die therapeutische Begleitung bei der Bewältigung der Folgeschaden im Alltag.\nProcedere: Wir verlegen Frau Albers, die in Ihrem Hause vorbekannt ist, am 14.05.2029 in lhre weitere stationäre fachpsychiatrische Behandlung.\nDurch die Orthopädiemechanik unseres Hauses wurde eine teils flexible Orthese angefertigt. Diese muss bis auf Weiteres getragen werden. Wir bitten bei per Patientin 1 x tgl. eine ergo- und physiotherapeutische Beübung der Iinken Hand durchzuführen. Hierbei sollten die Fingergelenke und das Handgelenk belastungsfrei in allen Ebenen therapiert werden. Die Übungen sollten aktiv und passiv aus der Orthese heraus erfolgen.  \nDie Transplantat· und Entnahmeareale sollten tgl. mehrfach mit fettenden Salben (z.B. Panthenol) gepflegt werden. Restdefekte, die ggf. etwas nässen können mit Betaisodona – Lsg. behandelt werden.  \nAus plastisch- u. handchirurgischer Sicht werden mittel- bis langfristig noch mehrere korrigierende Eingriffe 1otwendig sein. Hierzu zählen beispielsweise operative Sehnen- und Gelenklösungen zur Verbesserung der Beweglichkeit der Hand sowie Korrektureingriffe im Bereich der Narben insbesondere im Kopf-/Halsbereich und der haarlosen Kopfareale. Wir werden Frau Albers hierzu in Kooperation mit den Handchirurgen an unsere Sprechstunde anbinden.\nMedikamente bei Entlassunq:\n Enoxaparin (Clexane®) 0,4 ml \nPantoprazol (Pantozol®) 40 mg \nRamipril (Detix®) 2.5 mg\nMetoprolol (Beloc zok mite®) 47,5 mg\nLevothir c.etarn (Keppra®) 1500mg \nRisperidon {Risperdaf®) 2 mg\nIbuprofen .600mg\nThiamin (Vil. B1) 100 mg + Pyridoxin (Vit. 8) 100 mg (Neurorathiopharrn®) \nEs konnen bioaquivalente Generika (weiter-) verordnet werden.\n\nMit freundlichen kollegialen Grüßen\n \nDr.med. Bernwart Schulze  \n\n"
    },
    {
      "%ID": 2,
      "%TYPE": "webanno.custom.PHI",
      "kind": "DATE",
      "begin": 105,
      "end": 113,
      "@sofa": 1
    },
    {
      "%ID": 3,
      "%TYPE": "webanno.custom.PHI",
      "kind": "DATE",
      "begin": 129,
      "end": 134,
      "@sofa": 1
    },
    {
      "%ID": 4,
      "%TYPE": "webanno.custom.PHI",
      "kind": "DATE",
      "begin": 143,
      "end": 151,
      "@sofa": 1
    },
    {
      "%ID": 5,
      "%TYPE": "webanno.custom.PHI",
      "kind": "DATE",
      "begin": 456,
      "end": 460,
      "@sofa": 1
    },
    {
      "%ID": 6,
      "%TYPE": "webanno.custom.PHI",
      "kind": "DATE",
      "begin": 523,
      "end": 533,
      "@sofa": 1
    },
    {
      "%ID": 7,
      "%TYPE": "webanno.custom.PHI",
      "kind": "DATE",
      "begin": 552,
      "end": 562,
      "@sofa": 1
    },
    {
      "%ID": 8,
      "%TYPE": "webanno.custom.PHI",
      "kind": "DATE",
      "begin": 575,
      "end": 585,
      "@sofa": 1
    },
    {
      "%ID": 9,
      "%TYPE": "webanno.custom.PHI",
      "kind": "DATE",
      "begin": 613,
      "end": 623,
      "@sofa": 1
    },
    {
      "%ID": 10,
      "%TYPE": "webanno.custom.PHI",
      "kind": "DATE",
      "begin": 678,
      "end": 688,
      "@sofa": 1
    },
    {
      "%ID": 11,
      "%TYPE": "webanno.custom.PHI",
      "kind": "DATE",
      "begin": 742,
      "end": 751,
      "@sofa": 1
    },
    {
      "%ID": 12,
      "%TYPE": "webanno.custom.PHI",
      "kind": "DATE",
      "begin": 801,
      "end": 811,
      "@sofa": 1
    },
    {
      "%ID": 13,
      "%TYPE": "webanno.custom.PHI",
      "kind": "DATE",
      "begin": 883,
      "end": 893,
      "@sofa": 1
    },
    {
      "%ID": 14,
      "%TYPE": "webanno.custom.PHI",
      "kind": "DATE",
      "begin": 947,
      "end": 957,
      "@sofa": 1
    },
    {
      "%ID": 15,
      "%TYPE": "webanno.custom.PHI",
      "kind": "DATE",
      "begin": 1024,
      "end": 1034,
      "@sofa": 1
    },
    {
      "%ID": 16,
      "%TYPE": "webanno.custom.PHI",
      "kind": "DATE",
      "begin": 2445,
      "end": 2455,
      "@sofa": 1
    },
    {
      "%ID": 17,
      "%TYPE": "webanno.custom.PHI",
      "kind": "DATE",
      "begin": 2646,
      "end": 2656,
      "@sofa": 1
    },
    {
      "%ID": 18,
      "%TYPE": "webanno.custom.PHI",
      "kind": "DATE",
      "begin": 2736,
      "end": 2746,
      "@sofa": 1
    },
    {
      "%ID": 19,
      "%TYPE": "webanno.custom.PHI",
      "kind": "DATE",
      "begin": 2768,
      "end": 2778,
      "@sofa": 1
    },
    {
      "%ID": 20,
      "%TYPE": "webanno.custom.PHI",
      "kind": "DATE",
      "begin": 3057,
      "end": 3067,
      "@sofa": 1
    },
    {
      "%ID": 21,
      "%TYPE": "webanno.custom.PHI",
      "kind": "DATE",
      "begin": 3357,
      "end": 3367,
      "@sofa": 1
    },
    {
      "%ID": 22,
      "%TYPE": "webanno.custom.PHI",
      "kind": "DATE",
      "begin": 3542,
      "end": 3552,
      "@sofa": 1
    },
    {
      "%ID": 23,
      "%TYPE": "webanno.custom.PHI",
      "kind": "DATE",
      "begin": 3705,
      "end": 3714,
      "@sofa": 1
    },
    {
      "%ID": 24,
      "%TYPE": "webanno.custom.PHI",
      "kind": "DATE",
      "begin": 3723,
      "end": 3732,
      "@sofa": 1
    },
    {
      "%ID": 25,
      "%TYPE": "webanno.custom.PHI",
      "kind": "DATE",
      "begin": 4140,
      "end": 4149,
      "@sofa": 1
    },
    {
      "%ID": 26,
      "%TYPE": "webanno.custom.PHI",
      "kind": "DATE",
      "begin": 5616,
      "end": 5625,
      "@sofa": 1
    },
    {
      "%ID": 27,
      "%TYPE": "webanno.custom.PHI",
      "kind": "DATE",
      "begin": 8401,
      "end": 8411,
      "@sofa": 1
    },
    {
      "%ID": 28,
      "%TYPE": "webanno.custom.PHI",
      "kind": "LOCATION_CITY",
      "begin": 7666,
      "end": 7670,
      "@sofa": 1
    },
    {
      "%ID": 29,
      "%TYPE": "webanno.custom.PHI",
      "kind": "NAME_DOCTOR",
      "begin": 6095,
      "end": 6102,
      "@sofa": 1
    },
    {
      "%ID": 30,
      "%TYPE": "webanno.custom.PHI",
      "kind": "NAME_DOCTOR",
      "begin": 9957,
      "end": 9973,
      "@sofa": 1
    },
    {
      "%ID": 31,
      "%TYPE": "webanno.custom.PHI",
      "kind": "NAME_PATIENT",
      "begin": 89,
      "end": 101,
      "@sofa": 1
    },
    {
      "%ID": 32,
      "%TYPE": "webanno.custom.PHI",
      "kind": "NAME_PATIENT",
      "begin": 1079,
      "end": 1085,
      "@sofa": 1
    },
    {
      "%ID": 33,
      "%TYPE": "webanno.custom.PHI",
      "kind": "NAME_PATIENT",
      "begin": 1988,
      "end": 1994,
      "@sofa": 1
    },
    {
      "%ID": 34,
      "%TYPE": "webanno.custom.PHI",
      "kind": "NAME_PATIENT",
      "begin": 2347,
      "end": 2353,
      "@sofa": 1
    },
    {
      "%ID": 35,
      "%TYPE": "webanno.custom.PHI",
      "kind": "NAME_PATIENT",
      "begin": 4123,
      "end": 4129,
      "@sofa": 1
    },
    {
      "%ID": 36,
      "%TYPE": "webanno.custom.PHI",
      "kind": "NAME_PATIENT",
      "begin": 5606,
      "end": 5612,
      "@sofa": 1
    },
    {
      "%ID": 37,
      "%TYPE": "webanno.custom.PHI",
      "kind": "NAME_PATIENT",
      "begin": 6386,
      "end": 6392,
      "@sofa": 1
    },
    {
      "%ID": 38,
      "%TYPE": "webanno.custom.PHI",
      "kind": "NAME_PATIENT",
      "begin": 6588,
      "end": 6594,
      "@sofa": 1
    },
    {
      "%ID": 39,
      "%TYPE": "webanno.custom.PHI",
      "kind": "NAME_PATIENT",
      "begin": 8355,
      "end": 8361,
      "@sofa": 1
    },
    {
      "%ID": 40,
      "%TYPE": "webanno.custom.PHI",
      "kind": "NAME_PATIENT",
      "begin": 9456,
      "end": 9462,
      "@sofa": 1
    }
  ],
  "%VIEWS": {
    "_InitialView": {
      "%SOFA": 1,
      "%MEMBERS": [
        2,
        3,
        4,
        5,
        6,
        7,
        8,
        9,
        10,
        11,
        12,
        13,
        14,
        15,
        16,
        17,
        18,
        19,
        20,
        21,
        22,
        23,
        24,
        25,
        26,
        27,
        28,
        29,
        30,
        31,
        32,
        33,
        34,
        35,
        36,
        37,
        38,
        39,
        40
      ]
    }
  }
}