{
  "%TYPES": {
    "de.tudarmstadt.ukp.dkpro.core.api.segmentation.type.Sentence": {
      "%NAME": "de.tudarmstadt.ukp.dkpro.core.api.segmentation.type.Sentence",
      "%SUPER_TYPE": "uima.tcas.Annotation"
    },
    "webanno.custom.PHI": {
      "%NAME": "webanno.custom.PHI",
      "%SUPER_TYPE": "uima.tcas.Annotation",
      "kind": {
        "%NAME": "kind",
        "%RANGE": "uima.cas.String"
      }
    }
  },
  "%FEATURE_STRUCTURES": [
    {
      "%ID": 1,
      "%TYPE": "uima.cas.Sofa",
      "sofaNum": 1,
      "sofaID": "_InitialView",
      "mimeType": "text",
      "sofaString": "﻿Sehr geehrte Frau Kollegin, \n\nwir berichten nachfolgend über unsere gemeinsame Patientin M. Boeck, geboren am 1.2.2000, die sich vom 3.5. bis 8.5.2028 in unserer stat. Behandlung befand.\n\nEpikrise:\nDie Aufnahme der 28-jährigen Pat. erfolgte durch den Rettungsdienst nach einem Motorradunfall. Laut der Patientin sei sie zur Arbeit gefahren und wegen einer Straßenbahn gestürzt. Vermutlich sei sie auf den Kopf (Helm) und die li. Hand gestürzt. Seit dem Unfall klagt sie über persistierende progrediente Cephalgie im ganzen Kopf und Nackenschmerzen, sowie Schmerzen im linken Unterarm. \n\nFerner imponieren folgende Begleitsymptome: Nausea ohne Emesis, Vertigo, kurzfristige Bewusstlosigkeit sowie kurze anterograde Amnesie. Lokale Symptome wie Dolor, Tumor, Rubor, Color und Functio laesa der linken Hand wurden verneint, ebenso Fragen nach Hautverletzungen, Blutungen, und andere Beschwerden wegen eines potentiellen thorakalen oder abdominalen Traumas.\nEs wurde keine Medikamente beim Notarzt verabreicht. Letzte Auffrischung der Tetanus-Impfung sei unbekannt.\n\nVegetative Anamnese: bis o.g. Beschwerden unauffällig. B-Symptome wurden verneint.\n\nVorerkrankungen, Voroperationen: TVT vor 3 Monaten (stat. konservative Therapie), Z.n. Osteosynthese aufgrund von OSG-Fraktur links (2033).\n\nGynäkologische Anamnese: unauffällig.\nAktuelle Medikation: \nMarcumar 1-0-0\nMedroxyprogesteron (Dreimonatsspritze)\n\nFamilienanamnese: Die Mutter der Patientin leide an TVT. Der Vater der Patientin sei nach einem Verkehrsunfall verstorben. Ein Bruder leidet an DM Typ 1 leide.\nSie ist Floristin, ledig, habe keine Kinder, wohne mit einer Partnerin zusammen.\nZur Diagnosesicherung wurden körperliche Inspektion mit Messung der Vitalparameter, laborchemische Untersuchung (BB, biochemische Blutanalyse, Gerinnung), CCT, Röntgen des Halses sowie der Hand durchgeführt.\n\nKörperliche Inspektion:\nPatientin in reduziertem AZ und normalem EZ, zu Zeit, Ort sowie Person orientiert. Kreislauf stabil, Vitalparameter im Normbereich. Neurologische Untersuchung keine Ausfälle. \n\nWeitere Befunde:\nLabor bei der Aufnahme: Gerinnungsstörung.\nIm CCT stellte sich eine kleine posttraumatische subarachnoidale Blutung bds frontalis dar.\nRöntgenologisch wurden HWS- sowie Handgelenksfraktur ausgeschlossen.\nDie anamnestische Angaben sowie körperliche Inspektionszeichen in Kombination mit CTT und röntgenologischen Befunde deuten auf SHT mit subarachnoidaler Blutung bds frontalis hin.\n\nVerlauf:\nIm stationären Verlauf mit Monitoring der Vitalparameter unter Therapie mit Konakion, Antiemetika (Metoclopramid) und Analgetika (Diclofenac) kam es zur deutlichen Verbesserung des AZs der Patientin, so dass konnten wir Frau Boeck in stabilem AZ und relativer Beschwerdefreiheit am 8.5.2028 entlassen konnten.\n\nWir bitten um weitere Befundkontrolle.\nEntlassungsmedikation: Diclofenac b.B.\nHausmedikation unverändert.\n\nWir bedanken uns für Ihre Weiterbetreuung und stehen für Rückfragen zur Verfügung.\n\nMit freundlichen kollegialen Grüßen,\n\nFrederic Meisenbacher\nStationsarzt\n "
    },
    {
      "%ID": 2,
      "%TYPE": "webanno.custom.PHI",
      "kind": "DATE",
      "begin": 111,
      "end": 119,
      "@sofa": 1
    },
    {
      "%ID": 3,
      "%TYPE": "webanno.custom.PHI",
      "kind": "DATE",
      "begin": 134,
      "end": 138,
      "@sofa": 1
    },
    {
      "%ID": 4,
      "%TYPE": "webanno.custom.PHI",
      "kind": "DATE",
      "begin": 143,
      "end": 151,
      "@sofa": 1
    },
    {
      "%ID": 5,
      "%TYPE": "webanno.custom.PHI",
      "kind": "DATE",
      "begin": 1281,
      "end": 1285,
      "@sofa": 1
    },
    {
      "%ID": 6,
      "%TYPE": "webanno.custom.PHI",
      "kind": "DATE",
      "begin": 2747,
      "end": 2755,
      "@sofa": 1
    },
    {
      "%ID": 7,
      "%TYPE": "webanno.custom.PHI",
      "kind": "LOCATION_CITY",
      "begin": 1609,
      "end": 1614,
      "@sofa": 1
    },
    {
      "%ID": 8,
      "%TYPE": "webanno.custom.PHI",
      "kind": "NAME_DOCTOR",
      "begin": 412,
      "end": 416,
      "@sofa": 1
    },
    {
      "%ID": 9,
      "%TYPE": "webanno.custom.PHI",
      "kind": "NAME_DOCTOR",
      "begin": 3005,
      "end": 3026,
      "@sofa": 1
    },
    {
      "%ID": 10,
      "%TYPE": "webanno.custom.PHI",
      "kind": "NAME_PATIENT",
      "begin": 90,
      "end": 98,
      "@sofa": 1
    },
    {
      "%ID": 11,
      "%TYPE": "webanno.custom.PHI",
      "kind": "NAME_PATIENT",
      "begin": 2690,
      "end": 2695,
      "@sofa": 1
    }
  ],
  "%VIEWS": {
    "_InitialView": {
      "%SOFA": 1,
      "%MEMBERS": [
        2,
        3,
        4,
        5,
        6,
        7,
        8,
        9,
        10,
        11
      ]
    }
  }
}