{
  "%TYPES": {
    "de.tudarmstadt.ukp.dkpro.core.api.segmentation.type.Sentence": {
      "%NAME": "de.tudarmstadt.ukp.dkpro.core.api.segmentation.type.Sentence",
      "%SUPER_TYPE": "uima.tcas.Annotation"
    },
    "webanno.custom.PHI": {
      "%NAME": "webanno.custom.PHI",
      "%SUPER_TYPE": "uima.tcas.Annotation",
      "kind": {
        "%NAME": "kind",
        "%RANGE": "uima.cas.String"
      }
    }
  },
  "%FEATURE_STRUCTURES": [
    {
      "%ID": 1,
      "%TYPE": "uima.cas.Sofa",
      "sofaNum": 1,
      "sofaID": "_InitialView",
      "mimeType": "text",
      "sofaString": "Rehabilitationskrankenhaus St. Peter im Walde\n\nSehr geehrte Frau Zitteraal, \n\nwir berichten über unsere gemeinsame Patientin \n\nIris Iselin, geb. am 12.12.1932, die sich vom  15.5.2014 bis 13.6.2014 in unserem Hause zur Anschlußheilbehandlung nach Relaparotomie aufhielt. \n\nDiagnosen:\nAdeno-Ca des Coecums\nV.a. Lebermetastasen\nPeritonitis\nAdipositas\nFibroadenome Mamma bds.\nDiabetes mellitus Typ 2\nCoxarthrose bds.\nTracheostomaanlage\nhirnorgan. Psychosyndrom\nM. Parkinson\n\n\nREHABILITATIONSZIEL: \nVersorgung zu Hause. Die Pat. lebt allein, Verwandte im selben Ort. Sie bewältigt die Stufen ohne Probleme und erledigt Einkäufe\nselbständig mit den öffentl. Verkehrsmitteln.\n \nFAMILIENANAMNESE: \nVater mit 57 an Pankreas-Ca verstorben, Mutter mit 101 an \"Altersschwäche\"\n\nSOZIALANAMNESE: \nPat. ist verwitwet \n\nMEDIKAMENTE ZUM ZEITPUNKT DER AUFNAHME: \nMoconibene 0,4, Temesta 1.\n\nVEGETATIVE ANAMNESE: \nkein Nikotin, kein Alkohol, Appetit gut, Gewichtsabnahme von ca. 5,5 kg in 1/2 Jahr lt. Pat., keine Speisenunverträglichkeit, Stuhl normal, leichte Inkontinenz, keine\nNykturie, keine Stürze in den letzten 12 Monaten, geringer chron. Husten, keine Krampfanfälle.\n\nSTATUS BEI AUFNAHME: \nFr. Iselin präsentiert sich im leicht red. AZ, adipösem EZ, Bewußtsein: räumlich und zeitlich kaum orientiert, euthyme Psyche, Haut blass, Schleimhäute trocken. Pupillen rund, Bulbi orthograd, Skleren anikterisch, keine Lidödeme.\nGebiss: OK/UK-Prothese, Tonsillen nicht einsehbar, Zunge trocken, belegt, glatt. \nHalsvenen nicht gestaut. \nThorax: symm., Mammae stark druckempfindlich, knotig, eupn. Atmung Eupnoe. \nLungenperkussion: sonorer KS. Ausk.: VA, keine RGs. \nHerzauskultation: sehr leise Herztöne. Geringgr. Systolicum über Erb.\nAbdomen: BD weich, kein DS., Bruchpforten geschlossen. Laparotomienarbe reizlos.\nAuskultation: leise DGs über allen 4 Quadr., Leber nicht tastbar, Milz nicht tastbar, keine Resistenzen, kein Kopfschmerz über dem Nierenlager. \nExtremitäten: Gelenke: li. Arm aktiv eingeschränkt, passiv beweglich, re. Arm aktiv und passiv frei beweglich, \nBeine bds. aktiv und passiv frei beweglich, keine Ödeme, keine Varizen. A.popl. re. u. li. n. tastbar. \nNeurolog.Status: Beide Arme und Beine V, Finger/Naseversuch zielgerichtet, Eudiadochokinese. \nLasegue und Babinski bds. neg. \nLymphknotenstatus am Hals bds. bohnengroße, n. druckempf. Lymphknoten tastbar.\n\nGERIATRISCHES SCREENING (nach Lachs): \nPat. sieht ohne Brille gut, Hörfähiggeit, soweit beurteilbar leicht eingeschränkt., li .Arm in aktiver beweglichkeit leicht eingeschränkt, Gehfähigkeit leicht eingeschränkt, Stuhlkontinenz erhalten, leichte Blaseninkontinez\nPat. normalgewichtig, deutliches kogn. Defizit.\nLt. eigenen Angaben ist die Pat. in ihrer Aktivität nicht eingeschränkt, kein Hinweis auf Depressio. Sie erhält soziale Unterstützung durch die Kinder. \nAllgemeine Risikofaktoren vorhanden, kein Sturz in den letzten 3 Monaten, Polypharmazie vorhanden, Schmerzen vorhanden.\n\nGERIATRIETYPISCHE MULTIMORBIDITÄT: \nGangunsicherheit, lokalisierte organbezogene Schmerzen, unmittelbar vorausg. OP, Rekonvaleszenz.\n\nAUFNAHMEBEURTEILUNG: \nFrau I. ist eine 82-jährige Pat. im leicht red. AZ, adip. EZ bei Z.n. Relaparatomie und Tracheostomaanlage. Sie kommt zur Verbesserung der Selbständigkeit, um die Versorgung\nzu Hause zu ermöglichen.\n\nBEFUNDE:\nEKG:\nNormocarder SR, 77/min., Linkstyp, PQ 0,17, QRS 0,09, RS-Umschlag in V3, ST-Strecken konkordant.\n\nMammographie bds. wg. auff. Tastbefunds:\nAltersentsprechender Drüsenkörper bds. Umschriebende nicht expansive, unverdächtige Knoten im Sinne einer Fibroadenomatose. \nKein umschriebener expansiver Prozess.\n\nLABOR:\nIn Kopie beiliegend.\n \n\nTHERAPIEEMPFEHLUNG:\nPantoloc 40 mg 1-0-0\nRisperdal 1 mg 1/2-0-1/2\nSeroquel 25 mg 1-1-0\nLaevolac 1 x 1 EL\nFurosemid 40 mg 1/2-0-0\nZyrtec 1 x abends\nDiclofenac 50mg supp 0-0-1\n  \nMit freundlichen kollgialen Grüßen\n\nDr. med. Inge Crohn \nOÄ Ida Wechsler "
    },
    {
      "%ID": 2,
      "%TYPE": "webanno.custom.PHI",
      "kind": "DATE",
      "begin": 148,
      "end": 158,
      "@sofa": 1
    },
    {
      "%ID": 3,
      "%TYPE": "webanno.custom.PHI",
      "kind": "DATE",
      "begin": 174,
      "end": 183,
      "@sofa": 1
    },
    {
      "%ID": 4,
      "%TYPE": "webanno.custom.PHI",
      "kind": "DATE",
      "begin": 188,
      "end": 197,
      "@sofa": 1
    },
    {
      "%ID": 5,
      "%TYPE": "webanno.custom.PHI",
      "kind": "LOCATION_HOSPITAL",
      "begin": 0,
      "end": 45,
      "@sofa": 1
    },
    {
      "%ID": 6,
      "%TYPE": "webanno.custom.PHI",
      "kind": "NAME_DOCTOR",
      "begin": 65,
      "end": 74,
      "@sofa": 1
    },
    {
      "%ID": 7,
      "%TYPE": "webanno.custom.PHI",
      "kind": "NAME_DOCTOR",
      "begin": 3878,
      "end": 3888,
      "@sofa": 1
    },
    {
      "%ID": 8,
      "%TYPE": "webanno.custom.PHI",
      "kind": "NAME_DOCTOR",
      "begin": 3893,
      "end": 3905,
      "@sofa": 1
    },
    {
      "%ID": 9,
      "%TYPE": "webanno.custom.PHI",
      "kind": "NAME_PATIENT",
      "begin": 127,
      "end": 138,
      "@sofa": 1
    },
    {
      "%ID": 10,
      "%TYPE": "webanno.custom.PHI",
      "kind": "NAME_PATIENT",
      "begin": 1185,
      "end": 1191,
      "@sofa": 1
    },
    {
      "%ID": 11,
      "%TYPE": "webanno.custom.PHI",
      "kind": "NAME_PATIENT",
      "begin": 3112,
      "end": 3113,
      "@sofa": 1
    }
  ],
  "%VIEWS": {
    "_InitialView": {
      "%SOFA": 1,
      "%MEMBERS": [
        2,
        3,
        4,
        5,
        6,
        7,
        8,
        9,
        10,
        11
      ]
    }
  }
}