{
  "%TYPES": {
    "de.tudarmstadt.ukp.dkpro.core.api.segmentation.type.Sentence": {
      "%NAME": "de.tudarmstadt.ukp.dkpro.core.api.segmentation.type.Sentence",
      "%SUPER_TYPE": "uima.tcas.Annotation"
    },
    "webanno.custom.PHI": {
      "%NAME": "webanno.custom.PHI",
      "%SUPER_TYPE": "uima.tcas.Annotation",
      "kind": {
        "%NAME": "kind",
        "%RANGE": "uima.cas.String"
      }
    }
  },
  "%FEATURE_STRUCTURES": [
    {
      "%ID": 1,
      "%TYPE": "uima.cas.Sofa",
      "sofaNum": 1,
      "sofaID": "_InitialView",
      "mimeType": "text",
      "sofaString": "Klinische Abteilung für ONKOLOGIE\nNeustadt, am 12.3.2023 \n\nSehr geehrte Frau Kollegin, sehr geehrter Herr Kollege, \n\nwir berichten über Frau CHRIST, Charlotte, Fall-Nr.6733340001, *24.12.1972, Stationär vom 2.2.2023 zum 14.2.2023\n\nHAUPT-UND NEBENDIAGNOSEN\nRektumkarzinom, (ED 4/23), lokal weit fortgeschritten, C20\nTumoranämie, (5/23), D63.0\nSt.p. Port-a-cath Implantation 8/2023\nDiabetes mellitus II - insulinpflichtig (E14.9)\nRetinopathie diabetisch bds (E14.3)\nArterielle Hypertonie (I10)\nAsthma bronchiale bei TypI-Allergie auf Schimmelpilze, Gräserpollen (J45.9)\nAdipositas\n\nVERLAUF DER TUMORERKRANKUNG\ndiagnostische PE (4/23)\nHisto: Adeno-CA\nStad.: p N+MX G2\nendständige Sigmoideostomie (13.6.2023)\n\nMed. TU-Therapie(n):\npall. PCT m. Folfox ab (6/23); 1. Zyklus 75%, ab 2. Zyklus 100%\n\nAufnahmegrund:\nFortsetzung der palliativen Polychemotherapie mit FOLFOX, 2. Zyklus.\n\nAufnahmestatus:\n50-j. Patientin in gutem AZ und adipösem EZ\nkardiopulmonal unauffälliger Auskultations- und Perkussionsbefund\nAbdomen: Bauchdecken weich, kein DS, DG normal\n\nDurchgeführte Untersuchungen\nLabor bei Aufnahme\nLeuko 8.830, Hb 9.4, Thrombo 323.000, Niere, Leberwerte im Normbereich, CRP 17.9\n\nHeptatitis-Serologie:\nHAV IgM und IgG negativ\nHBVs-Antigen negativ\nHBVc-Antikörper positiv\nHBVs-Antikörper 778\nHCV IgG negativ.\n\nZusammenfassung von Therapie und Verlauf\nZustand nach Hepatitis C-Infektion.\nDie stationäre Aufnahme Ihrer Patientin erfolgte zur Fortsetzung der palliativen Polychemotherapie mit FOLFOX,\n2. Zyklus. Aufgrund stabiler Blutbildparameter nunmehr 100 %. Es wurde am Tag 1 Oxaliplatin 85mg/m²,\nCalciumfolinat 400mg/m², 5FU als Bolus 300mg/m² und von Tag 1 bis Tag 2 5FU 2.800mg/m² über 46 Stunden\nverabreicht. Die Therapie wurde unter antiemetischer Begleitmaßnahmen gut vertragen.\n\nEmpfohlene Therapie:\nBerodual Dosieraerosol bei Bedarf\nCiproxin 500mg 1-0-1\nDiovan 160 mg 1-0-0\nFerretab 1-0-0\nFurosemid 40mg 1½-0-0\nGastrozol 20 mg 1-0-0\nIndapamid retard 1 mg 1-0-1\nInegy 10/20 mg 0-0-1\nLovenox 40mg 1 x 1 s.c.\nMexalen 500mg 3 x 1\nMolaxole 2 x 1 Beutel\nNovalgin 4 x 30gtt\nNovorapid 3 Einheiten / BE\nPantoloc 40mg 1-0-0\nProtaphane 8-12 Einheiten abends\nSeloken retard 1/2-1/2-1/2\nSerotide Diskus 3x1 Hub\nUrosin 300 mg 0-0-1\n\nWeiteres Prozedere:\n3.6.2023, 08.15 Uhr Stationäre Wiederaufnahme an der Onkologie-Aufnahme zur Fortsetzung der palliativen\nPolychemotherapie mit FOLFOX, 3. Zyklus.\n \n\nMit freundlichen kollegialen Grüßen\n\nDr. Christian Schwach OA Dr. Gottfried Stutz\n"
    },
    {
      "%ID": 2,
      "%TYPE": "webanno.custom.PHI",
      "kind": "DATE",
      "begin": 47,
      "end": 56,
      "@sofa": 1
    },
    {
      "%ID": 3,
      "%TYPE": "webanno.custom.PHI",
      "kind": "DATE",
      "begin": 181,
      "end": 191,
      "@sofa": 1
    },
    {
      "%ID": 4,
      "%TYPE": "webanno.custom.PHI",
      "kind": "DATE",
      "begin": 207,
      "end": 215,
      "@sofa": 1
    },
    {
      "%ID": 5,
      "%TYPE": "webanno.custom.PHI",
      "kind": "DATE",
      "begin": 220,
      "end": 229,
      "@sofa": 1
    },
    {
      "%ID": 6,
      "%TYPE": "webanno.custom.PHI",
      "kind": "DATE",
      "begin": 276,
      "end": 280,
      "@sofa": 1
    },
    {
      "%ID": 7,
      "%TYPE": "webanno.custom.PHI",
      "kind": "DATE",
      "begin": 329,
      "end": 333,
      "@sofa": 1
    },
    {
      "%ID": 8,
      "%TYPE": "webanno.custom.PHI",
      "kind": "DATE",
      "begin": 373,
      "end": 379,
      "@sofa": 1
    },
    {
      "%ID": 9,
      "%TYPE": "webanno.custom.PHI",
      "kind": "DATE",
      "begin": 626,
      "end": 630,
      "@sofa": 1
    },
    {
      "%ID": 10,
      "%TYPE": "webanno.custom.PHI",
      "kind": "DATE",
      "begin": 694,
      "end": 703,
      "@sofa": 1
    },
    {
      "%ID": 11,
      "%TYPE": "webanno.custom.PHI",
      "kind": "DATE",
      "begin": 751,
      "end": 755,
      "@sofa": 1
    },
    {
      "%ID": 12,
      "%TYPE": "webanno.custom.PHI",
      "kind": "DATE",
      "begin": 2249,
      "end": 2257,
      "@sofa": 1
    },
    {
      "%ID": 13,
      "%TYPE": "webanno.custom.PHI",
      "kind": "ID",
      "begin": 168,
      "end": 178,
      "@sofa": 1
    },
    {
      "%ID": 14,
      "%TYPE": "webanno.custom.PHI",
      "kind": "LOCATION_CITY",
      "begin": 34,
      "end": 42,
      "@sofa": 1
    },
    {
      "%ID": 15,
      "%TYPE": "webanno.custom.PHI",
      "kind": "NAME_DOCTOR",
      "begin": 2438,
      "end": 2455,
      "@sofa": 1
    },
    {
      "%ID": 16,
      "%TYPE": "webanno.custom.PHI",
      "kind": "NAME_DOCTOR",
      "begin": 2463,
      "end": 2478,
      "@sofa": 1
    },
    {
      "%ID": 17,
      "%TYPE": "webanno.custom.PHI",
      "kind": "NAME_PATIENT",
      "begin": 141,
      "end": 158,
      "@sofa": 1
    }
  ],
  "%VIEWS": {
    "_InitialView": {
      "%SOFA": 1,
      "%MEMBERS": [
        2,
        3,
        4,
        5,
        6,
        7,
        8,
        9,
        10,
        11,
        12,
        13,
        14,
        15,
        16,
        17
      ]
    }
  }
}