{
  "%TYPES": {
    "de.tudarmstadt.ukp.dkpro.core.api.segmentation.type.Sentence": {
      "%NAME": "de.tudarmstadt.ukp.dkpro.core.api.segmentation.type.Sentence",
      "%SUPER_TYPE": "uima.tcas.Annotation"
    },
    "webanno.custom.PHI": {
      "%NAME": "webanno.custom.PHI",
      "%SUPER_TYPE": "uima.tcas.Annotation",
      "kind": {
        "%NAME": "kind",
        "%RANGE": "uima.cas.String"
      }
    }
  },
  "%FEATURE_STRUCTURES": [
    {
      "%ID": 1,
      "%TYPE": "uima.cas.Sofa",
      "sofaNum": 1,
      "sofaID": "_InitialView",
      "mimeType": "text",
      "sofaString": "Definitiver Arztbrief\n \nEvelyn Dewald * 13.08.1948\n \n2021-05-27\n\nDiagnosen\n Malignes Melanom Stadium IV (AJCC 2009)\nLipome\nchronische Hepatitis C\nrterielle Hypertonie\n02/2023 Primärtumor: noduläres Melanoms Gesäß links, oberer Quadrant  (TD 3.65mm, Mitosen+)\n04/2023 tumorfreier Sentinellymphknoten Leiste links.\n05/2023 - 05/2019 Therapie mit Roferon 3 MioE 3x/Woche\n03/2020 Fernmetastasen (2 solitäre Lungenmetastasen bis 2.3cm; multiple Lebermetastasen bis 2 cm)\n04/2020 - 08/2020 6 Zyklen Carboplatin und Taxol; Response: SD\n06/2020, SD 08/2020; PD 12/2020 (Lunge SD, Leber PD 2.9 cm)\n02-04/2021 4 Zyklen Ipilimumab  \n\n\nAktuell:\nIpilimumab-assoziierte Colitis (C43.8)\n\nThorax-Rö.\nDas Herz gering über die Norm verbreitert mit pulmonalvenösen Stauungszeichen. Kleinfleckige Verdichtungen perihilär bds., vereinbar mit einem inzipienten Lungenödem. Randwinkelerguß re. Der li. Laterale Rezessus frei. Pneumonische Infiltrate stauungsbedingt nicht sicher zu differenzieren.  \n\nEKG\n89/min, Linkstyp, QRS 174 ms \n\n\n\nWeiteres Vorgehen\n Kontrolle am 17.5.2021 um 9:00 Uhr in der Therapieambulanz bei Prof.  Fleischer .\nRe-Staging und anschl. weitere Therapieplanung in ca. 2 Monaten geplant.\n\nZusammenfassung\nDie Aufnahme von Frau Dewald erfolgte aufgrund von massiven Durchfällen seit dem 28.4.2021 mit flüssigem Stuhl bis 15x täglich, teilweise mit Bemengung von hellrotem Blut sowie kolikartigen Schmerzen im Unterbauch.\nBei der Patientin besteht ein Melanom im Stadium IV, diesbezüglich erhielt sie zuletzt am 18.4.2021 eine Therapie mit Ipilimumab (4. Zyklus) 3mg/kgKG . Es waren daher die Beschwerden in erster Linie im Sinne einer Ipilimumabassoziierten Colitis zu werten.\nDie Patientin erhielt eine Therapie mit Kortikosteroiden intravenös, beginnend mit Solu Dakortin® 500 mg 1x tägl. über 3 Tage, dann Reduktion auf 150 mg für 3 Tage. Da sich unter dieser Therapie die Stuhlfrequenz normalisierte, konnte ab dem 7.5.2021 auf Urbason® peroral umgestellt werden, beginnend mit einer Dosierung von 60 mg 1xtgl. Ab dem 10.5.2021 wurde auf 30 mg Urbason 1xtgl reduziert. Da sich auch nach der Umstellung auf die orale Steroidtherapie kein Wiederauftreten der Beschwerden zeigte, konnte die Patientin am 9.5.2021 in befr. AZ entlassen werden.\n\nRelevante Befunde\n \nLabor : Kumulativbefund beiliegend.\nHLA-DNA-Typisierung:\nHLA-A A*01, A*23\nHLA-B B*44\n\nDermatologischer Status : Gesamten Integument mehrere melanozytäre auflichtmikroskopisch insuspekte Makulae.\nGesäß links: 12 cm lange atrophe Narbe.\nStamm, Oberarm und Oberschenkel bds: Mehrere bis maximal 2 cm im Durchmesser messende prall elastisch subkutane Knoten (anamnestisch Lipome seit 20 Jahren größenstationär).\nSchleimhäute, Venenstatus, periphere Pulse o.B.\n\nMit freundlichen kollegialen Grüßen\n\nProf. Dr. Burkhard zur Hausen\n \n"
    },
    {
      "%ID": 2,
      "%TYPE": "webanno.custom.PHI",
      "kind": "DATE",
      "begin": 40,
      "end": 50,
      "@sofa": 1
    },
    {
      "%ID": 3,
      "%TYPE": "webanno.custom.PHI",
      "kind": "DATE",
      "begin": 53,
      "end": 63,
      "@sofa": 1
    },
    {
      "%ID": 4,
      "%TYPE": "webanno.custom.PHI",
      "kind": "DATE",
      "begin": 110,
      "end": 114,
      "@sofa": 1
    },
    {
      "%ID": 5,
      "%TYPE": "webanno.custom.PHI",
      "kind": "DATE",
      "begin": 167,
      "end": 174,
      "@sofa": 1
    },
    {
      "%ID": 6,
      "%TYPE": "webanno.custom.PHI",
      "kind": "DATE",
      "begin": 259,
      "end": 266,
      "@sofa": 1
    },
    {
      "%ID": 7,
      "%TYPE": "webanno.custom.PHI",
      "kind": "DATE",
      "begin": 313,
      "end": 320,
      "@sofa": 1
    },
    {
      "%ID": 8,
      "%TYPE": "webanno.custom.PHI",
      "kind": "DATE",
      "begin": 323,
      "end": 330,
      "@sofa": 1
    },
    {
      "%ID": 9,
      "%TYPE": "webanno.custom.PHI",
      "kind": "DATE",
      "begin": 368,
      "end": 375,
      "@sofa": 1
    },
    {
      "%ID": 10,
      "%TYPE": "webanno.custom.PHI",
      "kind": "DATE",
      "begin": 466,
      "end": 473,
      "@sofa": 1
    },
    {
      "%ID": 11,
      "%TYPE": "webanno.custom.PHI",
      "kind": "DATE",
      "begin": 476,
      "end": 483,
      "@sofa": 1
    },
    {
      "%ID": 12,
      "%TYPE": "webanno.custom.PHI",
      "kind": "DATE",
      "begin": 529,
      "end": 536,
      "@sofa": 1
    },
    {
      "%ID": 13,
      "%TYPE": "webanno.custom.PHI",
      "kind": "DATE",
      "begin": 541,
      "end": 548,
      "@sofa": 1
    },
    {
      "%ID": 14,
      "%TYPE": "webanno.custom.PHI",
      "kind": "DATE",
      "begin": 553,
      "end": 560,
      "@sofa": 1
    },
    {
      "%ID": 15,
      "%TYPE": "webanno.custom.PHI",
      "kind": "DATE",
      "begin": 589,
      "end": 591,
      "@sofa": 1
    },
    {
      "%ID": 16,
      "%TYPE": "webanno.custom.PHI",
      "kind": "DATE",
      "begin": 592,
      "end": 599,
      "@sofa": 1
    },
    {
      "%ID": 17,
      "%TYPE": "webanno.custom.PHI",
      "kind": "DATE",
      "begin": 1047,
      "end": 1056,
      "@sofa": 1
    },
    {
      "%ID": 18,
      "%TYPE": "webanno.custom.PHI",
      "kind": "DATE",
      "begin": 1287,
      "end": 1296,
      "@sofa": 1
    },
    {
      "%ID": 19,
      "%TYPE": "webanno.custom.PHI",
      "kind": "DATE",
      "begin": 1511,
      "end": 1520,
      "@sofa": 1
    },
    {
      "%ID": 20,
      "%TYPE": "webanno.custom.PHI",
      "kind": "DATE",
      "begin": 1919,
      "end": 1927,
      "@sofa": 1
    },
    {
      "%ID": 21,
      "%TYPE": "webanno.custom.PHI",
      "kind": "DATE",
      "begin": 2022,
      "end": 2031,
      "@sofa": 1
    },
    {
      "%ID": 22,
      "%TYPE": "webanno.custom.PHI",
      "kind": "DATE",
      "begin": 2205,
      "end": 2213,
      "@sofa": 1
    },
    {
      "%ID": 23,
      "%TYPE": "webanno.custom.PHI",
      "kind": "LOCATION_CITY",
      "begin": 2782,
      "end": 2788,
      "@sofa": 1
    },
    {
      "%ID": 24,
      "%TYPE": "webanno.custom.PHI",
      "kind": "NAME_DOCTOR",
      "begin": 1104,
      "end": 1113,
      "@sofa": 1
    },
    {
      "%ID": 25,
      "%TYPE": "webanno.custom.PHI",
      "kind": "NAME_DOCTOR",
      "begin": 2769,
      "end": 2777,
      "@sofa": 1
    },
    {
      "%ID": 26,
      "%TYPE": "webanno.custom.PHI",
      "kind": "NAME_PATIENT",
      "begin": 24,
      "end": 37,
      "@sofa": 1
    },
    {
      "%ID": 27,
      "%TYPE": "webanno.custom.PHI",
      "kind": "NAME_PATIENT",
      "begin": 1228,
      "end": 1234,
      "@sofa": 1
    }
  ],
  "%VIEWS": {
    "_InitialView": {
      "%SOFA": 1,
      "%MEMBERS": [
        2,
        3,
        4,
        5,
        6,
        7,
        8,
        9,
        10,
        11,
        12,
        13,
        14,
        15,
        16,
        17,
        18,
        19,
        20,
        21,
        22,
        23,
        24,
        25,
        26,
        27
      ]
    }
  }
}