{
  "%TYPES": {
    "de.tudarmstadt.ukp.dkpro.core.api.segmentation.type.Sentence": {
      "%NAME": "de.tudarmstadt.ukp.dkpro.core.api.segmentation.type.Sentence",
      "%SUPER_TYPE": "uima.tcas.Annotation"
    },
    "webanno.custom.PHI": {
      "%NAME": "webanno.custom.PHI",
      "%SUPER_TYPE": "uima.tcas.Annotation",
      "kind": {
        "%NAME": "kind",
        "%RANGE": "uima.cas.String"
      }
    }
  },
  "%FEATURE_STRUCTURES": [
    {
      "%ID": 1,
      "%TYPE": "uima.cas.Sofa",
      "sofaNum": 1,
      "sofaID": "_InitialView",
      "mimeType": "text",
      "sofaString": "﻿Universitätsklinikum Klein Haasbeck \nUniversitätsklinik für Dermatologie und Venerologie \n\nKlinikvorstand: Prof.Dr. med. Wieland Wagner\n20223 Klein Haasbeck, Sauerbruchplatz 8, Tel.: 02216/325-15423, Fax: 02216/325-15338\n \n\n\nClaudia Dupuytren\nAm Hasenstall\n20223 Klein Haasbeck\n \nKlinische Abteilung für Allgemeine Dermatologie\nLeiter:\nProf. Dr. med. Jürgen W. von Wetterstein\n\nAmbulanz für Pigmentveränderungen\nMi und Fr 10:00 - 12:00 Uhr\n\n\nZur Vorlage bei Ihrer/Ihrem Ärztin/Arzt\n\nBefund - Amb. für Pigmentveränderungen\n\nDiagnose(n): \neinige dzt. insusp. NZN Lentigines/Rücken und Handrücken/UA\nTinea pedis\nEpidermiszyste am Rücken\n \n\n \nSehr geehrte Frau Kollegin, sehr geehrter Herr Kollege! \n\n\nRoutinekontrolle:\n\nKlinischer Befund dzt. insusp.\nAuflichtmikroskopischer Befund dzt. insusp.\nRücken: Im Bereich einer ca. 8 mm im DM haltenden, homogen hellbraunen Pigmentierung Verhärtung palpabel mit zentralem Porus.\n\n\nTherapie\nObservanz, Sonnenschutz, Canesten-Creme\n\nTherapieempfehlung\nOperative  Entfernung der Zyste in  LA  auf ambulanter Basis im  OP II am  31.10.2021 um  9.00 Uhr. T-ASS  bitte 7-10 Tage vor dem OP-Termin  pausieren.\n\n\nKontrolle\n1x/Jahr\n \nKlein Haasbeck, am 21.09.2021\n \n\nBei Veränderung der Muttermale (Blutung, Juckreiz, Größenwachstum oder Farbänderung) ersuchen wir um sofortige Kontrolle in unserer Ambulanz oder beim niedergelassenen Facharzt/Ärztin.\n\nMit freundlichen kollegialen Grüßen\n\nDhayana dos Santos Aveiro\nFÄ f. Dermatologie \n"
    },
    {
      "%ID": 2,
      "%TYPE": "webanno.custom.PHI",
      "kind": "CONTACT_FAX",
      "begin": 206,
      "end": 221,
      "@sofa": 1
    },
    {
      "%ID": 3,
      "%TYPE": "webanno.custom.PHI",
      "kind": "CONTACT_PHONE",
      "begin": 137,
      "end": 142,
      "@sofa": 1
    },
    {
      "%ID": 4,
      "%TYPE": "webanno.custom.PHI",
      "kind": "CONTACT_PHONE",
      "begin": 184,
      "end": 199,
      "@sofa": 1
    },
    {
      "%ID": 5,
      "%TYPE": "webanno.custom.PHI",
      "kind": "DATE",
      "begin": 1065,
      "end": 1075,
      "@sofa": 1
    },
    {
      "%ID": 6,
      "%TYPE": "webanno.custom.PHI",
      "kind": "DATE",
      "begin": 1184,
      "end": 1194,
      "@sofa": 1
    },
    {
      "%ID": 7,
      "%TYPE": "webanno.custom.PHI",
      "kind": "LOCATION_CITY",
      "begin": 143,
      "end": 157,
      "@sofa": 1
    },
    {
      "%ID": 8,
      "%TYPE": "webanno.custom.PHI",
      "kind": "LOCATION_CITY",
      "begin": 264,
      "end": 278,
      "@sofa": 1
    },
    {
      "%ID": 9,
      "%TYPE": "webanno.custom.PHI",
      "kind": "LOCATION_CITY",
      "begin": 1165,
      "end": 1179,
      "@sofa": 1
    },
    {
      "%ID": 10,
      "%TYPE": "webanno.custom.PHI",
      "kind": "LOCATION_HOSPITAL",
      "begin": 1,
      "end": 89,
      "@sofa": 1
    },
    {
      "%ID": 11,
      "%TYPE": "webanno.custom.PHI",
      "kind": "LOCATION_HOSPITAL",
      "begin": 92,
      "end": 106,
      "@sofa": 1
    },
    {
      "%ID": 12,
      "%TYPE": "webanno.custom.PHI",
      "kind": "LOCATION_STREET",
      "begin": 159,
      "end": 176,
      "@sofa": 1
    },
    {
      "%ID": 13,
      "%TYPE": "webanno.custom.PHI",
      "kind": "LOCATION_STREET",
      "begin": 244,
      "end": 263,
      "@sofa": 1
    },
    {
      "%ID": 14,
      "%TYPE": "webanno.custom.PHI",
      "kind": "NAME_DOCTOR",
      "begin": 122,
      "end": 136,
      "@sofa": 1
    },
    {
      "%ID": 15,
      "%TYPE": "webanno.custom.PHI",
      "kind": "NAME_DOCTOR",
      "begin": 226,
      "end": 243,
      "@sofa": 1
    },
    {
      "%ID": 16,
      "%TYPE": "webanno.custom.PHI",
      "kind": "NAME_DOCTOR",
      "begin": 352,
      "end": 377,
      "@sofa": 1
    },
    {
      "%ID": 17,
      "%TYPE": "webanno.custom.PHI",
      "kind": "NAME_PATIENT",
      "begin": 226,
      "end": 243,
      "@sofa": 1
    }
  ],
  "%VIEWS": {
    "_InitialView": {
      "%SOFA": 1,
      "%MEMBERS": [
        2,
        3,
        4,
        5,
        6,
        7,
        8,
        9,
        10,
        11,
        12,
        13,
        14,
        15,
        16,
        17
      ]
    }
  }
}