{
  "%TYPES": {
    "de.tudarmstadt.ukp.dkpro.core.api.segmentation.type.Sentence": {
      "%NAME": "de.tudarmstadt.ukp.dkpro.core.api.segmentation.type.Sentence",
      "%SUPER_TYPE": "uima.tcas.Annotation"
    },
    "webanno.custom.PHI": {
      "%NAME": "webanno.custom.PHI",
      "%SUPER_TYPE": "uima.tcas.Annotation",
      "kind": {
        "%NAME": "kind",
        "%RANGE": "uima.cas.String"
      }
    }
  },
  "%FEATURE_STRUCTURES": [
    {
      "%ID": 1,
      "%TYPE": "uima.cas.Sofa",
      "sofaNum": 1,
      "sofaID": "_InitialView",
      "mimeType": "text",
      "sofaString": "Herrn\nDr. med. Frank Knoblauch\nKorekamp 15\n47809 Krefeld\n\nSehr geehrter Herr Kollege Knoblauch,\n\nwir berichten nachfolgend über unseren gemeinsamen Patienten, Herrn Walther Fabry, geb. am 22.01.1974, wohnhaft Hauptstr. 8, 47809 Krefeld, der sich vom\n03.09.2029 bis 12.09.2029 bei uns in stationären Behandlung befand.\n\nDiagnosen\nNSTEMI mit PTCA und Stent der RCA bei bek. coronarer 1-Gefäß-Erkrankung (RCA) mit RCA-Intervention 07/2025 \n- Arterielle Hypertonie\n- Adipositas\n- Hypercholesterinämie\n\nAnamnese\nSeit 3 Tagen Enge in der Brust mit Ausstr. in die li. Schulter. Atemnot, die sich seit gestern verstärkt mit Schweregefühl in den Armen. Nach frustraner Anwendung von Nitroglyzerin-Spray, notfallmäßige Einweisung.\nEin-Gefäß-Erkrankung (RCA) war bekannt (RCA Intervention 07/2025). Herr Fabry gab einen Nikotinabusus von 50 py an.\n\nKörperlicher Status bei Aufnahme\nGeringgr. red. AZ bei seit 2d zunehmender Dyspnoe, adipöser EZ (171 cm / 90 kg), red. Turgor, Schleimhäute trocken, Kopf/Hals o.B. \n\nPulmo seitengl. belüftet, atemverschieblich, sonorer Klopfschall, Vesikuläratmen, keine Nebengeräusche.\nCor: regelmäßige Herzaktion, HT rein. HF 70/min, kein Herzgeräusch.\n\nBD weich, keine Abwehrspannung, kein DS, keine path. Resist., kaum Darmgeräusche.\nExtremitäten frei beweglich. Unauffälliger Pulsstatus, keine Strömungsgeräusche, keine peripheren Ödeme. Neurologisch orientierend unauffällig.\n\nUntersuchungsergebnisse:\nAufnahme-Labor (09:45 Uhr):\nHb 15,2 g/dl, Hkt 0,38, Kalium 3,51 mmol/l, Trop T 0,7 μg/l, CK 220 U/l, CK-MB 35 U/l, Ges.-Cholesterin 310 mg/dl. Im Normbereich GOT, GPT, Bili, TSH, Cholesterin, Triglyzeride, Krea, HST. Unauffälliger Gerinnungsstatus.\n\nAufnahme-EKG:\nIT, normofrequenter SR, HF 72/min, ST-Senkungen in V3–V6 RÖ Thorax vom Aufnahmetag. Aortal konfig. Herz. \nKeine Anzeichen für Pneumothorax, Pleuraerguss, Stauung, Infiltrate.\n\nEchokardiografie vom Aufnahmetag:\nNormal weiter LV mit noch guter systolischer LV-Funktion. EF 56 %. Myokarddicke normal. Leichte Sklerose der Aortenklappe, kein Stenosegradient, keine Insuffizienz. RV normal weit, normale Myokarddicke, gute syst. RV-Funktion. VCI normal weit, gut atemvariabel. Rechter Vorhof normal weit.\n\nHerzkatheteruntersuchung vom 04.09.2029:\nLinke Koronararterie: Hauptstamm Wandunregelmäßigkeiten - RIVA: Mittelgr. Stenose im mittleren Segment - RCX: unauffällig - Rechte Koronararterie: - Proximaler Verschluss. Stent aus vorangegangener Intervention am Ostium (vor der aktuellen Verschlusslokalisation) - Intervention: Rekanalisation des prox. RCA-Verschlusses mittels PTCA und Stenting unter Verwendung eines Drug-Eluting-Stent.\n\nLZ-EKG vom 08.09.2029:\nNormofrequenter SR. Keine signifikanten Pausen oder Blockierungen. In Phasen erhöhtes Vorkommen von SVES. Keine höhergradigen HRS.\n\n\nMedikation bei Entlassung:\nIscover 150 mg 1–0–1 \nAspirin 100 mg 1–0–0 \nCon Cor 2,5 mg 1–0–1 \nRamiprilil 2,5mg 1–0–0 \nAmlodipin 5 mg 1–0–1 \nZocor 40 mg 0–0–1\nBezafibrat Retard 400mg 1-0-0\n\nMit freundlichen Grüßen\n\nChefärztin Prof. Antonia Zucker \nAssistenzärztin Iris Klumpfuß "
    },
    {
      "%ID": 2,
      "%TYPE": "webanno.custom.PHI",
      "kind": "CONTACT_PHONE",
      "begin": 43,
      "end": 56,
      "@sofa": 1
    },
    {
      "%ID": 3,
      "%TYPE": "webanno.custom.PHI",
      "kind": "DATE",
      "begin": 188,
      "end": 198,
      "@sofa": 1
    },
    {
      "%ID": 4,
      "%TYPE": "webanno.custom.PHI",
      "kind": "DATE",
      "begin": 250,
      "end": 260,
      "@sofa": 1
    },
    {
      "%ID": 5,
      "%TYPE": "webanno.custom.PHI",
      "kind": "DATE",
      "begin": 265,
      "end": 275,
      "@sofa": 1
    },
    {
      "%ID": 6,
      "%TYPE": "webanno.custom.PHI",
      "kind": "DATE",
      "begin": 428,
      "end": 435,
      "@sofa": 1
    },
    {
      "%ID": 7,
      "%TYPE": "webanno.custom.PHI",
      "kind": "DATE",
      "begin": 778,
      "end": 785,
      "@sofa": 1
    },
    {
      "%ID": 8,
      "%TYPE": "webanno.custom.PHI",
      "kind": "DATE",
      "begin": 2223,
      "end": 2233,
      "@sofa": 1
    },
    {
      "%ID": 9,
      "%TYPE": "webanno.custom.PHI",
      "kind": "DATE",
      "begin": 2638,
      "end": 2648,
      "@sofa": 1
    },
    {
      "%ID": 10,
      "%TYPE": "webanno.custom.PHI",
      "kind": "LOCATION_CITY",
      "begin": 228,
      "end": 235,
      "@sofa": 1
    },
    {
      "%ID": 11,
      "%TYPE": "webanno.custom.PHI",
      "kind": "LOCATION_STREET",
      "begin": 209,
      "end": 220,
      "@sofa": 1
    },
    {
      "%ID": 12,
      "%TYPE": "webanno.custom.PHI",
      "kind": "LOCATION_STREET",
      "begin": 542,
      "end": 549,
      "@sofa": 1
    },
    {
      "%ID": 13,
      "%TYPE": "webanno.custom.PHI",
      "kind": "LOCATION_ZIP",
      "begin": 222,
      "end": 227,
      "@sofa": 1
    },
    {
      "%ID": 14,
      "%TYPE": "webanno.custom.PHI",
      "kind": "NAME_DOCTOR",
      "begin": 15,
      "end": 39,
      "@sofa": 1
    },
    {
      "%ID": 15,
      "%TYPE": "webanno.custom.PHI",
      "kind": "NAME_DOCTOR",
      "begin": 85,
      "end": 94,
      "@sofa": 1
    },
    {
      "%ID": 16,
      "%TYPE": "webanno.custom.PHI",
      "kind": "NAME_DOCTOR",
      "begin": 3013,
      "end": 3027,
      "@sofa": 1
    },
    {
      "%ID": 17,
      "%TYPE": "webanno.custom.PHI",
      "kind": "NAME_DOCTOR",
      "begin": 3045,
      "end": 3058,
      "@sofa": 1
    },
    {
      "%ID": 18,
      "%TYPE": "webanno.custom.PHI",
      "kind": "NAME_PATIENT",
      "begin": 165,
      "end": 178,
      "@sofa": 1
    },
    {
      "%ID": 19,
      "%TYPE": "webanno.custom.PHI",
      "kind": "NAME_PATIENT",
      "begin": 793,
      "end": 798,
      "@sofa": 1
    }
  ],
  "%VIEWS": {
    "_InitialView": {
      "%SOFA": 1,
      "%MEMBERS": [
        2,
        3,
        4,
        5,
        6,
        7,
        8,
        9,
        10,
        11,
        12,
        13,
        14,
        15,
        16,
        17,
        18,
        19
      ]
    }
  }
}