{
  "%TYPES": {
    "de.tudarmstadt.ukp.dkpro.core.api.segmentation.type.Sentence": {
      "%NAME": "de.tudarmstadt.ukp.dkpro.core.api.segmentation.type.Sentence",
      "%SUPER_TYPE": "uima.tcas.Annotation"
    },
    "webanno.custom.PHI": {
      "%NAME": "webanno.custom.PHI",
      "%SUPER_TYPE": "uima.tcas.Annotation",
      "kind": {
        "%NAME": "kind",
        "%RANGE": "uima.cas.String"
      }
    }
  },
  "%FEATURE_STRUCTURES": [
    {
      "%ID": 1,
      "%TYPE": "uima.cas.Sofa",
      "sofaNum": 1,
      "sofaID": "_InitialView",
      "mimeType": "text",
      "sofaString": "Universitätsklinikum Wilhelmsburg\nKLINIK UND POLIKLINIK FÜR KINDER- UND JUGENDMEDIZIN\n\nDirektor: \nProf. Dr. Mike Messer\nUniversitätsklinikum \nWilhelmsburg, 91022 Wilhelmsburg \nKinder- und Jugendmedizin \n\nNachrichtlich: Prof. Dr. Dr. Waldemar Waldenström, Institut für Röntgendiagnostik, im Hause\n\nSehr geehrte Frau Kollegin, sehr geehrter Herr Kollege, wir berichten Ihnen über unsere gemeinsame Patientin Fuss, Flora, geb. 28.05.2028, wohnhaft Florgasse 2, Wilhelmsburg, die vom 20.05.2034 bis 27.05.2034 bei uns in stat. Behandlung war.\n\nDiagnosen:\n1. V. a. CLOVES-Syndrom \n2. Wachstumsstörung Zehennagel D l links nach Emmertplastik \n\nTherapie und Verlauf:\n19.06.2033: MR-Angiographie: bei V.a. CLOVES-Syndrom. Hyperplasie des subkutanen Fettgewebes der linken Rumpfwand, links gluteal und beide untere Extremitäten betreffend (links > rechts). Insgesamt Hyperplasie beider Füße (links > rechts). Umschriebene venöse Gefäßmalformationen zeigen sich zwar nicht, aber dysplastische bzw. dilatierte epifasziale Venen an der linken unteren Extremitätmit dysplastischer Vena saphena magna. Diese setzt sich links thorakal lateral als Marginalvene fort. \nAuffällige Venenplexus um das Rektum/Colon sigmoideum mit zusätzlicher Wandverdickung.\n21.06.2033\n1. Schaumsklerosierung und Lasertherapie linkes Bein\n21.06.2033 \nKoloskopie: Keine weiteren Polypen\n22.05.2034\n2. Schaumsklerosierung  \n \n\nAnamnese:\nFlora ist eine in unserer Klinik bekannter Pat. mit V. a. CLOVES-Syndrom und bekannten Darmpolypen, welche sich bereits im Juni letzten Jahres zur ersten Gefäßsklerosierung inunserer stationären Behandlung befand. Aktuell erfolgt die zweite Aufnahme zur erneuten Intervention. \nBezüglich der Vorgeschichte verweisen wir auf unseren vorausgegangenen Arztbrief. Die Mutter berichtete, dass seit der letzten Sklerosierung keine schwerwiegenden gesundheitlichen Probleme aufgetreten seien. Insgesamt habe die Mutter den Eindruck, dass sich seither die beiden Beine bzgl. ihres Umfanges und der Länge gleichmäßig entwickeln würden. Flora habe sich im letzten Jahr gut weiterentwickelt, gehe in den Kindergarten und praktiziere klassisches Ballertt, hierbei sei sie völlig unbeeinträchtigt. Ende letzten Jahres sei über ca. 2 Monate eine knötchenartige Schwellung am rechten Oberarm mit in diesem Bereich bläulich verfärbter Haut auffällig gewesen.Es habe ein Druckschmerz bestanden; der Befund hätte sich spontan zurückgebildet. Außerdem sei im letzten Jahr eine vermehrte Neigung zu Infekten der oberen Luftwege, insbesondere Schnupfen, vermehrte Verschleimung und Halsschmerzen mit z. T. Fieber aufgetreten. Im Rahmen dieser Episoden sei auch wiederholt eine antibiotische Therapie erforderlich gewesen. \nVor 3 Jahren sei bei Flora eine Adeno- und Tonsillotomie erfolgt. Im Hinblick auf die in der Vorgeschichte stattgehabte Hämatochezie bei bekannten Darmpolypen wurde eine Blutmbeimengung im Stuhl aktuell verneint. Es bestünde weiterhin eine Verstopfungsneigung, hierbei setze Flora nach Aufforderung der Mutter ca. zweimalig in 3 Tagen Stuhlgang von fester Konsistenz ab. Bauchschmerzen habe das Mädchen nicht. Aktuell hätte Flora vor 2 Tagen einmalig erhöhte Temperatur (um 38 °C) gehabt. Zu diesem Zeitpunkt seien der Mutter keinerlei infekttypischen Symptome aufgefallen, sie sei in gutem Allgemeinzustand gewesen. \n\nAllergien: Keine bekannt.\n\nAktuelle Medikation: Keine.\n\nKlinische Untersuchung:6 Jahre altes Mädchen in gutem AZ und EZ. Größe 126,8 cm (P75 - 90),Körpergewicht 28,4 kg (3 kg > P97), Temperatur 36,9 °C, Herzfrequenz 101/min.,Blutdruck 92/65 mmHg. Vermehrte venöse Gefäßzeichnung an beiden Beinen sowie Abdomen, livide rötliche Verfärbung seitlich am Abdomen sowie am Rücken. Bds. hyperplastische untere Extremitäten (li. > re.). Lymphknoten nicht vergrößert tastbar. HNO-Bereich: Tonsillen bds. hyperplastisch, vermehrt gefäßinjiziert, keine Rötung, keine Beläge. Trommelfelle bds. cerumenverlegt, soweit einsehbar reizlos. Re. zervical einzelner leicht vergrößerter Lymphknoten palpabel, weich, gut verschieblich. \nCor: Rhythmisch, rein und normofrequent. \nPulmo bds. mitvesikulärem Atemgeräusch, keine Rasselgeräusche, keine Obstruktion. \nAbdomen weich,regelrechte Peristaltik, keine Organomegalie, kein Druckschmerz, keine Resistenzen. \nGenitale weiblich, infantil und reizlos. \nNeurologische Untersuchung orientierend unauffällig.\n\nBefunde:Klin. Chemie vom 20.05.2034:\nKreatinin 0.45 mg/dl, GOT 18 U/1, CRP 26.5 mg/l.\nGerinnung vom 20.05.2034: Quick 98 %, (PTZ/INR) 1.03, PTT 35.7 sec.\nKleines Blutbild vom 20.05.2034:Leukozyten 9.70 /nl, Erythrozyten 4.39 /pl, Hämoglobin 10.4 g/dl, Hämatokrit 30.0 %, Thrombozyten 276 /nl.\n\nKlinische Chemie vom 23.05.2034: Na 141 mmol/l, K 4.2 mmol/l, Kreatinin 0.45 mg/dl, Harnstoff 22 mg/dl, GOT 20 U/I,GPT 15 U/1, Bilirubin (ges.) 0.8 mg/dl, CRP 38.8 mg/l.\nKleines Blutbild vom 23.05.2034: Leukozyten 20.61 /nl, Erythrozyten 4.15 /pl, Hämoglobin 11.0 g/dl, Hämatokrit 30.2 %,, Thrombozyten 233 /nl.\n \nSonographiebefund vom 20.05.2034:\nKein Nachweis einer tiefen Beinvenenthrombose, arteriell triphasischer Hyperzirkulation im Bereich des linken Fußes bei Weichteilödem. Venöse Ekatsie. \nHNO Konsil vom 21.05.2034:Anamnestisch keine Atemaussetzer. In Untersuchung keine überwiegende Mundatmung. Gel.Schnarchen lt. Mutter. Z.n. AT/TO 2031. \nKI U: Gg bds massiv cerumenobturiert mit frustraner Extraktion, Hörtest nicht möglich. Tonsillen leicht vergrössert. Adenoide nur eingeschränkt beurteilbar. Untere Nasenmuscheln hyperplatisch, leichte venöse Ektasien. Am Zungengrundmedian bis links venös imponierende Gefässektasie. \nP: Gehörgangsreinigung vor Tonaudiometrie 2x tgl, bitte Wiedervorstellung nächste Woche zur TA und TF-Inspektion, hier auch Reevaluation Interventionsbedarf bzgl. Ektasien im HNO-Bereich.\nHNO-Konsil vom 27.05.2034: Befund und Empfehlung ausstehend.\nOrthopädisches Konsil vom 23.05.2034: Befund und Empfehlung ausstehend. HWS,BWS, LWS in 2 Ebenen/Beide Füße dorsoplantar/Ganzbeinaufnahme bds. in 1 Ebene vom 23.05.2034: HWS: Altersentsprechende Darstellung der HWS. Kein Hinweis auf  Fraktur. Prävertebraler Weichteilschatten nicht verbreitert. BWS und LWS: Überlagerung der BWS im Seitbild durch Rippen und Lungenstrukturen. Leichte skoliotische Fehlstellung in der oberen BWS.Altersentsprechende Darstellung der unteren Wirbelsäule. Beide Füße: Bek. Hyperplasie beider Füße, links > rechts, vor allem von Os metatarsale II und II links und im Seitenvergleich von der dritten Zehe links. \nSpreizfuß beidseits, links mehr als rechts. Subluxation im dist. Interphalangealgelenk vom D5 und im prox. und dist. Interphalangealgelenk von D3 rechts. \nDeutliche Fehlstellung im Metatarsophalangealgelenk von D1 beidseits, rechts mehr alslinks (HV- Winkel beträgt rechts 31 Grad und links 17 Grad). Beidseits ist D2 länger als D1. \nBeide Beine: Der Abstand zwischen dem Femurkopf und der distalen Tibiaepiphyse beträgt links 58 cm und rechts 57 cm, es ergibt sich eine Beinlängendifferenz von 1 cm.\nSonographiebefund vom 23.05.2034: Kein Nachweis einer tiefen Beinvenenthrombose. Relativ gleichmäßige Gewebekontrastierung. Verschluss oberflächliche Vene am Oberschenkel, hier keine Hypervaskularisation. Arteriell triphasischer Fluss. Erhöhter Fluss im tiefen Venensystem. Weiterhin Weichteilschwellung am Vorfuß.\nUnfallchirurgisches Konsil vom 26.05.2034: \nAnamnese: Z.n. mehrfacher Emmmertplastik an der linken Großzehe \nKlinischer Untersuchungsbefund: Fuß links: deutlich geschwollen, Großzehennarbe nach Emmertplastik, reizlos, Zehennagel malformiert mit tastbarer Verhärtung im Bereich der Narbe \n\nApparative Diagnostik: \nDiagnose: Wachstumsstörung nach Emmertplastik.\n\nZusammenfassung und Beurteilung:Flora wurde elektiv zur zweiten Schaumsklerosierung stationär aufgenommen. In der bei Aufnahme durchgeführten laborchemischen Untersuchung zeigte sich eine leichte Erhöhung des CRP-Wertes bei normwertigen Leukozyten. Diesen interpretierten wir am ehesten im Rahmen der vor 2 Tagen anamnestisch berichteten subfebrilen Temperatur. Klinisch ergab sich kein Hinweis auf einen Infektfokus. Die übrigen Laborparameter waren unauffällig. Die Schaumsklerosierung der venösen Malformation im Bereich des linken Beines sowie der Marginalvenen thorakal bds. gestaltete sich problemlos und die postinterventionelle Monitorüberwachung war unauffällig.\nDie Vitalparameter waren zu jedem Zeitpunkt stabil.\nDas Bein wurde hochgelagert und der Druckverband wurde über 24h belassen, es trat keinerelevante Nachblutung auf. Es erfolgte eine schmerzadaptierte Therapie mit Ibuprofen. Es wurde eine Antikoagulation mit Clexane für sieben Tage begonnen. Am ersten postinterventionellen Tag entwickelte Flora Fieber bis maximal 39,7 °C, klinisch zeigte sich das Bild eines Infektes der oberen Atemwege. Bei CRP-Anstieg bis 38 mg/l wurde eine antibiotische Therapie mit Cefuroxim über 5 Tage durchgeführt, hierunter entfieberte die Patientin.\n\nBei Z.n. mehrfacher Emmertplastik im Bereich des linken Großzehs erfolgte eine chriurgische Mitbeurteilung, hierbei wurde eine Nagelplastik empfohlen. Diese konnte wegen zeitlicher Engpässe seitens der Kollegen der Chirurgie und Anästhesie leider nicht mehr während des stationären Aufenthaltes durchgeführt werden. Wir empfehlen daher eine Vorstellung zur Therapie heimatnah. Das HNO-ärztliche und orthopädische Procedere wird nach Erhalt aller Befunde festgelegt, esfolgt eine entsprechender Nachbericht. \n\nWir konnten Flora am 27.04.2034 im guten Allgemeinzustand nach Hause entlassen. Für Rücksprache stehen wir gerne jederzeit zur Verfügung. \n\nWeitere Therapie und Behandlungsvorschlag:\nNach Maßgabe der Gefäßchirurgie Tragen der Kompressionswäsche wie besprochen.\n\nMit freundlichen kollegialen Grüßen\nProf. Dr. med. M. Messer\nDirektor der Klinik\n\nDr. med. V. Konoka, \nOberärztin der Klinik\nAlma Hecht\nFÄ für Kinder- und Jugendmedizin\n\n\n\n\n"
    },
    {
      "%ID": 2,
      "%TYPE": "webanno.custom.PHI",
      "kind": "CONTACT_PHONE",
      "begin": 156,
      "end": 161,
      "@sofa": 1
    },
    {
      "%ID": 3,
      "%TYPE": "webanno.custom.PHI",
      "kind": "DATE",
      "begin": 424,
      "end": 434,
      "@sofa": 1
    },
    {
      "%ID": 4,
      "%TYPE": "webanno.custom.PHI",
      "kind": "DATE",
      "begin": 480,
      "end": 490,
      "@sofa": 1
    },
    {
      "%ID": 5,
      "%TYPE": "webanno.custom.PHI",
      "kind": "DATE",
      "begin": 495,
      "end": 505,
      "@sofa": 1
    },
    {
      "%ID": 6,
      "%TYPE": "webanno.custom.PHI",
      "kind": "DATE",
      "begin": 660,
      "end": 670,
      "@sofa": 1
    },
    {
      "%ID": 7,
      "%TYPE": "webanno.custom.PHI",
      "kind": "DATE",
      "begin": 1239,
      "end": 1249,
      "@sofa": 1
    },
    {
      "%ID": 8,
      "%TYPE": "webanno.custom.PHI",
      "kind": "DATE",
      "begin": 1303,
      "end": 1313,
      "@sofa": 1
    },
    {
      "%ID": 9,
      "%TYPE": "webanno.custom.PHI",
      "kind": "DATE",
      "begin": 1350,
      "end": 1360,
      "@sofa": 1
    },
    {
      "%ID": 10,
      "%TYPE": "webanno.custom.PHI",
      "kind": "DATE",
      "begin": 1522,
      "end": 1526,
      "@sofa": 1
    },
    {
      "%ID": 11,
      "%TYPE": "webanno.custom.PHI",
      "kind": "DATE",
      "begin": 4381,
      "end": 4391,
      "@sofa": 1
    },
    {
      "%ID": 12,
      "%TYPE": "webanno.custom.PHI",
      "kind": "DATE",
      "begin": 4456,
      "end": 4466,
      "@sofa": 1
    },
    {
      "%ID": 13,
      "%TYPE": "webanno.custom.PHI",
      "kind": "DATE",
      "begin": 4531,
      "end": 4541,
      "@sofa": 1
    },
    {
      "%ID": 14,
      "%TYPE": "webanno.custom.PHI",
      "kind": "DATE",
      "begin": 4671,
      "end": 4681,
      "@sofa": 1
    },
    {
      "%ID": 15,
      "%TYPE": "webanno.custom.PHI",
      "kind": "DATE",
      "begin": 4841,
      "end": 4851,
      "@sofa": 1
    },
    {
      "%ID": 16,
      "%TYPE": "webanno.custom.PHI",
      "kind": "DATE",
      "begin": 4986,
      "end": 4996,
      "@sofa": 1
    },
    {
      "%ID": 17,
      "%TYPE": "webanno.custom.PHI",
      "kind": "DATE",
      "begin": 5165,
      "end": 5175,
      "@sofa": 1
    },
    {
      "%ID": 18,
      "%TYPE": "webanno.custom.PHI",
      "kind": "DATE",
      "begin": 5295,
      "end": 5299,
      "@sofa": 1
    },
    {
      "%ID": 19,
      "%TYPE": "webanno.custom.PHI",
      "kind": "DATE",
      "begin": 5789,
      "end": 5799,
      "@sofa": 1
    },
    {
      "%ID": 20,
      "%TYPE": "webanno.custom.PHI",
      "kind": "DATE",
      "begin": 5861,
      "end": 5871,
      "@sofa": 1
    },
    {
      "%ID": 21,
      "%TYPE": "webanno.custom.PHI",
      "kind": "DATE",
      "begin": 5993,
      "end": 6003,
      "@sofa": 1
    },
    {
      "%ID": 22,
      "%TYPE": "webanno.custom.PHI",
      "kind": "DATE",
      "begin": 6998,
      "end": 7008,
      "@sofa": 1
    },
    {
      "%ID": 23,
      "%TYPE": "webanno.custom.PHI",
      "kind": "DATE",
      "begin": 7322,
      "end": 7332,
      "@sofa": 1
    },
    {
      "%ID": 24,
      "%TYPE": "webanno.custom.PHI",
      "kind": "DATE",
      "begin": 9435,
      "end": 9445,
      "@sofa": 1
    },
    {
      "%ID": 25,
      "%TYPE": "webanno.custom.PHI",
      "kind": "LOCATION_HOSPITAL",
      "begin": 0,
      "end": 85,
      "@sofa": 1
    },
    {
      "%ID": 26,
      "%TYPE": "webanno.custom.PHI",
      "kind": "LOCATION_HOSPITAL",
      "begin": 120,
      "end": 154,
      "@sofa": 1
    },
    {
      "%ID": 27,
      "%TYPE": "webanno.custom.PHI",
      "kind": "LOCATION_HOSPITAL",
      "begin": 162,
      "end": 201,
      "@sofa": 1
    },
    {
      "%ID": 28,
      "%TYPE": "webanno.custom.PHI",
      "kind": "LOCATION_HOSPITAL",
      "begin": 9779,
      "end": 9844,
      "@sofa": 1
    },
    {
      "%ID": 29,
      "%TYPE": "webanno.custom.PHI",
      "kind": "LOCATION_STREET",
      "begin": 445,
      "end": 456,
      "@sofa": 1
    },
    {
      "%ID": 30,
      "%TYPE": "webanno.custom.PHI",
      "kind": "NAME_DOCTOR",
      "begin": 108,
      "end": 119,
      "@sofa": 1
    },
    {
      "%ID": 31,
      "%TYPE": "webanno.custom.PHI",
      "kind": "NAME_DOCTOR",
      "begin": 233,
      "end": 253,
      "@sofa": 1
    },
    {
      "%ID": 32,
      "%TYPE": "webanno.custom.PHI",
      "kind": "NAME_DOCTOR",
      "begin": 9727,
      "end": 9736,
      "@sofa": 1
    },
    {
      "%ID": 33,
      "%TYPE": "webanno.custom.PHI",
      "kind": "NAME_DOCTOR",
      "begin": 9767,
      "end": 9776,
      "@sofa": 1
    },
    {
      "%ID": 34,
      "%TYPE": "webanno.custom.PHI",
      "kind": "NAME_PATIENT",
      "begin": 406,
      "end": 417,
      "@sofa": 1
    },
    {
      "%ID": 35,
      "%TYPE": "webanno.custom.PHI",
      "kind": "NAME_PATIENT",
      "begin": 1399,
      "end": 1404,
      "@sofa": 1
    },
    {
      "%ID": 36,
      "%TYPE": "webanno.custom.PHI",
      "kind": "NAME_PATIENT",
      "begin": 2026,
      "end": 2031,
      "@sofa": 1
    },
    {
      "%ID": 37,
      "%TYPE": "webanno.custom.PHI",
      "kind": "NAME_PATIENT",
      "begin": 2722,
      "end": 2727,
      "@sofa": 1
    },
    {
      "%ID": 38,
      "%TYPE": "webanno.custom.PHI",
      "kind": "NAME_PATIENT",
      "begin": 2976,
      "end": 2981,
      "@sofa": 1
    },
    {
      "%ID": 39,
      "%TYPE": "webanno.custom.PHI",
      "kind": "NAME_PATIENT",
      "begin": 3125,
      "end": 3130,
      "@sofa": 1
    },
    {
      "%ID": 40,
      "%TYPE": "webanno.custom.PHI",
      "kind": "NAME_PATIENT",
      "begin": 7684,
      "end": 7689,
      "@sofa": 1
    },
    {
      "%ID": 41,
      "%TYPE": "webanno.custom.PHI",
      "kind": "NAME_PATIENT",
      "begin": 8665,
      "end": 8677,
      "@sofa": 1
    },
    {
      "%ID": 42,
      "%TYPE": "webanno.custom.PHI",
      "kind": "NAME_PATIENT",
      "begin": 9426,
      "end": 9431,
      "@sofa": 1
    }
  ],
  "%VIEWS": {
    "_InitialView": {
      "%SOFA": 1,
      "%MEMBERS": [
        2,
        3,
        4,
        5,
        6,
        7,
        8,
        9,
        10,
        11,
        12,
        13,
        14,
        15,
        16,
        17,
        18,
        19,
        20,
        21,
        22,
        23,
        24,
        25,
        26,
        27,
        28,
        29,
        30,
        31,
        32,
        33,
        34,
        35,
        36,
        37,
        38,
        39,
        40,
        41,
        42
      ]
    }
  }
}