{
  "%TYPES": {
    "de.tudarmstadt.ukp.dkpro.core.api.segmentation.type.Sentence": {
      "%NAME": "de.tudarmstadt.ukp.dkpro.core.api.segmentation.type.Sentence",
      "%SUPER_TYPE": "uima.tcas.Annotation"
    },
    "webanno.custom.PHI": {
      "%NAME": "webanno.custom.PHI",
      "%SUPER_TYPE": "uima.tcas.Annotation",
      "kind": {
        "%NAME": "kind",
        "%RANGE": "uima.cas.String"
      }
    }
  },
  "%FEATURE_STRUCTURES": [
    {
      "%ID": 1,
      "%TYPE": "uima.cas.Sofa",
      "sofaNum": 1,
      "sofaID": "_InitialView",
      "mimeType": "text",
      "sofaString": "Sehr geehrter Herr Kollege, sehr geehrte Frau Kollegin,\n\nwir berichten über Ihren Patienten Haefner, Heinz, * 21.3.1979, der sich vom 18.11.2023 bis 03.12.2023 in unserer stationären Behandlung befand.\n\nHauptdiagnosen\nZ.n. Rektosigmoideale Resektion mit endständigen Descendostoma nach Hartmann\n\nWeitere Diagnosen\nNikotinabusus\nAxiale Hiatushernie\nNIDDM\nM. Parkinson\nZ.n. Pseudomembranöser Colitis 06/2023\n\nTherapie\nFrustraner Versuch des AP-Wiederanschlusses und AP-Neuanlage am 19.11.2023 CT Abdomen am 21.11.2023\nTransfusion von 2 EK's am 22.11.2023 bei symptomatischer Anämie\n\nHistologie\nBei Entlassung noch ausstehend.\n\nVerlauf\nHerr Haefner stellte sich zur geplanten AP-Rückverlagerung bei Z.n. unklarem Konglomerattumor im rektosigmoidalen Übergang, am ehesten entzündlich bedingt, mit gedeckter Perforation und lokaler Peritonitis am 19.11.2023 vor. Koloskopisch zeigte sich kein Anhalt für ein malignes Geschehen, so dass wir den geplanten Eingriff am 19.11.2023 vornahmen. \n\nIntraoperativ zeigte sich ein nur 2,5 cm langer Rektumstumpf, so dass eine Anastomosierung zu einer Stuhlinkontinenz des Patienten geführt hätte. Daher wurde auf einen Wiederanschluss verzichtet und der AP neu angelegt. \n\nDer postoperative Verlauf gestaltete sich protrahiert bei nur langsam beginnender Stuhlfunktion. Eine symptomatische postoperative Anämie wurde durch Transfusion von zwei EK's erfolgreich behandelt. Die Transfusionen verliefen komplikationslos. Bei massiven Abdominalschmerzen wurde am 21.11.2023 ein CT-Abdomen durchgeführt, wo sich neben postoperativ erwartungsgemäßen Mengen freier Luft und Flüssigkeit auch ein deutliches subkutanes parastomales Hämatom fand. Da im weiteren Verlauf aber der AP zunehmend Stuhl förderte, und sonographisch das Hämatom zunehmend rückläufig war musste hier keine operative Revision vorgenommen werden. Die Wundheilung verlief regelrecht, die Nahtklammern konnten zeitgerecht entfernt werden.\n\nIm weiteren Verlauf gestaltete sich die Mobilisation sehr zögerlich.\nNebenbefundlich zeigte sich in den Laborkontrollen eine zunehmende Thrombozytose, woraufhin eine Thromboseprophylaxe mittels ASS 100mg begonnen wurde.\nAm 03.12.23 konnte Herr Haefner aus unserer stationären Behandlung entlassen werden. Bei Rückfragen dürfen sie uns jederzeit kontaktieren.\n\nEmpfehlung/ Therapieempfehlung\nWir bitten um Laborkontrollen im Verlauf. Das Heben und Tragen schwerer Lasten sowie das Baden sollte für 4 Wochen vermieden werden. Reduktion der Analgetika im beschwerdefreien Intervall.\n\nComputertomographie des Abdomens mit Kontrastmittel vom 21.11.2023\nZustand nach Rektosigmoidresektion mit Anus-praeter-Anlage im linken Unterbauch. Parastomal findet sich ein flächiges subkutanes Hämatom. Angrenzende diffuse Flüssigkeitseinlagerungen im subkutanen Fettgewebe. Zeichen einer Darmatonie mit distendierten und stark luftgefüllten Dünndarmschlingen ohne fassbaren Kalibersprung. Freie Flüssigkeit intraabdominell, z.B. im kleinen Becken sowie interenterisch, perisplenisch und perihepatisch. Unauffällige Anastomose. In erster Linie reaktiv vermehrte Lymphknoten. Freie Luft intraabdominell, z.B. perihepatisch und entlang der inneren Bauchdecken postoperativ. Weichteilemphysem entlang der Bauchwand. Einliegendes Drainagematerial im linken Unterbauch. Beidseitige Pleuraergüsse. Harnblasenkatheter\n\nMit freundlichen, kollegialen Grüßen\n\nDr. med. László Kanyuk PhD"
    },
    {
      "%ID": 2,
      "%TYPE": "webanno.custom.PHI",
      "kind": "DATE",
      "begin": 110,
      "end": 119,
      "@sofa": 1
    },
    {
      "%ID": 3,
      "%TYPE": "webanno.custom.PHI",
      "kind": "DATE",
      "begin": 134,
      "end": 144,
      "@sofa": 1
    },
    {
      "%ID": 4,
      "%TYPE": "webanno.custom.PHI",
      "kind": "DATE",
      "begin": 149,
      "end": 159,
      "@sofa": 1
    },
    {
      "%ID": 5,
      "%TYPE": "webanno.custom.PHI",
      "kind": "DATE",
      "begin": 398,
      "end": 405,
      "@sofa": 1
    },
    {
      "%ID": 6,
      "%TYPE": "webanno.custom.PHI",
      "kind": "DATE",
      "begin": 480,
      "end": 490,
      "@sofa": 1
    },
    {
      "%ID": 7,
      "%TYPE": "webanno.custom.PHI",
      "kind": "DATE",
      "begin": 505,
      "end": 515,
      "@sofa": 1
    },
    {
      "%ID": 8,
      "%TYPE": "webanno.custom.PHI",
      "kind": "DATE",
      "begin": 542,
      "end": 552,
      "@sofa": 1
    },
    {
      "%ID": 9,
      "%TYPE": "webanno.custom.PHI",
      "kind": "DATE",
      "begin": 842,
      "end": 852,
      "@sofa": 1
    },
    {
      "%ID": 10,
      "%TYPE": "webanno.custom.PHI",
      "kind": "DATE",
      "begin": 961,
      "end": 971,
      "@sofa": 1
    },
    {
      "%ID": 11,
      "%TYPE": "webanno.custom.PHI",
      "kind": "DATE",
      "begin": 1493,
      "end": 1503,
      "@sofa": 1
    },
    {
      "%ID": 12,
      "%TYPE": "webanno.custom.PHI",
      "kind": "DATE",
      "begin": 2158,
      "end": 2166,
      "@sofa": 1
    },
    {
      "%ID": 13,
      "%TYPE": "webanno.custom.PHI",
      "kind": "DATE",
      "begin": 2572,
      "end": 2582,
      "@sofa": 1
    },
    {
      "%ID": 14,
      "%TYPE": "webanno.custom.PHI",
      "kind": "LOCATION_CITY",
      "begin": 1578,
      "end": 1584,
      "@sofa": 1
    },
    {
      "%ID": 15,
      "%TYPE": "webanno.custom.PHI",
      "kind": "NAME_DOCTOR",
      "begin": 3377,
      "end": 3390,
      "@sofa": 1
    },
    {
      "%ID": 16,
      "%TYPE": "webanno.custom.PHI",
      "kind": "NAME_PATIENT",
      "begin": 92,
      "end": 106,
      "@sofa": 1
    },
    {
      "%ID": 17,
      "%TYPE": "webanno.custom.PHI",
      "kind": "NAME_PATIENT",
      "begin": 638,
      "end": 645,
      "@sofa": 1
    },
    {
      "%ID": 18,
      "%TYPE": "webanno.custom.PHI",
      "kind": "NAME_PATIENT",
      "begin": 2179,
      "end": 2186,
      "@sofa": 1
    }
  ],
  "%VIEWS": {
    "_InitialView": {
      "%SOFA": 1,
      "%MEMBERS": [
        2,
        3,
        4,
        5,
        6,
        7,
        8,
        9,
        10,
        11,
        12,
        13,
        14,
        15,
        16,
        17,
        18
      ]
    }
  }
}