{
  "%TYPES": {
    "de.tudarmstadt.ukp.dkpro.core.api.segmentation.type.Sentence": {
      "%NAME": "de.tudarmstadt.ukp.dkpro.core.api.segmentation.type.Sentence",
      "%SUPER_TYPE": "uima.tcas.Annotation"
    },
    "webanno.custom.PHI": {
      "%NAME": "webanno.custom.PHI",
      "%SUPER_TYPE": "uima.tcas.Annotation",
      "kind": {
        "%NAME": "kind",
        "%RANGE": "uima.cas.String"
      }
    }
  },
  "%FEATURE_STRUCTURES": [
    {
      "%ID": 1,
      "%TYPE": "uima.cas.Sofa",
      "sofaNum": 1,
      "sofaID": "_InitialView",
      "mimeType": "text",
      "sofaString": "Andrea Ilgner,  21.10.1982, wohnhaft Sporgasse 11, 8010 Graz \n\nWerte Frau Kollegin,\n\nwir berichten Ihnen nachflogend über o. g. Patientin die sich vom 29.07.2023-01.08.2023 in unserer stationären Behandlung befand.\n\nDiagnose \nAkuter Innenmeniskushinterhornriss rechts (S83.2)\nSt.p. Meniskusrefixation (Innen- und Außenmeniskus) rechts am 27.05.2023 \nChondromalazie Kniegelenk rechts (M94.26)\nHypertrophie der Synovilias, anderenorts nicht klassifiziert Unterschenkel [Fibula, Tibia, Kniegelenk] rechts (M67.26)\n\nTherapie Athroskopische Operation am Gelenkknorpel und an den Menisken Meniskusrefixation des Hinterhorns rechts mittel Darts\nAthroskopische Operation an der Synovalias Resektion einer Plica synovilias Kniegelenk \nAthroskopische Operation am Gelenknorpel und an den Menisken Knorpelgättung (Chondroplastik) Kniegelenk  \nChrondromalziegrad Med. Fermur I-II\nSeit 26.07.2023 ohne erinnerliches Traume Schmerzen im Bereich des rechten Kniegelenkes mit Einklemmungssymptomatik medial bei der klinischen Untersuchung. St.p. Meniskusrefixation (Innen- und Außenmeniskus) recht am 27.05.2023. Die Patientin wurde zur stationären Behandlung aufgenommen.\n\nMRT Knie rechts vom 29.07.2023\n1. Teilruptur des vorderen Kreuzbandes\n2. Vertikaler Riss den Innenmeniskushinterhorn (im dorsalen Bereich)\n3. Verdacht auf komplexe Rissbildung im  Außenmeniscushinterhorn (laterals. Anteile nahe des Überganges zum Meniscuskorpus). Die Breite des Rissbildung im Außenmeniskus ist im Vergleich zum Innenmeniscus deutlich geringer geprägt. Darüber hinaus bis auf dezenten Gelenkserguss unauffälliges MRT des re. Kniegelenkes.\nNach entsprechender Vobereitung führten wir den o. g. Eingriff durch, im Vergleich zu Vorathroskopie kein neulicher pathologischer Befund am VKB bei bekannter älterer Teillesion. Der VKB-Rest war in seiner Kontinuität vollständig erhalten. Eine erneute Rißbildung am Außenmeniscus bestätigte sich athroskopisch nicht, die frische Ruptur im Bereich des Innenmeniskushinterhorn wurde durch zwei Darts refixiert.\nEs ergaben sich im intra- und postoperativen Verlauf keine Kompilkationen. Das Reddon konnte nach anfänglicher Sekretion unter Kompressionsbehandlung entfernt werden. Die Wunde heilte primär. Die KG-Mobilisierung erfolgte beschwerdeadaptiert (0-10-60). Eine Effnerschiene wurde postoperativ angepasst.\n\nLabor:\nDie serologischen Parameter liegen im Nomalbereich.\n\nBesonderheiten:\nEfnerschiene postoperativ für 6-8 Wochen\n\nProcedere:\nDie axiale Teilbelastung mit 20kg sollte für insgesamt 4 Wochen Aufrecht erhalten bleiben, danach kann mit dosierten Belastungssteigerung begonnen werden. Die Effnerschiene sollte für 6-8 Wo. getragen werden, Fadenzug bitte am 12. po-Tag. Niedermol. Heparin bis zur Vollbelastung. Eigenständiges isometr. Quadricepstraining mit Umfangskontrolle wird empfohlen. Bei Bewegungsvershclechterung KG-Übungsbehandlung, ggf. Wiedervorstellung. Tragen von AT-Strümpfen bis zu Vollbelastung.\n\nMit freundlichen kollegialen Grüßen,\n\nDr. Kornél Nagy\n\n\n"
    },
    {
      "%ID": 2,
      "%TYPE": "webanno.custom.PHI",
      "kind": "DATE",
      "begin": 16,
      "end": 26,
      "@sofa": 1
    },
    {
      "%ID": 3,
      "%TYPE": "webanno.custom.PHI",
      "kind": "DATE",
      "begin": 151,
      "end": 161,
      "@sofa": 1
    },
    {
      "%ID": 4,
      "%TYPE": "webanno.custom.PHI",
      "kind": "DATE",
      "begin": 162,
      "end": 172,
      "@sofa": 1
    },
    {
      "%ID": 5,
      "%TYPE": "webanno.custom.PHI",
      "kind": "DATE",
      "begin": 338,
      "end": 348,
      "@sofa": 1
    },
    {
      "%ID": 6,
      "%TYPE": "webanno.custom.PHI",
      "kind": "DATE",
      "begin": 873,
      "end": 883,
      "@sofa": 1
    },
    {
      "%ID": 7,
      "%TYPE": "webanno.custom.PHI",
      "kind": "DATE",
      "begin": 1085,
      "end": 1095,
      "@sofa": 1
    },
    {
      "%ID": 8,
      "%TYPE": "webanno.custom.PHI",
      "kind": "DATE",
      "begin": 1178,
      "end": 1188,
      "@sofa": 1
    },
    {
      "%ID": 9,
      "%TYPE": "webanno.custom.PHI",
      "kind": "LOCATION_CITY",
      "begin": 56,
      "end": 60,
      "@sofa": 1
    },
    {
      "%ID": 10,
      "%TYPE": "webanno.custom.PHI",
      "kind": "LOCATION_STREET",
      "begin": 37,
      "end": 49,
      "@sofa": 1
    },
    {
      "%ID": 11,
      "%TYPE": "webanno.custom.PHI",
      "kind": "LOCATION_ZIP",
      "begin": 51,
      "end": 55,
      "@sofa": 1
    },
    {
      "%ID": 12,
      "%TYPE": "webanno.custom.PHI",
      "kind": "NAME_DOCTOR",
      "begin": 2981,
      "end": 2992,
      "@sofa": 1
    },
    {
      "%ID": 13,
      "%TYPE": "webanno.custom.PHI",
      "kind": "NAME_PATIENT",
      "begin": 0,
      "end": 13,
      "@sofa": 1
    }
  ],
  "%VIEWS": {
    "_InitialView": {
      "%SOFA": 1,
      "%MEMBERS": [
        2,
        3,
        4,
        5,
        6,
        7,
        8,
        9,
        10,
        11,
        12,
        13
      ]
    }
  }
}