{
  "%TYPES": {
    "de.tudarmstadt.ukp.dkpro.core.api.segmentation.type.Sentence": {
      "%NAME": "de.tudarmstadt.ukp.dkpro.core.api.segmentation.type.Sentence",
      "%SUPER_TYPE": "uima.tcas.Annotation"
    },
    "webanno.custom.PHI": {
      "%NAME": "webanno.custom.PHI",
      "%SUPER_TYPE": "uima.tcas.Annotation",
      "kind": {
        "%NAME": "kind",
        "%RANGE": "uima.cas.String"
      }
    }
  },
  "%FEATURE_STRUCTURES": [
    {
      "%ID": 1,
      "%TYPE": "uima.cas.Sofa",
      "sofaNum": 1,
      "sofaID": "_InitialView",
      "mimeType": "text",
      "sofaString": "Sehr verehrte Frau Kollegin,\n\nwir berichten Ihnen über Frau Xenia Jadassohn, * 31.12.1953, die sich vom 21.3. bis 21.4.2023 in unserer stat. Behandlung auf Station A23 befand.\n\nDiagnosen: \nNeuroendokriner Tumor des Pancreaskopfes\nNarbenhernie\nZ. n. Thyreoidektomie mit Lymphadenektomie 2019 beipapillärem Schilddrüsen-Karzinom pT2 pN1 M0.Z. n. ablativer J-131-Therapie bei Rezidivverdacht.\nRekurrenzschwäche links.\nZ. n. anteriorer Rektumresektion 2018 bei Rektum-Karzinom pT3 pN0 M0 R0.\nZ. n. Appendektomie.\nArterielle Hypertonie und Hypothyreose.\n\nTherapie:Pancreaskopfresektion nach Whipple und Hernioplastik am 27.03.23\n\nHistologie: \n- 0,6 cm großer, gut bis mäßig diff. neuroendokriner Tumor des Pancreaskopfes nahe der Papilla duodeni. Mehrfache ductale papilläre Hyperplasie (pancr. intraepitheliale Neoplasie 1B/PANIN 1B) im mittl. Verlauf des Pancreaskopfes. Im Übrigen regelrecht differenziertes, exokrines und endokrines Parenchym. Geringgradige chron. fibrosierende, mäßig hyperplastische Cholecystitis mit geringgradiger Cholesteatose der Gallenblasenschleimhaut ohne Malignität.\n\n- Magenteilresektat mit großem Netz: Im Pylorusübergang ektopes Pancreasgewebe. Am distalen Resektionsrand geringgr. chronische Duodenitis. Im restlichen Magen chronische Gastritis mit intestinaler Metaplasie ohne Helicobacterbefall. Resektionsränder frei. Drei tumorfreie Lymphknoten. Tumorfreies großes Netz. Kein Anhalt für Malignität. \n\nVerlauf: Frau Jadassohn wurde uns mit der Verdachtsdiagnose auf einen Pancreaskopftumor zugewiesen. In am 26.1.23 auswärts (Praxis Dr. Kropka) durchgeführten Abdomen-CT zeigte sich eine unauffällige Pancreasregion. In einer am 23.2.23 durchgeführten MRT ebda. zeigte sich in den engen Schichten erkennt man unterhalb der Papille im Pancreaskopf ein hypodenses Areal (bereits im Nativbild), das randständig etwas verstärkt KM aufnimmt. Die KM-Aufnahme liegt nicht wesentlich über der des übrigen Pancreasparenchyms, insgesamt hat der Befund einen DM von 2,1 cm. Daher ca. 2,1 cm große Raumforderung am Unterrand des Pancreaskopfes.\nZur weiteren Diagnostik und Therapie nahmen wir die Patientin daher am 21.3.23 stationär auf. Initial erfolgte die Komplettierung der OP-Vorbereitung wie folgt: \n\nEKG vom 21.3.23:\nSinusrhythmus, normaler Lagetyp.\n\nThorax in 2 Ebenen vom 21.3.23: \nNormale Belüftung beider Lungen ohne nachweisbare frische Infiltrate, Rundherde oder Pleuraergüsse. Cor im Normbereich. Keine Stauungszeichen. Aortenelongation und Aortensklerose.\n\nSonografie vom 23.3.23: \nHomogene Leber, keine Raumforderungen, keine gestauten Gallenwege. Tumor sonografisch nicht darstellbar. Gefäße soweit beurteilbar frei. Nierenzyste links.\n\nKontroll-Rektoskopie vom 23.3.23: Normaler Ruhe- und Kneiftonus. Anastomose unauffällig, kein Anhalt für Rezidiv.\n\nLuFu vom 24.3.23: Leichte periphere Obstruktion, sonst o. B.\n\nNach AZ-Optimierung konnt der o.g. Eingriff am 27.3.23 in komplikationsloser ITN durchgeführt werden. Der postop. Verlauf gestaltete sich sehr schwierig und protrahiert. Erst am 7. postop. Tag konnten wir Frau Jadassohn nach kardio-respiratorischer Rekompensation von unserer Intensivstation I03 auf die Normalstation übernehmen. Die eingelegten Drainagen konnten zeitgerecht entferntwerden. Es zeigten sich zu jeder Zeit reizlose Wundverhältnisse. Da die Pat. im Verlauf deutliche Beschwerden im Oberbauch und rezidivierende Übelkeit entwickelte, nahmen wir den Kostaufbau zurück und führten am 10.4.23 eine obere MDP durch. \n\nObere Magen-Darm-Passage: \nRegelrechter Schluckakt, ungehinderte transösoph. KM-Passage. Regulärer KM-Übertritt in den Restmagen. Der ist deutlich dilatiert und wirkt relativ prall gefüllt. In aufrechter Haltung adäquater KM-Übertritt in die nachgeschaltete Dünndarmschlinge. Kein Nachweis eines KM-Austritts, keine Stenosierung. \n\nBei Hinzutreten von Sodbrennen erhöhten wir daraufhin das orale Pantozol auf 2 x 40 mg und begannen mit 3 x 2 ml Motilium oral. Das führte zögerlich zu einer Besserung der Beschwerdesymptomatik. Allerdings war es der Pat. im Verlauf nicht möglich, adäquate Mengen an Flüssigkeit und Nahrung zu sich zunehmen, sodass wir über einen längeren Zeitraum eine IV-Zusatzernährung durchführten. \n\nBei schlechtem Mobilisationszustand wurde Frau Jadassohn mehrmals täglich von der Physiotherapie betreut. Eine postop. aufgetretene Hypokaliämie wurde über mehrere Tage mit Kalium-Tbl. therapiert. Am 21.4.23 konnten wir Frau Jadassohn dann weitgehend beschwerdefrei mit reizlosen Wundverhältnissen aus unserer stationären Behandlungentlassen. Aus chirurgischer Sicht besteht aufgrund des histologischen Befundes keine Notwendigkeit einer weiteren Therapie. Da sich Frau Jadassohn noch in reduziertem AZ und EZ befindet, wurde für sie ein ambulanter Pflegedienst organisiert. Bei Entlassung der Patientin war das CRP immer noch deutlich erhöht (97,1 mg/l). Daher verordneten wir Ciprobay 250 mg 2 x 1 für 2 Wochen. Wir bitten hier um BB-Kontrollen im Verlauf (auch im Hinblick auf die postop. aufgetretene, ausgeprägte Hypokaliämie). Die aufgrund der noch vorhandenen Wundschmerzen angesetzte Schmerztherapie sollte ebenfalls im Verlauf reduziert und abgesetzt werden.\n\nEntlassungsmedikation:\nPantozol 40 mg 1-0-1\nL-Thyroxin 100 1-0-0\nMetamizol 500 mg 0-0-1\nMotilium 3 x 2 ml\nDiclo 100 Supp. 1 x 1 zur Nacht\nOspur Brause-Tbl. 4 x 1\n\nMit freundlichen kollegialen Grüßen\n\nPriv. Doz. Jan Biedermann\n\n"
    },
    {
      "%ID": 2,
      "%TYPE": "webanno.custom.PHI",
      "kind": "DATE",
      "begin": 79,
      "end": 89,
      "@sofa": 1
    },
    {
      "%ID": 3,
      "%TYPE": "webanno.custom.PHI",
      "kind": "DATE",
      "begin": 104,
      "end": 109,
      "@sofa": 1
    },
    {
      "%ID": 4,
      "%TYPE": "webanno.custom.PHI",
      "kind": "DATE",
      "begin": 114,
      "end": 123,
      "@sofa": 1
    },
    {
      "%ID": 5,
      "%TYPE": "webanno.custom.PHI",
      "kind": "DATE",
      "begin": 286,
      "end": 290,
      "@sofa": 1
    },
    {
      "%ID": 6,
      "%TYPE": "webanno.custom.PHI",
      "kind": "DATE",
      "begin": 448,
      "end": 452,
      "@sofa": 1
    },
    {
      "%ID": 7,
      "%TYPE": "webanno.custom.PHI",
      "kind": "DATE",
      "begin": 615,
      "end": 623,
      "@sofa": 1
    },
    {
      "%ID": 8,
      "%TYPE": "webanno.custom.PHI",
      "kind": "DATE",
      "begin": 1541,
      "end": 1548,
      "@sofa": 1
    },
    {
      "%ID": 9,
      "%TYPE": "webanno.custom.PHI",
      "kind": "DATE",
      "begin": 1662,
      "end": 1669,
      "@sofa": 1
    },
    {
      "%ID": 10,
      "%TYPE": "webanno.custom.PHI",
      "kind": "DATE",
      "begin": 2137,
      "end": 2144,
      "@sofa": 1
    },
    {
      "%ID": 11,
      "%TYPE": "webanno.custom.PHI",
      "kind": "DATE",
      "begin": 2237,
      "end": 2244,
      "@sofa": 1
    },
    {
      "%ID": 12,
      "%TYPE": "webanno.custom.PHI",
      "kind": "DATE",
      "begin": 2303,
      "end": 2310,
      "@sofa": 1
    },
    {
      "%ID": 13,
      "%TYPE": "webanno.custom.PHI",
      "kind": "DATE",
      "begin": 2509,
      "end": 2516,
      "@sofa": 1
    },
    {
      "%ID": 14,
      "%TYPE": "webanno.custom.PHI",
      "kind": "DATE",
      "begin": 2701,
      "end": 2708,
      "@sofa": 1
    },
    {
      "%ID": 15,
      "%TYPE": "webanno.custom.PHI",
      "kind": "DATE",
      "begin": 2800,
      "end": 2807,
      "@sofa": 1
    },
    {
      "%ID": 16,
      "%TYPE": "webanno.custom.PHI",
      "kind": "DATE",
      "begin": 2900,
      "end": 2907,
      "@sofa": 1
    },
    {
      "%ID": 17,
      "%TYPE": "webanno.custom.PHI",
      "kind": "DATE",
      "begin": 3449,
      "end": 3456,
      "@sofa": 1
    },
    {
      "%ID": 18,
      "%TYPE": "webanno.custom.PHI",
      "kind": "DATE",
      "begin": 4402,
      "end": 4409,
      "@sofa": 1
    },
    {
      "%ID": 19,
      "%TYPE": "webanno.custom.PHI",
      "kind": "DATE",
      "begin": 5382,
      "end": 5385,
      "@sofa": 1
    },
    {
      "%ID": 20,
      "%TYPE": "webanno.custom.PHI",
      "kind": "LOCATION_CITY",
      "begin": 4070,
      "end": 4076,
      "@sofa": 1
    },
    {
      "%ID": 21,
      "%TYPE": "webanno.custom.PHI",
      "kind": "NAME_DOCTOR",
      "begin": 1570,
      "end": 1576,
      "@sofa": 1
    },
    {
      "%ID": 22,
      "%TYPE": "webanno.custom.PHI",
      "kind": "NAME_DOCTOR",
      "begin": 5382,
      "end": 5396,
      "@sofa": 1
    },
    {
      "%ID": 23,
      "%TYPE": "webanno.custom.PHI",
      "kind": "NAME_PATIENT",
      "begin": 60,
      "end": 75,
      "@sofa": 1
    },
    {
      "%ID": 24,
      "%TYPE": "webanno.custom.PHI",
      "kind": "NAME_PATIENT",
      "begin": 1449,
      "end": 1458,
      "@sofa": 1
    },
    {
      "%ID": 25,
      "%TYPE": "webanno.custom.PHI",
      "kind": "NAME_PATIENT",
      "begin": 3063,
      "end": 3072,
      "@sofa": 1
    },
    {
      "%ID": 26,
      "%TYPE": "webanno.custom.PHI",
      "kind": "NAME_PATIENT",
      "begin": 4249,
      "end": 4258,
      "@sofa": 1
    },
    {
      "%ID": 27,
      "%TYPE": "webanno.custom.PHI",
      "kind": "NAME_PATIENT",
      "begin": 4427,
      "end": 4436,
      "@sofa": 1
    },
    {
      "%ID": 28,
      "%TYPE": "webanno.custom.PHI",
      "kind": "NAME_PATIENT",
      "begin": 4672,
      "end": 4681,
      "@sofa": 1
    }
  ],
  "%VIEWS": {
    "_InitialView": {
      "%SOFA": 1,
      "%MEMBERS": [
        2,
        3,
        4,
        5,
        6,
        7,
        8,
        9,
        10,
        11,
        12,
        13,
        14,
        15,
        16,
        17,
        18,
        19,
        20,
        21,
        22,
        23,
        24,
        25,
        26,
        27,
        28
      ]
    }
  }
}