{
  "%TYPES": {
    "de.tudarmstadt.ukp.dkpro.core.api.segmentation.type.Sentence": {
      "%NAME": "de.tudarmstadt.ukp.dkpro.core.api.segmentation.type.Sentence",
      "%SUPER_TYPE": "uima.tcas.Annotation"
    },
    "webanno.custom.PHI": {
      "%NAME": "webanno.custom.PHI",
      "%SUPER_TYPE": "uima.tcas.Annotation",
      "kind": {
        "%NAME": "kind",
        "%RANGE": "uima.cas.String"
      }
    }
  },
  "%FEATURE_STRUCTURES": [
    {
      "%ID": 1,
      "%TYPE": "uima.cas.Sofa",
      "sofaNum": 1,
      "sofaID": "_InitialView",
      "mimeType": "text",
      "sofaString": "UNIKLINIK DEPPENDORF\n\nKlinik und Poliklinik \tPadiatrische Onkologie / Hämatologie\n\nZentrum für Integrierte Onkologie\n\nDirektor: Univ.-Prof. Dr.med. Klaus Kortmann\n\n\n\nKawasaki, Mitsou, geb. am 03.02.2027\n\n\nSehr geehrte Frau Kollegin, sehr geehrter Herr Kollege,\n\nWir berichten über o.g. Patienten.  \n \nDiagnose:\nGanglioneuroblastom Stadium 3 präsakral (C47 4).\n\naktuell:\nLokoregionäres Rezidiv des bekannten Ganglioneuroblastoms.\n \nInterkurrente Komplikationen und Erkrankungen se1t 10/32· Rezidivierender hamorrhag1scher Harnwegsinfekt (Pseudomonas), Hydronephrose links, Bronchitis. \n\nTherapie:\n\n- Erstbehandlung\nStanzbiopsie ventral/ rektal.\nTumorresektion (mit Ovarresektion rechts), inkomplett\n1. Chemotherapie (Vincristin/ Etoposid/ Cisplatin),\n2. Chemotherapie (Vincristin/ Cyclophosphamid/  Doxorubicin),\n3. Chemotherapie (Etoposid/ Carboplatin)\n4. Chemotherapie (Vincnstin/ Cyclophosphamid/ Doxorubicin),\n5. Chemotherapie (Etopos1d/ Carboplatin)\n6 Chemotherapie (Vincristin/ Cyclophosphamid). RIST-Therapie (bisher 2 Zyklen),\n\n\n- Zweitbehandlung \nTumorresektion \nDoppel-J-Katheterwechsel \n\nLokale Radiotherapie. 36 Gy, Metronomische Chemotherapie,\n1. Zyklus CCVE\n2. Zyklus CCV\n3  Zyklus CCVE\n4. Zyklus CCV\n5. Zyklus CCVE\n6. Zyklus CCV\n7  Zyklus CCVE\n8. Zyklus CCV\n9. Zyklus CCVE\n10. Zyklus CCV\n11  Zyklus CCV\n12. Zyklus CCV\n \nHWI-Therapie, zuletzt mit Ciprofloxacin, PCP-Prophylaxe mit Pentamidininhalation. Propiverin (Mictonetten)\nRezidivtherapie\nZyklus N8: geplant\n\nAnamnese:\nZur ausf. Anamnese verweisen wir auf zurückliegende Arztbriefe zuletzt aus unserer Einrichtung vom 14.10.2033. Wir berichteten dort bereits über den Verdacht auf Rezidiv des bek. Ganglioneuroblastoms. In der MRT-Bildgebung des Abdomens vom 17.09.2033 zeigte sich eine neue aufgetretene 1.6 x 1.8 cm messende Raumforderung links retroperitoneal im Bereich des Grenzstranges links. Über die erweiterten Staginguntersuchungen und über die geplante Therapie möchten wir im Folgenden berichten.\n\nKlinischer Befund:\n\n6-jahriger Junge in gutem AZ und EZ  Cor rein und rhythmisch. Pulmo bds. vesikuläres  AG. Abdomen weich, tief palpabel. Keine pathologische Resistenz. Keine Hepatosplenomegalie. Kein palpabler Tumor tastbar. Altersentsprechende Entwicklung. Peripherer Lymphknotenstatus regelrecht.\n\nLabor:\nLaborwerte vom 21.10 2033:\nLeukozyten 3.610/µl, Hb 9,6 g/dl, Thrombozyten 221.000/µl. Normwerte für Elektrolyte, Eiweiß, Albumin, Kreatinin. Harnsäure, GOT, GPT, Gamma-GT, Bilirubin, LOH und Lipase. CRP mit 5,9 mg/l und Harnstoff mit 55 mg/ dl minimal erhöht.\n\nTumormarker:\nNSE vom 21.10.2033 minimal erhöht mit 26,3 µg/1\n\nUrinkatecholaminausscheidung  im Verlauf normal: 26 09.2033 mit HVS 0,91 fach und VMS 0,75 fach des oberen Normwertes\n\nKnochenmark:\n\nKnochenmarkuntersuchung vom 09.10.2033\nZytologisch kein Nachweis von Tumorzellen. Immunzytologisch kein Nachweis von Tumorzellen.\n\nBildgebende Befunde:\n\nMIBG-Szintigraphie vom 10 und 11.10.2033:\nLinks abdominal mäßige pathologische MIBG-Anreicherung Schriftlicher Befund ausstehend.\n\nZusammenfassung und Beurteilung:\nIn der aktuellen MIBG-Szintigraphie zeigt sich in Korrelation zu dem rezidivverdächtigen MRT-Befund links retroperitoneal eine pathologische MIBG-Speicherung. In Zusammenschau wurden die Befunde als lokoregionäres Rezidiv des Ganglioneuroblastoms  gewertet. In den Knochenmarkuntersuchungen kein Hinweis auf Knochenmarkbefall.\n\nAls Therapiekonzept wird folgende Behandlung geplant: Nach Anlage eines Broviakatheters soll ein neoadjuvanter Chemotherapiezyklus N8 (nach Protokoll NB2004 High Risk mit Topotecan, Cyclophosphamid, Etoposid) durchgeführt werden. Im Anschluss wird eine Tumorbiopsie zur histologischen Sicherung und zur Evaluation von \"drugable targets\" empfohlen. Eine komplette Tumorresektion wird voraussichtlich nicht möglich sein. Nach Durchführung eines 2. NB Zyklus sollen erneute Staginguntersuchung erfolgen. Bei Therapieansprechen empfehlen wir zwei weitere N8-Zyklen, gefolgt von einer Hochdosis-Chemotherapie (Konditionierung z.B. mit Melphalan, Etoposid, Carboplatin} mit autolagern Stammzellrescue. ggf. in Kombination mit einer MIBG-Therapie  Für die Hochdosistherapie ist die vorherige Gewinnung von autologen Stammzellen erforderlich (Stammzellapherese z.B. nach 1. Block N8)  Als Erhaltungstherapie kann eine Antikörpertherapie (monoklonaler Antikorper Ch14.18. Anti-GD2) diskutiert werden.\n\n \nÜber den weiteren Verlauf werden wir berichten und verbleiben mit freundlichen kollegialen Grüßen\n\nProf. Dr. med. V. Jäger\nOberarzt. Kinderonkologie und -hamatolog1e\n \n\nDr  med. L. Rombach\nFacharzt für Kinder- und Jugendmedizin\n \n\n\n"
    },
    {
      "%ID": 2,
      "%TYPE": "webanno.custom.PHI",
      "kind": "DATE",
      "begin": 192,
      "end": 202,
      "@sofa": 1
    },
    {
      "%ID": 3,
      "%TYPE": "webanno.custom.PHI",
      "kind": "DATE",
      "begin": 482,
      "end": 487,
      "@sofa": 1
    },
    {
      "%ID": 4,
      "%TYPE": "webanno.custom.PHI",
      "kind": "DATE",
      "begin": 1586,
      "end": 1596,
      "@sofa": 1
    },
    {
      "%ID": 5,
      "%TYPE": "webanno.custom.PHI",
      "kind": "DATE",
      "begin": 1727,
      "end": 1737,
      "@sofa": 1
    },
    {
      "%ID": 6,
      "%TYPE": "webanno.custom.PHI",
      "kind": "DATE",
      "begin": 2303,
      "end": 2313,
      "@sofa": 1
    },
    {
      "%ID": 7,
      "%TYPE": "webanno.custom.PHI",
      "kind": "DATE",
      "begin": 2570,
      "end": 2580,
      "@sofa": 1
    },
    {
      "%ID": 8,
      "%TYPE": "webanno.custom.PHI",
      "kind": "DATE",
      "begin": 2660,
      "end": 2670,
      "@sofa": 1
    },
    {
      "%ID": 9,
      "%TYPE": "webanno.custom.PHI",
      "kind": "DATE",
      "begin": 2663,
      "end": 2670,
      "@sofa": 1
    },
    {
      "%ID": 10,
      "%TYPE": "webanno.custom.PHI",
      "kind": "DATE",
      "begin": 2772,
      "end": 2782,
      "@sofa": 1
    },
    {
      "%ID": 11,
      "%TYPE": "webanno.custom.PHI",
      "kind": "DATE",
      "begin": 2927,
      "end": 2937,
      "@sofa": 1
    },
    {
      "%ID": 12,
      "%TYPE": "webanno.custom.PHI",
      "kind": "DATE",
      "begin": 3541,
      "end": 3545,
      "@sofa": 1
    },
    {
      "%ID": 13,
      "%TYPE": "webanno.custom.PHI",
      "kind": "LOCATION_HOSPITAL",
      "begin": 0,
      "end": 20,
      "@sofa": 1
    },
    {
      "%ID": 14,
      "%TYPE": "webanno.custom.PHI",
      "kind": "LOCATION_HOSPITAL",
      "begin": 22,
      "end": 81,
      "@sofa": 1
    },
    {
      "%ID": 15,
      "%TYPE": "webanno.custom.PHI",
      "kind": "LOCATION_HOSPITAL",
      "begin": 4565,
      "end": 4611,
      "@sofa": 1
    },
    {
      "%ID": 16,
      "%TYPE": "webanno.custom.PHI",
      "kind": "NAME_DOCTOR",
      "begin": 148,
      "end": 162,
      "@sofa": 1
    },
    {
      "%ID": 17,
      "%TYPE": "webanno.custom.PHI",
      "kind": "NAME_DOCTOR",
      "begin": 4498,
      "end": 4506,
      "@sofa": 1
    },
    {
      "%ID": 18,
      "%TYPE": "webanno.custom.PHI",
      "kind": "NAME_DOCTOR",
      "begin": 4562,
      "end": 4572,
      "@sofa": 1
    }
  ],
  "%VIEWS": {
    "_InitialView": {
      "%SOFA": 1,
      "%MEMBERS": [
        2,
        3,
        4,
        5,
        6,
        7,
        8,
        9,
        10,
        11,
        12,
        13,
        14,
        15,
        16,
        17,
        18
      ]
    }
  }
}