{
  "%TYPES": {
    "de.tudarmstadt.ukp.dkpro.core.api.segmentation.type.Sentence": {
      "%NAME": "de.tudarmstadt.ukp.dkpro.core.api.segmentation.type.Sentence",
      "%SUPER_TYPE": "uima.tcas.Annotation"
    },
    "webanno.custom.PHI": {
      "%NAME": "webanno.custom.PHI",
      "%SUPER_TYPE": "uima.tcas.Annotation",
      "kind": {
        "%NAME": "kind",
        "%RANGE": "uima.cas.String"
      }
    }
  },
  "%FEATURE_STRUCTURES": [
    {
      "%ID": 1,
      "%TYPE": "uima.cas.Sofa",
      "sofaNum": 1,
      "sofaID": "_InitialView",
      "mimeType": "text",
      "sofaString": "Definitiver Arztbrief\n \nHelmfried Koenig * 13.09.1955\n\nArztbrief\n \n\n2024-09-16\nDiagnosen\n\n9. Zyklus einer Chemotherapie mit Carboplatin bei Z. n. Amputation Kleinfinger re wegen ulzeriertem MM, Level V, Tumordicke größer 4mm 6/24\nMultiple kutan-subkutane Metastasen / thoracal und axillär re\nLK-Metastasen / Axilla re (ED 9/23)\nFil. pulm. (ED 9/23)\nBenigne essentielle Hypertonie\nAV-Block 3. grades\nTotalexzision einer subkutanen Melanommetastase (Histologie: Entfernung in sano) / Ellenbeuge re\nTotalexzision einer subkutanen Melanommetastase (Histologie: Entfernung in sano) / Handrücken rechts proximal\n\nSt. p. sen. node Biopsie / Axilla re (Lymphknotenmeta eines MM) 6/22\nSt. p. axilläre LK Disektion re (16 Metastasenfreie LK) 9.7.22\nSt. p. 1. Chemotherapie mit DTIC 6.10. bis 9.10.2023 (Abbruch wegen Anstieg der Leberparameter und Eosinophilie)\nSt. p. Radiatio re axillär (13. - 24.10.2023, Abbruch wg. Erysipel)\nSt. p. Karbunkel / occipital (12/08) (C43.6)\nOrganisches Psychosyndrom in 1. L. im Sinne einer Demenz\n \nTherapieempfehlung\n\nRisperdal 1 mg 0/0/1\nNavoban Kps. 1x1 bis einschließlich 13.9.24\n \nWeiteres Vorgehen\n\nBlutbildkontrolle in 1 Woche beim Hausarzt \n\nStationäre Wiederaufnahme am 14.10.2024, 8.00 Uhr auf Station 4A. Ein Termin in der Gedächtnisambulanz wurde unsererseits für den 14.10.24, 10.00 Uhr organisiert - bitte Lesebrille mitbringen sowie eine Begleitperson.\n\nZusammenfassung\n\nDie stat. Aufnahme Ihres Pat. erfolgte zum geplanten 9. Zyklus einer Chemotherapie mit Carboplatin. Im extern durchgeführten CT Schädel bis Becken vom 18.8.2024 zeigte sich eine suspekte Kleinhirnmetastase rechts. Zusätzlich zeigte sich im Harn eine ausgeprägte Leukozyturie, weshalb vorerst von einer Chemotherapie Abstand genommen wurde und ein MR des Schädels sowie eine Antibiose mit Ciproxin durchgefürhrt wurde. Im MR Schädel konnte eine cerebrale Metastasierung ausgeschlossen werden.\nAm 9.9.2024 erhielt der Pat. die Chemotherapie mit Carboplatin (200mg) unter entsprechender antiemetischer Begleitmedikation. Die Chemotherapie wurde vom Patienten gut vertragen.\nDa Herr K. zunehmend örtlich und situativ desorientiert war, wurde mehrmals ein neurologisches Konsil sowie ein psychiatrisches Konsil einberufen (Befunde siehe hinten). Eine Therapie mit Risperdal wurde eingeleitet und eine Kontrolle in der Gedächtnisambulanz terminisiert.\nDer Patient konnte am 10.9.2024 nach einer abschließenden Blutbildkontrolle in ordentl. AZ nach Hause entlassen werden.\n\n Relevante Befunde\n\nLabor : 2.9.2024:\nEry 3,19, Hämatokrit 31,8, MCH 33,4, Harnstoff 41, GFR 42,18, AST 30, ALT 57, CK 163, CKMB 25, LDH 294.\n\n3.9.2024:\nHarn: Leuko 500, Nitrit neg., Sediment: Ery 44, Leuko 1757, PSE 7,\nBakterien mäßiggr.\n\n7.9.2024:\nEry 3,57, GFR 44,76, AST 41, ALT 56, Glukose 140.\n\n10.9.2024:\nLeuko 4,28, Ery 3,80.\n\nEKG 6.9.2024:\nSR 100/min, Kammerfrequenz 45/min, AV-Block III, LT, inkompletter RSB\n\nBildgebende Untersuchungen : MR des Gehirnschädels v. 2.9.2024: Drei maximal knapp unter 1 cm große Suszeptibilitätsartefakte: einerseits in der rechten Kleinhirnhemisphäre sowie supratentoriell parietal rechts und eine ganz kleine parietal links, in erster Linie Cavernomen entsprechend. Kein pathologisches Kontrastmittelenhancement im Sinne von metastasenverdächtigen Veränderungen.\nDeutliche fleckig konfluierende Marklagerhyperintensitäten in beiden Großhirnhemisphären, microangiopathischer Genese. Deutliche Ausweitung der inneren und äußeren Liquorräume, akzentuiert um den Temporalpol rechts. Kein Hinweis auf Liquorabflussstörung.\nKein Nachweis rezent ischämischer Läsionen.\n\nNebenbefund:\nSchleimhautschwellung mit Sekretspiegel im Sinus maxillaris dext. \nKonsiliarbefunde : Psychiatrischer Konsiliarbefund v. 3.9.2024: Diagnose: Verd. a. beginnende organische Halluzinose. Therapie: neurolog. Konsil, bei Persistenz der visuell optischen Halluzination. Therapieversuch mit Risperdal.\n\nNeurologisches Konsil v. 4.9.2024:\nSt.p. Halluzinatorischer Phase.\nOrganisches Psychosyndrom in 1. L. im Sinne einer Demenz. Therapie weiter wie eingeleitet. Kontrolle in der Demenzambulanz der Neurolog. Klinik. Bei Unruhezuständen wie von der Psychiatrie empfohlen Risperdal ½-1 abends.\nNeurologisches Konsil v. 8.9.2024:\nBeurteilung: Dementielles Syndrom, cerebrale Mikroangiopathie. Procedere: Lt. MR keine ZNS-Metastasen, Carboplatin macht periphere Neuropathie u. gelegentlich Halluziationen u. Angstzustände als mögliche Nebenwirkungen des Nervensystems.\n\nMedikation bei Entlassung:\nXalatan Augentropfen 1xtägl.\nLasix 40mg 1-0-0\nSpironolakton 25mg 0-1-0 \n\nMit kolleg. Grüßen\n\nPriv.-Doz. Cornelia Müller\n\n"
    },
    {
      "%ID": 2,
      "%TYPE": "webanno.custom.PHI",
      "kind": "DATE",
      "begin": 43,
      "end": 53,
      "@sofa": 1
    },
    {
      "%ID": 3,
      "%TYPE": "webanno.custom.PHI",
      "kind": "DATE",
      "begin": 68,
      "end": 78,
      "@sofa": 1
    },
    {
      "%ID": 4,
      "%TYPE": "webanno.custom.PHI",
      "kind": "DATE",
      "begin": 225,
      "end": 229,
      "@sofa": 1
    },
    {
      "%ID": 5,
      "%TYPE": "webanno.custom.PHI",
      "kind": "DATE",
      "begin": 322,
      "end": 326,
      "@sofa": 1
    },
    {
      "%ID": 6,
      "%TYPE": "webanno.custom.PHI",
      "kind": "DATE",
      "begin": 343,
      "end": 347,
      "@sofa": 1
    },
    {
      "%ID": 7,
      "%TYPE": "webanno.custom.PHI",
      "kind": "DATE",
      "begin": 671,
      "end": 675,
      "@sofa": 1
    },
    {
      "%ID": 8,
      "%TYPE": "webanno.custom.PHI",
      "kind": "DATE",
      "begin": 732,
      "end": 738,
      "@sofa": 1
    },
    {
      "%ID": 9,
      "%TYPE": "webanno.custom.PHI",
      "kind": "DATE",
      "begin": 772,
      "end": 777,
      "@sofa": 1
    },
    {
      "%ID": 10,
      "%TYPE": "webanno.custom.PHI",
      "kind": "DATE",
      "begin": 782,
      "end": 791,
      "@sofa": 1
    },
    {
      "%ID": 11,
      "%TYPE": "webanno.custom.PHI",
      "kind": "DATE",
      "begin": 880,
      "end": 882,
      "@sofa": 1
    },
    {
      "%ID": 12,
      "%TYPE": "webanno.custom.PHI",
      "kind": "DATE",
      "begin": 886,
      "end": 896,
      "@sofa": 1
    },
    {
      "%ID": 13,
      "%TYPE": "webanno.custom.PHI",
      "kind": "DATE",
      "begin": 950,
      "end": 955,
      "@sofa": 1
    },
    {
      "%ID": 14,
      "%TYPE": "webanno.custom.PHI",
      "kind": "DATE",
      "begin": 1101,
      "end": 1108,
      "@sofa": 1
    },
    {
      "%ID": 15,
      "%TYPE": "webanno.custom.PHI",
      "kind": "DATE",
      "begin": 1204,
      "end": 1214,
      "@sofa": 1
    },
    {
      "%ID": 16,
      "%TYPE": "webanno.custom.PHI",
      "kind": "DATE",
      "begin": 1305,
      "end": 1313,
      "@sofa": 1
    },
    {
      "%ID": 17,
      "%TYPE": "webanno.custom.PHI",
      "kind": "DATE",
      "begin": 1562,
      "end": 1571,
      "@sofa": 1
    },
    {
      "%ID": 18,
      "%TYPE": "webanno.custom.PHI",
      "kind": "DATE",
      "begin": 1906,
      "end": 1914,
      "@sofa": 1
    },
    {
      "%ID": 19,
      "%TYPE": "webanno.custom.PHI",
      "kind": "DATE",
      "begin": 2379,
      "end": 2388,
      "@sofa": 1
    },
    {
      "%ID": 20,
      "%TYPE": "webanno.custom.PHI",
      "kind": "DATE",
      "begin": 2506,
      "end": 2514,
      "@sofa": 1
    },
    {
      "%ID": 21,
      "%TYPE": "webanno.custom.PHI",
      "kind": "DATE",
      "begin": 2621,
      "end": 2629,
      "@sofa": 1
    },
    {
      "%ID": 22,
      "%TYPE": "webanno.custom.PHI",
      "kind": "DATE",
      "begin": 2718,
      "end": 2726,
      "@sofa": 1
    },
    {
      "%ID": 23,
      "%TYPE": "webanno.custom.PHI",
      "kind": "DATE",
      "begin": 2779,
      "end": 2788,
      "@sofa": 1
    },
    {
      "%ID": 24,
      "%TYPE": "webanno.custom.PHI",
      "kind": "DATE",
      "begin": 2817,
      "end": 2825,
      "@sofa": 1
    },
    {
      "%ID": 25,
      "%TYPE": "webanno.custom.PHI",
      "kind": "DATE",
      "begin": 2952,
      "end": 2960,
      "@sofa": 1
    },
    {
      "%ID": 26,
      "%TYPE": "webanno.custom.PHI",
      "kind": "DATE",
      "begin": 3718,
      "end": 3726,
      "@sofa": 1
    },
    {
      "%ID": 27,
      "%TYPE": "webanno.custom.PHI",
      "kind": "DATE",
      "begin": 3919,
      "end": 3927,
      "@sofa": 1
    },
    {
      "%ID": 28,
      "%TYPE": "webanno.custom.PHI",
      "kind": "DATE",
      "begin": 4207,
      "end": 4215,
      "@sofa": 1
    },
    {
      "%ID": 29,
      "%TYPE": "webanno.custom.PHI",
      "kind": "NAME_DOCTOR",
      "begin": 4587,
      "end": 4602,
      "@sofa": 1
    },
    {
      "%ID": 30,
      "%TYPE": "webanno.custom.PHI",
      "kind": "NAME_PATIENT",
      "begin": 24,
      "end": 40,
      "@sofa": 1
    },
    {
      "%ID": 31,
      "%TYPE": "webanno.custom.PHI",
      "kind": "NAME_PATIENT",
      "begin": 2090,
      "end": 2091,
      "@sofa": 1
    }
  ],
  "%VIEWS": {
    "_InitialView": {
      "%SOFA": 1,
      "%MEMBERS": [
        2,
        3,
        4,
        5,
        6,
        7,
        8,
        9,
        10,
        11,
        12,
        13,
        14,
        15,
        16,
        17,
        18,
        19,
        20,
        21,
        22,
        23,
        24,
        25,
        26,
        27,
        28,
        29,
        30,
        31
      ]
    }
  }
}