{
  "%TYPES": {
    "de.tudarmstadt.ukp.dkpro.core.api.segmentation.type.Sentence": {
      "%NAME": "de.tudarmstadt.ukp.dkpro.core.api.segmentation.type.Sentence",
      "%SUPER_TYPE": "uima.tcas.Annotation"
    },
    "webanno.custom.PHI": {
      "%NAME": "webanno.custom.PHI",
      "%SUPER_TYPE": "uima.tcas.Annotation",
      "kind": {
        "%NAME": "kind",
        "%RANGE": "uima.cas.String"
      }
    }
  },
  "%FEATURE_STRUCTURES": [
    {
      "%ID": 1,
      "%TYPE": "uima.cas.Sofa",
      "sofaNum": 1,
      "sofaID": "_InitialView",
      "mimeType": "text",
      "sofaString": "Sehr geehrter Herr Dr. Albers, \n\nwir berichten über unseren gemeinsamen Patienten Herrn Klaus Neubauer, * 23.11.1999, wohnhaft 73333 Gingen, der sich in der Zeit vom 21.02.2024 bis 25.02.2024 in der stationärer Behandlung in unserer Klinik befand. \n\nDiagnosen (ICD 10): \nPsychische und Verhaltensstörungen durch Opioide und Opiate: Schädlicher Gebrauch (F11.1) \nAnamn. Psychische und Verhaltensstörungen durch Alkohol: schädlicher Gebrauch (F10.2) , (F10.1) \nsonstige abnorme Gewohnheiten und Störungen der Impulkontrolle  \n\nAufnahme Modus / aktuelle Anamnese: \nPatient kommt zur Aufnahme nach Telefonischer Ankündigung durch PIA. Patient in Behandlung bei Fr. OÄ Schönfeld in PIA. \nPatient berichtet im Aufnahme Gespräch dass, ihm geht in der letzten Zeit schlecht, könne nicht schlafen, habe versucht mit der Seroquel-Dosis von alleine hoch zu gehen, nahm gestern 2250 mg Seroquel Prolong, verschriebene Dosis sei 50 mg Seroquel Prolong. \nEr gibt an, seit Ende Januar keine Drogen mehr zu nehmen, stattdessen rauche er ab und zu Mal Cannabis, beklagt agressive Impulse, innere Unruhe, Opiat Verlangen und wolle von Opiate Substituiert werden. \nPat. ist im Haus bekannt, mehrere Aufenthalte auf PSY13, zuvor auf KJPP-2, zuletzt vom 26.10.2019 bis 20.12.2019. \n\nSuchtmittel Anamnese: \nAlkohol: seit Winter 2023 abstinent, vorher regelmäßig täglicher Konsum ca. 6 Wodka / Tag. \nCannabis: ab und zu Mal, in der letzten Zeit Mehr Öfter, zuletzt vor 2 Tagen. \nOpiate: (Heroin, Morphium, Metadon, Opium, Subutex, Tilidin, Tramadol, Codein) sei seit Dezember 2016 clean, vorher regelmäßig 32 mg Subutex nasal, immer wieder Heroin und gelegentlich Kokain. Morphium, Methadon, Opium, Tilidin, Tramadol und Codein war nur eine Nebensache). \nAmphetamine und Benzodiazepine nur Selten. \nNikotin: ca. 12-13 Schachtel / Tag, vor Einweisung 7-8 Packungen / Tag. \n\nSoziale Anamnese: \nPatient wohnt bei den Eltern, abgemeldet von Arbeit wegen Entzug und Krankheit, vorher bei Bildungszentrum in Stuttgart im Büro, sei ledig, habe keine Partnerin. \n\nVegetative Anamnese: \nEin- und Durchschlafstörungen, Miktion und Defäktion seien normal, normaler Appetit, Krampfanfälle und Delir seien werden verneint. \n\nBisherige Medikation: \nSeroquel Prolong 0-0-0-50 mg. \nPromethazin 200 mg. \nMirtazapin 90 mg. \n\nMedikamenten Unverträglichkeit / Allergien: \nHeuschnupfen. \n\nPsychische Aufnahme Befund: \nPatient ist wach, wesentlicher orientiert, kooperativ, auskunftsbereit, keine mnestische Defizite, gedrückte Stimmung, unruhig, formale Gedankengang geordnet, misstraue Gefühle, kein H. a. optische oder akustische Halluzinationen, suizidaler Wunsch ohne aktuelle Gedanken, Patient ist absprachefähig, keine eigen oder Fremdgefährdung. \n\nAufnahme Körperliche Befunde: \nReduzierter Allgemeinzustand und guter Ernährungszustand. \nKopf und Hals unauffällig. \nCor: Herztöne rein, keine Herzgeräusche, Herzaktion rhythmisch. \nPulmo: vesikuläres Atemgeräusch bei beidseits seitengleich belüftet Lunge. Keine Rasselgeräusche, kein Giemen, kein Brummen, kein Pleuareiben. \n\nAbdomen: weich, kein DS, kein pathologischen Resistenzen, DG lebhaft in allen 4 Quadranten. Leber in Größe und Konsistenz regelrecht. Die Milz nicht vergrößert tastbar. Nierenlanger frei. \nWirbelsäule: kein Klopfschmerz, kein Stauchungsschmerz. \nExtremitäten: frei beweglich, warm, keine Ödeme. Kein Hinweis auf entzündliches Gelenkserkrankung. \n\nNeurologisch: \nKein Menginismus. \nHirnnerven: kein Exophthalmus, Lidspaltenweite regelrecht, Pupillen rund, mittelweit, isochor, kein Spontanystagmus, kein Blickrichtungsnystagmus, Zungenmotilität intakt, übriger Hirnnervenstatus ebenfalls unauffällig. \nReflexe: MEHR seitengleich auslösbar. Babinsky beidseits negativ. \nMotorik: Keine manifeste Parese der oberen/unteren Extremitäten. \nSensibilität: Oberflächensensibilität intakt sei angegeben. \nKoordination: Eudiadochokinese beidseits, Feinmotorik der Hände erhalten, Stand, Gang, erschwerte Gangproben unauffällig. \n\nLabor: \nsiehe Anlage \n\nTherapie und Verkauf \nDie Aufnahme des Patienten erfolgt nach der Einweisung durch PIA. Der Patient ist durch die stationäre Aufnahme deutlich belastet. Opiatsubstitution wurde vom Patient gewünscht, dies jedoch nicht realisiert, da besteht aktuell keine Medizinische Indikation dafür nicht. \nIm Verlauf beklagte der Patient innere Unruhe und sehr aggressive Impulse, diesbezüglich wurde mehrere Gabe von Mellneurin, Atosil und Seroquel mit Abstand, in Versuch die Unruhe zu beseitigen, dies hat ihm aber nicht geholfen. Er schlug mit seiner Kopf gegen Wände und randalierte. Er legte auch ein Feuer in der Station welches aber, durch die Feuerwehr schnell erlischt wurde. Er rauchte, ebenfalls oft unerlaubt im Flur oder im Schlafzimmer statt im Raucherzimmer. Herr Neubauer hatte ebenso öfteres Konflikte mit anderen Patienten, wo wir ihn zum Schutz fixieren musste, da er das Leben Anderer gefährdete. Als er bereits fixiert war, waren wir gezwungen, Herr Neubauer mit Polamidon ruhig zustellen, da er dem Arzt ins Gesicht spuckte und mit einer enorme Lautstärke Rum geflucht hatte. \nHerr Neubauer forderte seine Entlassung. In ausführlichem Gespräch wurde ihm die Kontaktaufnahme zu der PIA sowie Suchtberatungsstelle empfohlen, daher zeigte sich der Patient dafür bereit und begeistert. \nBei Entlassung besteht keine Rückhaltgrünen, sodass wir Herrn Neubauer am heutigen 25.02.2014 in ihre hausärztliche Betreung entlassen. \nEine jederzeitige Kontaktaufnahme bei Probleme wurde abgesprochen. \n\nEntlassungsmedikation: keine \nMit freundlichen kollegialen Grüßen \n\nDr. med. Vasyl Oleksandrovych Lavrynenko  \n \n"
    },
    {
      "%ID": 2,
      "%TYPE": "webanno.custom.PHI",
      "kind": "CONTACT_PHONE",
      "begin": 127,
      "end": 132,
      "@sofa": 1
    },
    {
      "%ID": 3,
      "%TYPE": "webanno.custom.PHI",
      "kind": "DATE",
      "begin": 106,
      "end": 116,
      "@sofa": 1
    },
    {
      "%ID": 4,
      "%TYPE": "webanno.custom.PHI",
      "kind": "DATE",
      "begin": 166,
      "end": 176,
      "@sofa": 1
    },
    {
      "%ID": 5,
      "%TYPE": "webanno.custom.PHI",
      "kind": "DATE",
      "begin": 181,
      "end": 191,
      "@sofa": 1
    },
    {
      "%ID": 6,
      "%TYPE": "webanno.custom.PHI",
      "kind": "DATE",
      "begin": 963,
      "end": 969,
      "@sofa": 1
    },
    {
      "%ID": 7,
      "%TYPE": "webanno.custom.PHI",
      "kind": "DATE",
      "begin": 1233,
      "end": 1243,
      "@sofa": 1
    },
    {
      "%ID": 8,
      "%TYPE": "webanno.custom.PHI",
      "kind": "DATE",
      "begin": 1248,
      "end": 1258,
      "@sofa": 1
    },
    {
      "%ID": 9,
      "%TYPE": "webanno.custom.PHI",
      "kind": "DATE",
      "begin": 1299,
      "end": 1310,
      "@sofa": 1
    },
    {
      "%ID": 10,
      "%TYPE": "webanno.custom.PHI",
      "kind": "DATE",
      "begin": 1544,
      "end": 1557,
      "@sofa": 1
    },
    {
      "%ID": 11,
      "%TYPE": "webanno.custom.PHI",
      "kind": "DATE",
      "begin": 5357,
      "end": 5367,
      "@sofa": 1
    },
    {
      "%ID": 12,
      "%TYPE": "webanno.custom.PHI",
      "kind": "LOCATION_CITY",
      "begin": 1979,
      "end": 1988,
      "@sofa": 1
    },
    {
      "%ID": 13,
      "%TYPE": "webanno.custom.PHI",
      "kind": "NAME_DOCTOR",
      "begin": 23,
      "end": 29,
      "@sofa": 1
    },
    {
      "%ID": 14,
      "%TYPE": "webanno.custom.PHI",
      "kind": "NAME_DOCTOR",
      "begin": 5557,
      "end": 5588,
      "@sofa": 1
    },
    {
      "%ID": 15,
      "%TYPE": "webanno.custom.PHI",
      "kind": "NAME_PATIENT",
      "begin": 82,
      "end": 102,
      "@sofa": 1
    },
    {
      "%ID": 16,
      "%TYPE": "webanno.custom.PHI",
      "kind": "NAME_PATIENT",
      "begin": 642,
      "end": 652,
      "@sofa": 1
    },
    {
      "%ID": 17,
      "%TYPE": "webanno.custom.PHI",
      "kind": "NAME_PATIENT",
      "begin": 661,
      "end": 673,
      "@sofa": 1
    },
    {
      "%ID": 18,
      "%TYPE": "webanno.custom.PHI",
      "kind": "NAME_PATIENT",
      "begin": 4748,
      "end": 4756,
      "@sofa": 1
    },
    {
      "%ID": 19,
      "%TYPE": "webanno.custom.PHI",
      "kind": "NAME_PATIENT",
      "begin": 4940,
      "end": 4948,
      "@sofa": 1
    },
    {
      "%ID": 20,
      "%TYPE": "webanno.custom.PHI",
      "kind": "NAME_PATIENT",
      "begin": 5073,
      "end": 5081,
      "@sofa": 1
    },
    {
      "%ID": 21,
      "%TYPE": "webanno.custom.PHI",
      "kind": "NAME_PATIENT",
      "begin": 5336,
      "end": 5344,
      "@sofa": 1
    }
  ],
  "%VIEWS": {
    "_InitialView": {
      "%SOFA": 1,
      "%MEMBERS": [
        2,
        3,
        4,
        5,
        6,
        7,
        8,
        9,
        10,
        11,
        12,
        13,
        14,
        15,
        16,
        17,
        18,
        19,
        20,
        21
      ]
    }
  }
}