{
  "%TYPES": {
    "de.tudarmstadt.ukp.dkpro.core.api.segmentation.type.Sentence": {
      "%NAME": "de.tudarmstadt.ukp.dkpro.core.api.segmentation.type.Sentence",
      "%SUPER_TYPE": "uima.tcas.Annotation"
    },
    "webanno.custom.PHI": {
      "%NAME": "webanno.custom.PHI",
      "%SUPER_TYPE": "uima.tcas.Annotation",
      "kind": {
        "%NAME": "kind",
        "%RANGE": "uima.cas.String"
      }
    }
  },
  "%FEATURE_STRUCTURES": [
    {
      "%ID": 1,
      "%TYPE": "uima.cas.Sofa",
      "sofaNum": 1,
      "sofaID": "_InitialView",
      "mimeType": "text",
      "sofaString": "Lunge: VAG bds, seitengleich belüftet, keine trockenen oder feuchten RG\n\nHerz: rein, rhythmisch, keine pathol. Herzgeräusche\n\nAbdomen: rege RG, weich, keine Resistenzen, kein Druckschmerz, lediglich DS in der linken Leiste bei Palpation der A. fem. Pulses\n\nVigilanz: wach\n\nExtremitäten/Gefäße: keine Ödeme, Pulsstatus regelrecht\n\nSkelett/Muskulatur: kein WS-KS, bei Palpation Druckschmerz im unteren BWS-Bereich, Höhe  Th1O-11.\n\nLymphknoten: keine pathol. Lymphadenopathie (nuchal, zervikal, inguinal, axillär)\n\nNervensystem: Pupillen isokor, seitengeliche Lichtreaktion, ansonsten orientierend kein FND\n\nDiagnostik:\nAufnahmelabor vom 04.11.2024:\nBlutbild: Leukozyten 8,14 Tsd/ul; Thrombozyten 379 Tsd/pl; Erythrozyten 4,35 Mio/ul;\nHämoglobin 12,2 g/dl; Hämatokrit 36,5%; MCV 84,3 fl; MCI-l (HbE) 28,2 pg; MCHC 33,4 g/dl;\nGerinnnung: Quick 81; INR 1,08; PTT 35 sec;\nKlinische Chemie: Natrium 139 mmol/l; Kalium 4,6 mmol/l; Calcium 2,48 mmol/l; Harnstoff 13 mg/dl; Serum-Kreatinin 0,53 mg/dl; GFR-Abschätzung(MDRD) 148 ml/min/ 1.73qm; Harnsäure 2,4 mg/dl; Glukose im Serum 81 mg/dl; LDH 137 Uli; GOT (AST) 17 Uli; GPT (ALT) 17 Uli;\nGamma-GT 20 U/l; Bilirubin gesamt 0,3 mg/dl; C-reaktives Protein 75 mg/l; TSH 2,24 uU/ml;\nEntlasslabor vom 07.11.2024:\nBlutbild: Leukozyten 12,96 Tsd/pl; Thrombozyten 369 Tsd/ul; Erythrozyten 4,02 Mio/ul;\nHämoglobin 1 1,4 g/dl, Hämatokrit 33,8 Oh; MCV 83,0 fl; MCH (HbE) 28,1 pg; MCHC 33,8 g/dl; Klinische Chemie: Natrium 149 mmol/l; Kalium 3,8 mmol/l; Serum-Kreatinin 0,40 mg/dl; C-Reaktives Protein 59 mg/l\n\nEKG vom 4.11.: SR, HF 70/min, I T, schmale QRS, regelrechte R-Progression, R/S-Umschlag V3/4,\n\nMRT Becken vom 4.11.24:\nEs liegt eine Voruntersuchung vom 14.09.2024 zum Vergleich vor.\nAm linken Os pubis zeigt sich eine große, zentral einschmelzende Raumforderung, im Verlauf größenprogredient mit einer Ausdehnung von aktuell ca. 62 x 52 mm (Sequenz 12 Bild 49) vormals ca. 52 x 42 mm. Der Tumor destruiert den oberen und unteren Schambeinast links und die linken Abschnitte der Symphyse, Ausdehnung der Signalveränderung bis an den vorderen Azetabulumpfeiler links. Infiltration in die Adduktorenmuskulatur und in den Musculus obturatorius internus. Die rechte Symphyse zeigt ein normales Knochenmarksignal. Kontakt des Tumors zur Harnblase von kaudal und lateral links (Sequenz 8. Bild 5) hier lässt sich eine\nInfiltration nicht ausschließen. Das übrige Knochenmark zeigt ein normales Signal. Vergrößerte Lymphknoten links parailiakal, exemplarisch auf Höhe des vorderen Azetabulumpfeiler von 20 mm (Sequenz 12 Bild 41). Subchondrale Signalabsenkung am rechten Femurkopf von 1 1 mm (Sequenz 4 Bild 12), hier kann eine Hüftkopfnekrose nicht ausgeschlossen werden, DD degenerativ. Aszites.\n\nBeurteilung:\n1. Grössenprogrediente Tumorformation am Os pubis links mit Infiltration der Adduktoren und Kontakt zur Harnblase.\n2. Metastasensuspekte Lymphknoten parailiakal links.\n3. Signalalteration am rechten Hüftkopf, vorbestehend, DD Z.n. Hüftkopfnekrose, DD degenerativ.\n\nMRT BWS vom 5.11.24:\nEs liegt eine externe PET-CT-Voruntersuchung vom 16.09.2024 zum Vergleich vor. Sagittal ist die Wirbelsäule abgebildet von BWK 1 bis LWK 1. Die Wirbelkörper stellen sich normal hoch dar. Keine Wirbelkörpersinterungen. Normal hohe Intervertebralräume. Kein Bandscheibenprolaps.\nDie bekannte Metastase in den hinteren Wirbelkörperabschnitten von BWK 10 links demarkiert sich anhand einer Kontrastmittelaufnahme im Processus transversus und im Pedikel und in der Lamina von BWK 10 auf der linken Seite. Ebenso Kontrastmittelaufnahme der angrenzenden Rippenabschnitte (Sequenz 10 Bild 9). Beteiligung des Processus articularis des linken Facettengelenk.\nIntraspinale Tumoranteile lassen sich nicht abgrenzen. In der axialen Sequenz am oberen Bildrand Verdichtung interspinal zeigt kein Korrelat in den sagittalen Sequenzen, so dass hier von einem Artefakt auszugehen ist.\n\nBeurteilung:\nBekannte Metastase in den posterioren Abschnitten des BWK 10 links mit Beteiligung von Pedikel, Lamina und Prozessus transversus sowie angrenzender Rippe. Kein Nachweis weiterer Metastasen der BWS. Kein intraspinales Tumorwachstum.\n\nLungenfunktionsprüfung vom 05.11.24:\nLeichte Restriktion, keine Obstruktion. Diffusionskapazität normal. BGA normal.\n"
    },
    {
      "%ID": 2,
      "%TYPE": "webanno.custom.PHI",
      "kind": "DATE",
      "begin": 635,
      "end": 645,
      "@sofa": 1
    },
    {
      "%ID": 3,
      "%TYPE": "webanno.custom.PHI",
      "kind": "DATE",
      "begin": 1238,
      "end": 1248,
      "@sofa": 1
    },
    {
      "%ID": 4,
      "%TYPE": "webanno.custom.PHI",
      "kind": "DATE",
      "begin": 1549,
      "end": 1554,
      "@sofa": 1
    },
    {
      "%ID": 5,
      "%TYPE": "webanno.custom.PHI",
      "kind": "DATE",
      "begin": 1651,
      "end": 1658,
      "@sofa": 1
    },
    {
      "%ID": 6,
      "%TYPE": "webanno.custom.PHI",
      "kind": "DATE",
      "begin": 1694,
      "end": 1704,
      "@sofa": 1
    },
    {
      "%ID": 7,
      "%TYPE": "webanno.custom.PHI",
      "kind": "DATE",
      "begin": 3021,
      "end": 3028,
      "@sofa": 1
    },
    {
      "%ID": 8,
      "%TYPE": "webanno.custom.PHI",
      "kind": "DATE",
      "begin": 3079,
      "end": 3089,
      "@sofa": 1
    },
    {
      "%ID": 9,
      "%TYPE": "webanno.custom.PHI",
      "kind": "DATE",
      "begin": 4172,
      "end": 4180,
      "@sofa": 1
    }
  ],
  "%VIEWS": {
    "_InitialView": {
      "%SOFA": 1,
      "%MEMBERS": [
        2,
        3,
        4,
        5,
        6,
        7,
        8,
        9
      ]
    }
  }
}