{
  "%TYPES": {
    "de.tudarmstadt.ukp.dkpro.core.api.segmentation.type.Sentence": {
      "%NAME": "de.tudarmstadt.ukp.dkpro.core.api.segmentation.type.Sentence",
      "%SUPER_TYPE": "uima.tcas.Annotation"
    },
    "webanno.custom.PHI": {
      "%NAME": "webanno.custom.PHI",
      "%SUPER_TYPE": "uima.tcas.Annotation",
      "kind": {
        "%NAME": "kind",
        "%RANGE": "uima.cas.String"
      }
    }
  },
  "%FEATURE_STRUCTURES": [
    {
      "%ID": 1,
      "%TYPE": "uima.cas.Sofa",
      "sofaNum": 1,
      "sofaID": "_InitialView",
      "mimeType": "text",
      "sofaString": "Sehr geehrte Frau Kollegin, sehr geehrter Herr Kollege,\n\nwir berichten Ihnen nachfolgend über o.g. Patientin Marija Obradovic (*29.2.1984), die sich vom 04.11.2024 bis 09.11.2024 in unserer stationären Behandlung befand.\n\nDiagnose:\nSpindelzelliges Rhabdomyosarkom vom Erwachsenentyp ED 09/24 im linken Os pubis (lytisch-destruktive Veränderung ohne sichtbare RF, Biopsie), regionale IX-Metastase (PET-CT), PET pos. Herd Wirbelbogen Th 10\nStadium initial: T2 b, N 1, Ml, Stadium IV\nStadium aktuell: T2 b, N 1, Ml, Stadium IV\nAktueller Remissionsstand: ED\nRezeptorstatus I Phänotyp: kräftige Expression von Vimentin, relativ kräftige Zytokeratin 1/3-Expression, stellenweise kräftige MNF-Koexpression, schwache, teils mäßig starke Koexpression von sm-Aktin. Disseminiert Desmin-Expression. SI 00 wird nur fokal und ganz vereinzelt koexprimiert bei hoher proliferativer Aktivität in der MIB-IRektion (MIB-lndex 50 - 60 0/0). Myo Dl pos. Negativ sind h-Caldesmon, EMA,\nHormonrezeptoren.\nMRSA-/VRE-Status: ne/negativ\n\nAktueller Karnofsky-Index: 80 0/0\nGewicht Größe: 67kg / 174cm\n\nJetzt: Therapieeinleitung bei Erstdiagnose\n\nVerlauf und Therapie:\nseit Juni 2024\trez Schmerzen in linker Leiste, v.a. bei Bewegung, dann in Ruhe.\nOrthopädische Vorstellung in Belgrad, unter physiotherapeutische Behandlung mit Magnettherapie Verschlechterung der Schmerzen: Bildgebung mit CT und PET-CT: lytische Veränderung Os pupis links, PET pos. Herd Wirbelbogen Th10\n\n24.09.24 Erstvorstellung Orthopädie PD Dr. Pommerening: \nNicht zu unterscheiden zwischen Entzündung oder Tumor, Biopsie des Herdes \nMR Becken: Ausgedehnte, teils lytisch-destruktive, teils mehrsklerosierte Veränderungen des oberen und unteren Schambeinastes links, bis an die Symphyse reichend \n\n29.9.24 Inzisionsbiopsie Os pubis links: Histologie spindelzelliges Rhabdomyosarkom vom Erwachsenen-Typ (Referenzpathologie in Kiel bestätigt 23.10.24)\n\n22.10.24 Vorstellung im Sarkom-Tumorboard: neoadjuvante Chemotherapie, ggf. mit Radiotherapie kombinieren, kurzfristige Stagingkontrolle\n\n28.10.24 Vorstellung Ambulanz Prof. Wurster zur Therapieevaluation. Stationäre Aufnahme zur neoadjuvanten Chemotherapie\n\n05.11.24 Applikation Zoladex 10,8 mg (3-Monats-Depotspritze), Orgalutran 0,25 mg für 7 Tage s.c.\n\n06-07.11.2024 1. Zyklus VAIA Woche 1 (Vincristin dl=2 mg abs., Doxorubicin dl ,2 = mg/m 2 Ifosfamid 1,2 = 3000 mg/m2), Lonquex am 09.11.2024\n\nTherapieplan:\n - Neoadjuvante Chemotherapie mit VAIA Woche 1-6\n - Kurzfristige Staging Verlaufskontrolle im Rahmen des stationären Aufenthalts für die Gabe von Woche 4, im Verlauf Radiotherapie und Möglichkeit der Operabilität diskutieren\n- Ovarprotektion alle 3 Monate mit Zoladex (zuletzt am 05.11.2024), zusätzliche Applikation von Orgalutran nur in den ersten 14 Tagen (05.11-18.11.2024) erforderlich\n\nAktuelle Anamnese: Die stationäre Aufnahme von Frau Obradovic erfolgt zur Einleitung der geplanten neoadjuvanten Chemotherapie. Bei Aufnahme berichtet die Patientin über Schmerzen am Rücken nahe des Rippenbogens links. Ansonsten keine Neuigkeiten seit der Vorstellung in unserer Ambulanz, keine Infektzeichen wie Fieber, Husten/Auswurf, Diarrhoen oder Schmerzen beim Wasserlassen. Gewichtsverlust von 4kg in 2 Monaten. Die körperliche Belastbarkeit sei eingeschränkt (früher 8 Stockwerke, jetzt 4 Stockwerke).\n\nSozialanamnese: verheiratet, studiert Pharmazie. Familienanamnese: Großmutter gynäkologischer Tumor (nicht weiter bekannt).\n\nBisherige Medikation: Novalgin b.B. 500mg\n\nUntersuchungsbefund:\nleicht eingeschränkter AZ, normaler EZ Kopf/Hals: enoral reizlos, feuchte SH\n\nLunge: VAG bds, seitengleich belüftet, keine trockenen oder feuchten RG\n\nHerz: rein, rhythmisch, keine pathol. Herzgeräusche\n\nAbdomen: rege RG, weich, keine Resistenzen, kein Druckschmerz, lediglich DS in der linken Leiste bei Palpation der A. fem. Pulses\n\nVigilanz: wach\n\nExtremitäten/Gefäße: keine Ödeme, Pulsstatus regelrecht\n\nSkelett/Muskulatur: kein WS-KS, bei Palpation Druckschmerz im unteren BWS-Bereich, Höhe  Th1O-11.\n\nLymphknoten: keine pathol. Lymphadenopathie (nuchal, zervikal, inguinal, axillär)\n\nNervensystem: Pupillen isokor, seitengeliche Lichtreaktion, ansonsten orientierend kein FND\n\nDiagnostik:\nAufnahmelabor vom 04.11.2024:\nBlutbild: Leukozyten 8,14 Tsd/ul; Thrombozyten 379 Tsd/pl; Erythrozyten 4,35 Mio/ul;\nHämoglobin 12,2 g/dl; Hämatokrit 36,5%; MCV 84,3 fl; MCI-l (HbE) 28,2 pg; MCHC 33,4 g/dl;\nGerinnnung: Quick 81; INR 1,08; PTT 35 sec;\nKlinische Chemie: Natrium 139 mmol/l; Kalium 4,6 mmol/l; Calcium 2,48 mmol/l; Harnstoff 13 mg/dl; Serum-Kreatinin 0,53 mg/dl; GFR-Abschätzung(MDRD) 148 ml/min/ 1.73qm; Harnsäure 2,4 mg/dl; Glukose im Serum 81 mg/dl; LDH 137 Uli; GOT (AST) 17 Uli; GPT (ALT) 17 Uli;\nGamma-GT 20 U/l; Bilirubin gesamt 0,3 mg/dl; C-reaktives Protein 75 mg/l; TSH 2,24 uU/ml;\nEntlasslabor vom 07.11.2024:\nBlutbild: Leukozyten 12,96 Tsd/pl; Thrombozyten 369 Tsd/ul; Erythrozyten 4,02 Mio/ul;\nHämoglobin 1 1,4 g/dl, Hämatokrit 33,8 Oh; MCV 83,0 fl; MCH (HbE) 28,1 pg; MCHC 33,8 g/dl; Klinische Chemie: Natrium 149 mmol/l; Kalium 3,8 mmol/l; Serum-Kreatinin 0,40 mg/dl; C-Reaktives Protein 59 mg/l\n\nEKG vom 4.11.: SR, HF 70/min, I T, schmale QRS, regelrechte R-Progression, R/S-Umschlag V3/4,\n\nMRT Becken vom 4.11.24:\nEs liegt eine Voruntersuchung vom 14.09.2024 zum Vergleich vor.\nAm linken Os pubis zeigt sich eine große, zentral einschmelzende Raumforderung, im Verlauf größenprogredient mit einer Ausdehnung von aktuell ca. 62 x 52 mm (Sequenz 12 Bild 49) vormals ca. 52 x 42 mm. Der Tumor destruiert den oberen und unteren Schambeinast links und die linken Abschnitte der Symphyse, Ausdehnung der Signalveränderung bis an den vorderen Azetabulumpfeiler links. Infiltration in die Adduktorenmuskulatur und in den Musculus obturatorius internus. Die rechte Symphyse zeigt ein normales Knochenmarksignal. Kontakt des Tumors zur Harnblase von kaudal und lateral links (Sequenz 8. Bild 5) hier lässt sich eine\nInfiltration nicht ausschließen. Das übrige Knochenmark zeigt ein normales Signal. Vergrößerte Lymphknoten links parailiakal, exemplarisch auf Höhe des vorderen Azetabulumpfeiler von 20 mm (Sequenz 12 Bild 41). Subchondrale Signalabsenkung am rechten Femurkopf von 1 1 mm (Sequenz 4 Bild 12), hier kann eine Hüftkopfnekrose nicht ausgeschlossen werden, DD degenerativ. Aszites.\n\nBeurteilung:\n1. Grössenprogrediente Tumorformation am Os pubis links mit Infiltration der Adduktoren und Kontakt zur Harnblase.\n2. Metastasensuspekte Lymphknoten parailiakal links.\n3. Signalalteration am rechten Hüftkopf, vorbestehend, DD Z.n. Hüftkopfnekrose, DD degenerativ.\n\nMRT BWS vom 5.11.24:\nEs liegt eine externe PET-CT-Voruntersuchung vom 16.09.2024 zum Vergleich vor. Sagittal ist die Wirbelsäule abgebildet von BWK 1 bis LWK 1. Die Wirbelkörper stellen sich normal hoch dar. Keine Wirbelkörpersinterungen. Normal hohe Intervertebralräume. Kein Bandscheibenprolaps.\nDie bekannte Metastase in den hinteren Wirbelkörperabschnitten von BWK 10 links demarkiert sich anhand einer Kontrastmittelaufnahme im Processus transversus und im Pedikel und in der Lamina von BWK 10 auf der linken Seite. Ebenso Kontrastmittelaufnahme der angrenzenden Rippenabschnitte (Sequenz 10 Bild 9). Beteiligung des Processus articularis des linken Facettengelenk.\nIntraspinale Tumoranteile lassen sich nicht abgrenzen. In der axialen Sequenz am oberen Bildrand Verdichtung interspinal zeigt kein Korrelat in den sagittalen Sequenzen, so dass hier von einem Artefakt auszugehen ist.\n\nBeurteilung:\nBekannte Metastase in den posterioren Abschnitten des BWK 10 links mit Beteiligung von Pedikel, Lamina und Prozessus transversus sowie angrenzender Rippe. Kein Nachweis weiterer Metastasen der BWS. Kein intraspinales Tumorwachstum.\n\nLungenfunktionsprüfung vom 05.11.24:\nLeichte Restriktion, keine Obstruktion. Diffusionskapazität normal. BGA normal.\n\nEpikrise:\nDie stationäre Aufnahme von Frau Obradovic erfolgte bei Erstdiagnose eines Rhabdomyosarkoms vom Erwachsenentyp im Os pubis links. Zum Staging wurden MR Becken und MR BWS durchgeführt.\nEs zeigte sich eine größenprogrediente Tumormanifestation im Os pubis links mit Infiltration der Adduktoren und Kontakt zur Harnblase; ferner metastasensuspekte Lymphknoten parailiakal links. Im BWS-Bereich zeigte sich die bekannte Metastase in den posterioren Abschnitten des BWK 10 links mit Beteiligung von Pedikel, Lamina und Processus transversus sowie der angrenzenden Rippe.\nWir besprachen die vorliegenden Befunde mit Frau Obradovic im Beisein ihres Ehemannes und einer Dolmetscherin. Im interdisziplinären Tumorboard wurde die Einleitung einer neoadjuvanten Chemotherapie nach dem VAIA-Protokoll vorgeschlagen. Nach 3 Wochen sollte ein Re-Staging mit Re-Evaluation der Möglichkeiten zur Bestrahlung bzw. zur Operation durchgeführt werden. Frau Obradovic zeigte sich mit dem empfohlenen Procedere einverstanden. Nach ausführlicher schriftlicher und mündlicher Aufklärung wurde Woche 1 vom VAIA-Protokoll am 06/07.11.2024 komplikationslos verabreicht. Unter Gabe der üblichen Supportivmedikation wurde die Therapie ordentlich vertragen. Zur Prophylaxe einer febrilen Neutropenie wurde am 09.11.2024 Lonquex verabreicht, so dass eine Gabe von Neupogen in den nächsten 10 Tagen nicht indiziert ist.\nZur Therapiefortführung mit Woche 2 und 3 nach dem VAIA-Protokoll wird sich Frau Obradovic ambulant auf Station O-11 vorstellen. Eine stationäre Wiederaufnahme ist in der Woche 4 vorgesehen. Bei diesem Termin werden erneute MERT-Untersuchungen geplant, um das Therapieansprechen kurzfristig zu evaluieren.\nFerner besprachen wir mit Frau Obradovic die Möglichkeit einer Portanlage. Ein Termin in der Praxis von Dr. Wimmer wird von uns vereinbart und der Patientin telefonisch mitgeteilt.\nVor Einleitung der Chemotherapie wurde Frau Obradovic in der Kinderwunschsprechstunde beraten. Bei hohem Therapiedruck aufgrund des wachsenden Rhabdomyosarkoms wurde eine hormonelle Ovarprotektion mit GnRH-Analoga eingeleitet. Am 05.11.2024 erfolgte die einmalige Gabe von Zoladex 10,8 mg (3-Monats-Depotspritze). In den ersten 7 Tagen wurde zusätzlich Orgalutran 0,25 mg s.c. empfohlen. Eine Wiederholung der Zoladex-Gabe sollte alle 3 Monate erfolgen. Bei Auftreten von Hormonentzugserscheinungen kann eine Wiedervorstellung in der Kinderwunschsprechstunde jederzeit stattfinden.\nWir entlassen unsere gemeinsame Patientin in ordentlichem Allgemeinzustand in die ambulante Weiterbetreuung. Wir bitten um Beachtung des unten genannten Procedere und stehen für Rückfragen gerne zur Verfügung.\n\nProcedere:\n1. Wir bitten um regelmäßige Kontrolle (2 x wöchentlich) des Blutbilds und Blutzuckers sowie wöchentlich von Elektrolyt-, Retentionswerten und CRP.\n2. Bei Leukozyten < 1000/ul bzw. Neutropenie < 500/ul bitte KEINE Gabe von Neupogen, da Lonquex am 09.11.2024 verabreicht wurde.\n3. Bei Hb < 8,0 g/dl Gabe von bestrahlten Erythrozytenkonzentraten. Bei Thrombozyten < 10000/pl oder Blutungszeichen, Gabe von bestrahlten Thrombozytenkonzentraten.\n4. Bei Temperaturen > 38,0 C oder Infektzeichen Beginn einer antibiotischen Therapie. Bei zusätzlich bestehender Leukopenie umgehende stationäre Einweisung in ein örtliches KH und Beginn einer i.v. Antibiose z.B. mit 3 x 4,5g Tazobac. Rückruf unter der Nummer 0261 210-39989 erbeten.  \n5. Gabe von Orgalutran s.c. vom 05.11.2024 bis zum 11.11.2024.\n6. Fortführung der Zoladex-Gabe alle 3 Monate (zuletzt am 05.11.2024).\n\nEmpfohlene Medikation:\nWirkstoff\tPräarat\tStärke\tmorens \tmittags\tabends\tnachts \tBemerkung\nMetamizol-Na\tNovaminsulfon ratio\t500 mg\tBei Bedarf IX, bis 6x/Tag\t\t\nGanirelix\tOrgalutran\t0,25 mg\t1 um 20:00\t\tBis inkl. 11.11.2024\n\n\nSelbstverständlich können auch bioäquivalente Präparate anderer Hersteller verwendet werden.\nWiedervorstellung am 13.11.2024 um 10.30 Uhr und am 20.11.2024 um 10.30 Uhr auf Station O-11 zur ambulanten Gabe von Vincristin (Woche 2-3 nach dem VAIA-Protokoll).\nAm 26.11.2024 zur stationären Aufnahme, Re-Staging und Therapiefortführung mit VAIA Woche 4. Dieser Termin wird Ihnen vorab von unserem zentralen Patientenaufnahme und -leitsystem (Tel: 0261 210 32000) bestätigt werden.\nMit freundlichen kollegialen Grüßen\n \nProf. Dr. Johannes Langreiter\tProf. Dr. Renate Ermelova\nChefarzt\t\t\tOberarztärztin\n"
    },
    {
      "%ID": 2,
      "%TYPE": "webanno.custom.PHI",
      "kind": "CONTACT_FAX",
      "begin": 11234,
      "end": 11248,
      "@sofa": 1
    },
    {
      "%ID": 3,
      "%TYPE": "webanno.custom.PHI",
      "kind": "CONTACT_PHONE",
      "begin": 908,
      "end": 917,
      "@sofa": 1
    },
    {
      "%ID": 4,
      "%TYPE": "webanno.custom.PHI",
      "kind": "CONTACT_PHONE",
      "begin": 11234,
      "end": 11248,
      "@sofa": 1
    },
    {
      "%ID": 5,
      "%TYPE": "webanno.custom.PHI",
      "kind": "CONTACT_PHONE",
      "begin": 12060,
      "end": 12074,
      "@sofa": 1
    },
    {
      "%ID": 6,
      "%TYPE": "webanno.custom.PHI",
      "kind": "DATE",
      "begin": 128,
      "end": 137,
      "@sofa": 1
    },
    {
      "%ID": 7,
      "%TYPE": "webanno.custom.PHI",
      "kind": "DATE",
      "begin": 153,
      "end": 163,
      "@sofa": 1
    },
    {
      "%ID": 8,
      "%TYPE": "webanno.custom.PHI",
      "kind": "DATE",
      "begin": 168,
      "end": 178,
      "@sofa": 1
    },
    {
      "%ID": 9,
      "%TYPE": "webanno.custom.PHI",
      "kind": "DATE",
      "begin": 286,
      "end": 291,
      "@sofa": 1
    },
    {
      "%ID": 10,
      "%TYPE": "webanno.custom.PHI",
      "kind": "DATE",
      "begin": 1147,
      "end": 1156,
      "@sofa": 1
    },
    {
      "%ID": 11,
      "%TYPE": "webanno.custom.PHI",
      "kind": "DATE",
      "begin": 1448,
      "end": 1456,
      "@sofa": 1
    },
    {
      "%ID": 12,
      "%TYPE": "webanno.custom.PHI",
      "kind": "DATE",
      "begin": 1744,
      "end": 1751,
      "@sofa": 1
    },
    {
      "%ID": 13,
      "%TYPE": "webanno.custom.PHI",
      "kind": "DATE",
      "begin": 1886,
      "end": 1894,
      "@sofa": 1
    },
    {
      "%ID": 14,
      "%TYPE": "webanno.custom.PHI",
      "kind": "DATE",
      "begin": 1897,
      "end": 1905,
      "@sofa": 1
    },
    {
      "%ID": 15,
      "%TYPE": "webanno.custom.PHI",
      "kind": "DATE",
      "begin": 2035,
      "end": 2043,
      "@sofa": 1
    },
    {
      "%ID": 16,
      "%TYPE": "webanno.custom.PHI",
      "kind": "DATE",
      "begin": 2156,
      "end": 2164,
      "@sofa": 1
    },
    {
      "%ID": 17,
      "%TYPE": "webanno.custom.PHI",
      "kind": "DATE",
      "begin": 2254,
      "end": 2256,
      "@sofa": 1
    },
    {
      "%ID": 18,
      "%TYPE": "webanno.custom.PHI",
      "kind": "DATE",
      "begin": 2254,
      "end": 2267,
      "@sofa": 1
    },
    {
      "%ID": 19,
      "%TYPE": "webanno.custom.PHI",
      "kind": "DATE",
      "begin": 2257,
      "end": 2267,
      "@sofa": 1
    },
    {
      "%ID": 20,
      "%TYPE": "webanno.custom.PHI",
      "kind": "DATE",
      "begin": 2384,
      "end": 2394,
      "@sofa": 1
    },
    {
      "%ID": 21,
      "%TYPE": "webanno.custom.PHI",
      "kind": "DATE",
      "begin": 2690,
      "end": 2700,
      "@sofa": 1
    },
    {
      "%ID": 22,
      "%TYPE": "webanno.custom.PHI",
      "kind": "DATE",
      "begin": 2770,
      "end": 2775,
      "@sofa": 1
    },
    {
      "%ID": 23,
      "%TYPE": "webanno.custom.PHI",
      "kind": "DATE",
      "begin": 2776,
      "end": 2786,
      "@sofa": 1
    },
    {
      "%ID": 24,
      "%TYPE": "webanno.custom.PHI",
      "kind": "DATE",
      "begin": 4215,
      "end": 4225,
      "@sofa": 1
    },
    {
      "%ID": 25,
      "%TYPE": "webanno.custom.PHI",
      "kind": "DATE",
      "begin": 4818,
      "end": 4828,
      "@sofa": 1
    },
    {
      "%ID": 26,
      "%TYPE": "webanno.custom.PHI",
      "kind": "DATE",
      "begin": 5129,
      "end": 5134,
      "@sofa": 1
    },
    {
      "%ID": 27,
      "%TYPE": "webanno.custom.PHI",
      "kind": "DATE",
      "begin": 5231,
      "end": 5238,
      "@sofa": 1
    },
    {
      "%ID": 28,
      "%TYPE": "webanno.custom.PHI",
      "kind": "DATE",
      "begin": 5274,
      "end": 5284,
      "@sofa": 1
    },
    {
      "%ID": 29,
      "%TYPE": "webanno.custom.PHI",
      "kind": "DATE",
      "begin": 6601,
      "end": 6608,
      "@sofa": 1
    },
    {
      "%ID": 30,
      "%TYPE": "webanno.custom.PHI",
      "kind": "DATE",
      "begin": 6659,
      "end": 6669,
      "@sofa": 1
    },
    {
      "%ID": 31,
      "%TYPE": "webanno.custom.PHI",
      "kind": "DATE",
      "begin": 7752,
      "end": 7760,
      "@sofa": 1
    },
    {
      "%ID": 32,
      "%TYPE": "webanno.custom.PHI",
      "kind": "DATE",
      "begin": 8952,
      "end": 8957,
      "@sofa": 1
    },
    {
      "%ID": 33,
      "%TYPE": "webanno.custom.PHI",
      "kind": "DATE",
      "begin": 8952,
      "end": 8965,
      "@sofa": 1
    },
    {
      "%ID": 34,
      "%TYPE": "webanno.custom.PHI",
      "kind": "DATE",
      "begin": 8958,
      "end": 8965,
      "@sofa": 1
    },
    {
      "%ID": 35,
      "%TYPE": "webanno.custom.PHI",
      "kind": "DATE",
      "begin": 9132,
      "end": 9142,
      "@sofa": 1
    },
    {
      "%ID": 36,
      "%TYPE": "webanno.custom.PHI",
      "kind": "DATE",
      "begin": 9958,
      "end": 9968,
      "@sofa": 1
    },
    {
      "%ID": 37,
      "%TYPE": "webanno.custom.PHI",
      "kind": "DATE",
      "begin": 10779,
      "end": 10789,
      "@sofa": 1
    },
    {
      "%ID": 38,
      "%TYPE": "webanno.custom.PHI",
      "kind": "DATE",
      "begin": 11292,
      "end": 11302,
      "@sofa": 1
    },
    {
      "%ID": 39,
      "%TYPE": "webanno.custom.PHI",
      "kind": "DATE",
      "begin": 11311,
      "end": 11321,
      "@sofa": 1
    },
    {
      "%ID": 40,
      "%TYPE": "webanno.custom.PHI",
      "kind": "DATE",
      "begin": 11381,
      "end": 11391,
      "@sofa": 1
    },
    {
      "%ID": 41,
      "%TYPE": "webanno.custom.PHI",
      "kind": "DATE",
      "begin": 11603,
      "end": 11613,
      "@sofa": 1
    },
    {
      "%ID": 42,
      "%TYPE": "webanno.custom.PHI",
      "kind": "DATE",
      "begin": 11730,
      "end": 11740,
      "@sofa": 1
    },
    {
      "%ID": 43,
      "%TYPE": "webanno.custom.PHI",
      "kind": "DATE",
      "begin": 11761,
      "end": 11771,
      "@sofa": 1
    },
    {
      "%ID": 44,
      "%TYPE": "webanno.custom.PHI",
      "kind": "DATE",
      "begin": 11877,
      "end": 11887,
      "@sofa": 1
    },
    {
      "%ID": 45,
      "%TYPE": "webanno.custom.PHI",
      "kind": "LOCATION_CITY",
      "begin": 1871,
      "end": 1875,
      "@sofa": 1
    },
    {
      "%ID": 46,
      "%TYPE": "webanno.custom.PHI",
      "kind": "NAME_DOCTOR",
      "begin": 1491,
      "end": 1502,
      "@sofa": 1
    },
    {
      "%ID": 47,
      "%TYPE": "webanno.custom.PHI",
      "kind": "NAME_DOCTOR",
      "begin": 2071,
      "end": 2078,
      "@sofa": 1
    },
    {
      "%ID": 48,
      "%TYPE": "webanno.custom.PHI",
      "kind": "NAME_DOCTOR",
      "begin": 9655,
      "end": 9661,
      "@sofa": 1
    },
    {
      "%ID": 49,
      "%TYPE": "webanno.custom.PHI",
      "kind": "NAME_DOCTOR",
      "begin": 12142,
      "end": 12161,
      "@sofa": 1
    },
    {
      "%ID": 50,
      "%TYPE": "webanno.custom.PHI",
      "kind": "NAME_DOCTOR",
      "begin": 12172,
      "end": 12187,
      "@sofa": 1
    },
    {
      "%ID": 51,
      "%TYPE": "webanno.custom.PHI",
      "kind": "NAME_DOCTOR",
      "begin": 12199,
      "end": 12213,
      "@sofa": 1
    },
    {
      "%ID": 52,
      "%TYPE": "webanno.custom.PHI",
      "kind": "NAME_PATIENT",
      "begin": 109,
      "end": 125,
      "@sofa": 1
    },
    {
      "%ID": 53,
      "%TYPE": "webanno.custom.PHI",
      "kind": "NAME_PATIENT",
      "begin": 2854,
      "end": 2863,
      "@sofa": 1
    },
    {
      "%ID": 54,
      "%TYPE": "webanno.custom.PHI",
      "kind": "NAME_PATIENT",
      "begin": 7886,
      "end": 7895,
      "@sofa": 1
    },
    {
      "%ID": 55,
      "%TYPE": "webanno.custom.PHI",
      "kind": "NAME_PATIENT",
      "begin": 8468,
      "end": 8477,
      "@sofa": 1
    },
    {
      "%ID": 56,
      "%TYPE": "webanno.custom.PHI",
      "kind": "NAME_PATIENT",
      "begin": 8790,
      "end": 8799,
      "@sofa": 1
    },
    {
      "%ID": 57,
      "%TYPE": "webanno.custom.PHI",
      "kind": "NAME_PATIENT",
      "begin": 9322,
      "end": 9331,
      "@sofa": 1
    },
    {
      "%ID": 58,
      "%TYPE": "webanno.custom.PHI",
      "kind": "NAME_PATIENT",
      "begin": 9578,
      "end": 9587,
      "@sofa": 1
    },
    {
      "%ID": 59,
      "%TYPE": "webanno.custom.PHI",
      "kind": "NAME_PATIENT",
      "begin": 9772,
      "end": 9781,
      "@sofa": 1
    }
  ],
  "%VIEWS": {
    "_InitialView": {
      "%SOFA": 1,
      "%MEMBERS": [
        2,
        3,
        4,
        5,
        6,
        7,
        8,
        9,
        10,
        11,
        12,
        13,
        14,
        15,
        16,
        17,
        18,
        19,
        20,
        21,
        22,
        23,
        24,
        25,
        26,
        27,
        28,
        29,
        30,
        31,
        32,
        33,
        34,
        35,
        36,
        37,
        38,
        39,
        40,
        41,
        42,
        43,
        44,
        45,
        46,
        47,
        48,
        49,
        50,
        51,
        52,
        53,
        54,
        55,
        56,
        57,
        58,
        59
      ]
    }
  }
}