{
  "%TYPES": {
    "de.tudarmstadt.ukp.dkpro.core.api.segmentation.type.Sentence": {
      "%NAME": "de.tudarmstadt.ukp.dkpro.core.api.segmentation.type.Sentence",
      "%SUPER_TYPE": "uima.tcas.Annotation"
    },
    "webanno.custom.PHI": {
      "%NAME": "webanno.custom.PHI",
      "%SUPER_TYPE": "uima.tcas.Annotation",
      "kind": {
        "%NAME": "kind",
        "%RANGE": "uima.cas.String"
      }
    }
  },
  "%FEATURE_STRUCTURES": [
    {
      "%ID": 1,
      "%TYPE": "uima.cas.Sofa",
      "sofaNum": 1,
      "sofaID": "_InitialView",
      "mimeType": "text",
      "sofaString": "Epikrise:\nDie stationäre Aufnahme von Frau Obradovic erfolgte bei Erstdiagnose eines Rhabdomyosarkoms vom Erwachsenentyp im Os pubis links. Zum Staging wurden MR Becken und MR BWS durchgeführt.\nEs zeigte sich eine größenprogrediente Tumormanifestation im Os pubis links mit Infiltration der Adduktoren und Kontakt zur Harnblase; ferner metastasensuspekte Lymphknoten parailiakal links. Im BWS-Bereich zeigte sich die bekannte Metastase in den posterioren Abschnitten des BWK 10 links mit Beteiligung von Pedikel, Lamina und Processus transversus sowie der angrenzenden Rippe.\nWir besprachen die vorliegenden Befunde mit Frau Obradovic im Beisein ihres Ehemannes und einer Dolmetscherin. Im interdisziplinären Tumorboard wurde die Einleitung einer neoadjuvanten Chemotherapie nach dem VAIA-Protokoll vorgeschlagen. Nach 3 Wochen sollte ein Re-Staging mit Re-Evaluation der Möglichkeiten zur Bestrahlung bzw. zur Operation durchgeführt werden. Frau Obradovic zeigte sich mit dem empfohlenen Procedere einverstanden. Nach ausführlicher schriftlicher und mündlicher Aufklärung wurde Woche 1 vom VAIA-Protokoll am 06/07.11.2024 komplikationslos verabreicht. Unter Gabe der üblichen Supportivmedikation wurde die Therapie ordentlich vertragen. Zur Prophylaxe einer febrilen Neutropenie wurde am 09.11.2024 Lonquex verabreicht, so dass eine Gabe von Neupogen in den nächsten 10 Tagen nicht indiziert ist.\nZur Therapiefortführung mit Woche 2 und 3 nach dem VAIA-Protokoll wird sich Frau Obradovic ambulant auf Station O-11 vorstellen. Eine stationäre Wiederaufnahme ist in der Woche 4 vorgesehen. Bei diesem Termin werden erneute MERT-Untersuchungen geplant, um das Therapieansprechen kurzfristig zu evaluieren.\nFerner besprachen wir mit Frau Obradovic die Möglichkeit einer Portanlage. Ein Termin in der Praxis von Dr. Wimmer wird von uns vereinbart und der Patientin telefonisch mitgeteilt.\nVor Einleitung der Chemotherapie wurde Frau Obradovic in der Kinderwunschsprechstunde beraten. Bei hohem Therapiedruck aufgrund des wachsenden Rhabdomyosarkoms wurde eine hormonelle Ovarprotektion mit GnRH-Analoga eingeleitet. Am 05.11.2024 erfolgte die einmalige Gabe von Zoladex 10,8 mg (3-Monats-Depotspritze). In den ersten 7 Tagen wurde zusätzlich Orgalutran 0,25 mg s.c. empfohlen. Eine Wiederholung der Zoladex-Gabe sollte alle 3 Monate erfolgen. Bei Auftreten von Hormonentzugserscheinungen kann eine Wiedervorstellung in der Kinderwunschsprechstunde jederzeit stattfinden.\nWir entlassen unsere gemeinsame Patientin in ordentlichem Allgemeinzustand in die ambulante Weiterbetreuung. Wir bitten um Beachtung des unten genannten Procedere und stehen für Rückfragen gerne zur Verfügung.\n\nProcedere:\n1. Wir bitten um regelmäßige Kontrolle (2 x wöchentlich) des Blutbilds und Blutzuckers sowie wöchentlich von Elektrolyt-, Retentionswerten und CRP.\n2. Bei Leukozyten < 1000/ul bzw. Neutropenie < 500/ul bitte KEINE Gabe von Neupogen, da Lonquex am 09.11.2024 verabreicht wurde.\n3. Bei Hb < 8,0 g/dl Gabe von bestrahlten Erythrozytenkonzentraten. Bei Thrombozyten < 10000/pl oder Blutungszeichen, Gabe von bestrahlten Thrombozytenkonzentraten.\n4. Bei Temperaturen > 38,0 C oder Infektzeichen Beginn einer antibiotischen Therapie. Bei zusätzlich bestehender Leukopenie umgehende stationäre Einweisung in ein örtliches KH und Beginn einer i.v. Antibiose z.B. mit 3 x 4,5g Tazobac. Rückruf unter der Nummer 0261 210-39989 erbeten.  \n5. Gabe von Orgalutran s.c. vom 05.11.2024 bis zum 11.11.2024.\n6. Fortführung der Zoladex-Gabe alle 3 Monate (zuletzt am 05.11.2024).\n\nEmpfohlene Medikation:\nWirkstoff\tPräarat\tStärke\tmorens \tmittags\tabends\tnachts \tBemerkung\nMetamizol-Na\tNovaminsulfon ratio\t500 mg\tBei Bedarf IX, bis 6x/Tag\t\t\nGanirelix\tOrgalutran\t0,25 mg\t1 um 20:00\t\tBis inkl. 11.11.2024\n\n\nSelbstverständlich können auch bioäquivalente Präparate anderer Hersteller verwendet werden.\nWiedervorstellung am 13.11.2024 um 10.30 Uhr und am 20.11.2024 um 10.30 Uhr auf Station O-11 zur ambulanten Gabe von Vincristin (Woche 2-3 nach dem VAIA-Protokoll).\nAm 26.11.2024 zur stationären Aufnahme, Re-Staging und Therapiefortführung mit VAIA Woche 4. Dieser Termin wird Ihnen vorab von unserem zentralen Patientenaufnahme und -leitsystem (Tel: 0261 210 32000) bestätigt werden.\nMit freundlichen kollegialen Grüßen\n \nProf. Dr. Johannes Langreiter\tProf. Dr. Renate Ermelova\nChefarzt\t\t\tOberarztärztin\n"
    },
    {
      "%ID": 2,
      "%TYPE": "webanno.custom.PHI",
      "kind": "CONTACT_FAX",
      "begin": 3391,
      "end": 3405,
      "@sofa": 1
    },
    {
      "%ID": 3,
      "%TYPE": "webanno.custom.PHI",
      "kind": "CONTACT_PHONE",
      "begin": 3391,
      "end": 3405,
      "@sofa": 1
    },
    {
      "%ID": 4,
      "%TYPE": "webanno.custom.PHI",
      "kind": "CONTACT_PHONE",
      "begin": 4217,
      "end": 4231,
      "@sofa": 1
    },
    {
      "%ID": 5,
      "%TYPE": "webanno.custom.PHI",
      "kind": "DATE",
      "begin": 1109,
      "end": 1114,
      "@sofa": 1
    },
    {
      "%ID": 6,
      "%TYPE": "webanno.custom.PHI",
      "kind": "DATE",
      "begin": 1109,
      "end": 1122,
      "@sofa": 1
    },
    {
      "%ID": 7,
      "%TYPE": "webanno.custom.PHI",
      "kind": "DATE",
      "begin": 1115,
      "end": 1122,
      "@sofa": 1
    },
    {
      "%ID": 8,
      "%TYPE": "webanno.custom.PHI",
      "kind": "DATE",
      "begin": 1289,
      "end": 1299,
      "@sofa": 1
    },
    {
      "%ID": 9,
      "%TYPE": "webanno.custom.PHI",
      "kind": "DATE",
      "begin": 2115,
      "end": 2125,
      "@sofa": 1
    },
    {
      "%ID": 10,
      "%TYPE": "webanno.custom.PHI",
      "kind": "DATE",
      "begin": 2936,
      "end": 2946,
      "@sofa": 1
    },
    {
      "%ID": 11,
      "%TYPE": "webanno.custom.PHI",
      "kind": "DATE",
      "begin": 3449,
      "end": 3459,
      "@sofa": 1
    },
    {
      "%ID": 12,
      "%TYPE": "webanno.custom.PHI",
      "kind": "DATE",
      "begin": 3468,
      "end": 3478,
      "@sofa": 1
    },
    {
      "%ID": 13,
      "%TYPE": "webanno.custom.PHI",
      "kind": "DATE",
      "begin": 3538,
      "end": 3548,
      "@sofa": 1
    },
    {
      "%ID": 14,
      "%TYPE": "webanno.custom.PHI",
      "kind": "DATE",
      "begin": 3760,
      "end": 3770,
      "@sofa": 1
    },
    {
      "%ID": 15,
      "%TYPE": "webanno.custom.PHI",
      "kind": "DATE",
      "begin": 3887,
      "end": 3897,
      "@sofa": 1
    },
    {
      "%ID": 16,
      "%TYPE": "webanno.custom.PHI",
      "kind": "DATE",
      "begin": 3918,
      "end": 3928,
      "@sofa": 1
    },
    {
      "%ID": 17,
      "%TYPE": "webanno.custom.PHI",
      "kind": "DATE",
      "begin": 4034,
      "end": 4044,
      "@sofa": 1
    },
    {
      "%ID": 18,
      "%TYPE": "webanno.custom.PHI",
      "kind": "NAME_DOCTOR",
      "begin": 1812,
      "end": 1818,
      "@sofa": 1
    },
    {
      "%ID": 19,
      "%TYPE": "webanno.custom.PHI",
      "kind": "NAME_DOCTOR",
      "begin": 4299,
      "end": 4318,
      "@sofa": 1
    },
    {
      "%ID": 20,
      "%TYPE": "webanno.custom.PHI",
      "kind": "NAME_DOCTOR",
      "begin": 4329,
      "end": 4344,
      "@sofa": 1
    },
    {
      "%ID": 21,
      "%TYPE": "webanno.custom.PHI",
      "kind": "NAME_DOCTOR",
      "begin": 4356,
      "end": 4370,
      "@sofa": 1
    },
    {
      "%ID": 22,
      "%TYPE": "webanno.custom.PHI",
      "kind": "NAME_PATIENT",
      "begin": 43,
      "end": 52,
      "@sofa": 1
    },
    {
      "%ID": 23,
      "%TYPE": "webanno.custom.PHI",
      "kind": "NAME_PATIENT",
      "begin": 625,
      "end": 634,
      "@sofa": 1
    },
    {
      "%ID": 24,
      "%TYPE": "webanno.custom.PHI",
      "kind": "NAME_PATIENT",
      "begin": 947,
      "end": 956,
      "@sofa": 1
    },
    {
      "%ID": 25,
      "%TYPE": "webanno.custom.PHI",
      "kind": "NAME_PATIENT",
      "begin": 1479,
      "end": 1488,
      "@sofa": 1
    },
    {
      "%ID": 26,
      "%TYPE": "webanno.custom.PHI",
      "kind": "NAME_PATIENT",
      "begin": 1735,
      "end": 1744,
      "@sofa": 1
    },
    {
      "%ID": 27,
      "%TYPE": "webanno.custom.PHI",
      "kind": "NAME_PATIENT",
      "begin": 1929,
      "end": 1938,
      "@sofa": 1
    }
  ],
  "%VIEWS": {
    "_InitialView": {
      "%SOFA": 1,
      "%MEMBERS": [
        2,
        3,
        4,
        5,
        6,
        7,
        8,
        9,
        10,
        11,
        12,
        13,
        14,
        15,
        16,
        17,
        18,
        19,
        20,
        21,
        22,
        23,
        24,
        25,
        26,
        27
      ]
    }
  }
}