{
  "%TYPES": {
    "de.tudarmstadt.ukp.dkpro.core.api.segmentation.type.Sentence": {
      "%NAME": "de.tudarmstadt.ukp.dkpro.core.api.segmentation.type.Sentence",
      "%SUPER_TYPE": "uima.tcas.Annotation"
    },
    "webanno.custom.PHI": {
      "%NAME": "webanno.custom.PHI",
      "%SUPER_TYPE": "uima.tcas.Annotation",
      "kind": {
        "%NAME": "kind",
        "%RANGE": "uima.cas.String"
      }
    }
  },
  "%FEATURE_STRUCTURES": [
    {
      "%ID": 1,
      "%TYPE": "uima.cas.Sofa",
      "sofaNum": 1,
      "sofaID": "_InitialView",
      "mimeType": "text",
      "sofaString": "Sehr geehrter Herr Kollege, \n\nwir berichten über unsere gemeinsame Pat. Irina Popovic, geb. am 17.08.1958, die vom 11.01.-14.01.2026 auf unserer unfallchirurgischen Station 4 behandelt wurde.\n\nAnamnese\nZ.n. Sturz auf die li Körperhälfte im Speisesaal des Pflegeheims. Stat. Einweisung durch Notarzt. Bei Aufn. starker Belastungs- und Bewegungsschmerz sowie eine Bewegungsunfähigkeit der li. Schulter. Weiters klagt sie über Schmerzen an der li. Körperseite (Ellenbogen, Rippen, Hüfte, Ober- und Unterschenkel).\nDiagnosen:\n* Bekannte art. Hypertonie\n* Bekannter M. Parkinson\n* Bekannte Osteoporose\n* Aktuell prox. Humeruskopffraktur links, Schürfwunden und Hämatome der linken Körperhälfte, leichte Schädelprellung\n\nKörperliche Untersuchung\nPat. in gering reduziertem AZ  und gutem EZ.\nVesikuäratmen bds., Bauchdecken eindrückbar, DG vorhanden, keine Abwehrspannung, kein DS, kein KS Nierenlager. Leber und Milz palpabel. \nPupillen mittelweit, pos. Lichtreaktion, neurologische Untersuchung o.B. \n\nLokalbefund: Am betroffenen Gelenk schmerzhafte Einschränkung der Beweglichkeit. Druckschmerz am Humeruskopf, beginnende Blutergüsse in der Achselhöhle, seitlich an der Thoraxwand und auf der medialen Seite des Oberarms. DMS peripher intakt. Hämatome und kleinere Schürfwunden an Ellenbogen, Hüfte Kniegelenk, sowie Außenknöchel. Beule über dem li Jochbein.\n\nRöntgen in 2 Ebenen:\nEs zeigt sich eine extraartikulare, unifokale (proximale) Fraktur des Humeruskopfes links.\nDie Ultraschalluntersuchung zeigte keine Hinweise auf Schäden an der Rotatorenmanschette.\nSchädel CT o.B.\n\nLabor bei Aufnahme:\nCRP 2,5 mg/dl, Hb 13,6 mg/dl, Leukozyten 6500/µl, Glucose 113mg/dl, HbA1c 6,3%, Kreatinin 1,2 mg/dl, Elektrolyte, Gerinnung, Transaminasen, gGT, TSH, Cholesterin und Trigylceride unauffällig.\n\nTherapie und Verlauf\nStat. Aufnahme unter dem klinischen Bild einer Humeruskopffraktur nach Sturz. \nDie Therapie der leicht eingestauchten und stabilen Fraktur erfolgt durch Anlage eines Gilchrist Verbands für 1 Woche, Röntgenkontrolle und Bewegungsübungen (Pendeln). Die Hämatome werden durch Kühlung und Auftragen von Heparinsalbe behandelt. Die Schürfwunden sind nach mechanischer Reinigung trocken und brauchen keine weitere Versorgung.\nWir führten in Zusammenarbeit mit unserer physiotherapeutischen Abteilung nach dem Eingriff eine Frühmobilisation durch.\nDie vorbestehende Vormedikation wurde hier fortgesetzt.\n\n\n\nProcedere: \nAnalgesie mit 3x Ibuprofen 600mg\nRegelmäßige Rö-Kontrollen und effektive Frühmobilisation, um eine Versteifung der Schulter zu vermeiden.\nRegelmäßige Wundkontrollen (Infektion?)\nVersorgung der Hämatome mit Heparinsalbe 2x täglich\nOrthopädische Vorstellung zur weiteren Behandlung.\n\nDie Entlassung erfolgt in Ihre ambulante Betreuung; die Patientin wird in das Pflegeheim zurückverlegt.  \n\nMit kollegialem Gruß\n\nDr. med. Renate Stutz\nAssistenzärztin\n\n"
    },
    {
      "%ID": 2,
      "%TYPE": "webanno.custom.PHI",
      "kind": "DATE",
      "begin": 95,
      "end": 105,
      "@sofa": 1
    },
    {
      "%ID": 3,
      "%TYPE": "webanno.custom.PHI",
      "kind": "DATE",
      "begin": 115,
      "end": 121,
      "@sofa": 1
    },
    {
      "%ID": 4,
      "%TYPE": "webanno.custom.PHI",
      "kind": "DATE",
      "begin": 122,
      "end": 132,
      "@sofa": 1
    },
    {
      "%ID": 5,
      "%TYPE": "webanno.custom.PHI",
      "kind": "NAME_DOCTOR",
      "begin": 2841,
      "end": 2853,
      "@sofa": 1
    },
    {
      "%ID": 6,
      "%TYPE": "webanno.custom.PHI",
      "kind": "NAME_PATIENT",
      "begin": 72,
      "end": 85,
      "@sofa": 1
    }
  ],
  "%VIEWS": {
    "_InitialView": {
      "%SOFA": 1,
      "%MEMBERS": [
        2,
        3,
        4,
        5,
        6
      ]
    }
  }
}