{
  "%TYPES": {
    "de.tudarmstadt.ukp.dkpro.core.api.segmentation.type.Sentence": {
      "%NAME": "de.tudarmstadt.ukp.dkpro.core.api.segmentation.type.Sentence",
      "%SUPER_TYPE": "uima.tcas.Annotation"
    },
    "webanno.custom.PHI": {
      "%NAME": "webanno.custom.PHI",
      "%SUPER_TYPE": "uima.tcas.Annotation",
      "kind": {
        "%NAME": "kind",
        "%RANGE": "uima.cas.String"
      }
    }
  },
  "%FEATURE_STRUCTURES": [
    {
      "%ID": 1,
      "%TYPE": "uima.cas.Sofa",
      "sofaNum": 1,
      "sofaID": "_InitialView",
      "mimeType": "text",
      "sofaString": "AMBULANZKARTE - Unfallchirurgie\n \nHolger M. Recklinghausen * 23.11.1979, Fallnummer: 554776009\n\n07.03.2022 \tAmbulanter Befund\n\nAnamnese:\nIm Jahr 2016 hat sich der Patient bei einem Motorradunfall in den USA eine laterale Claviculafraktur der rechten Schulter zugezogen, diese wurde umständehalber konservativ behandelt. \nPatient kommt wegen Fragestellung der Belastbarkeit der rechten Schulter.\n\nDiagnosen:\nSt.p. Fract. claviculae dext. ossis. sanata\n\nTherapie:\nUnters., Aufklärung, Röntgen, konservativ, soweit keine Einschränkung von Seiten der Belastung gegeben.\nKlinischer Befund:\nBeweglichkeit aktiv/passiv soweit frei, vermehrte Kallusformationen im\nBereich der lateralen Clavicula tastbar, die Fraktur klinisch\nkonsolidiert. Soweit keine Druckchmerzhaftigkeit über dem ehemaligen Frakturbereich wie auch das AC-Gelenk soweit frei, die Rotatorenmanschettentests negativ, Bizepssehnentest negativ, horizontaler Abduktionstest diskret positiv. Motorik/Durchblutung/Sensibilität peripher oB.\n\nRöntgen, s. Anl.\n\nZur Beachtung!\n \nKrankmeldung durch Hausarzt\n \nVerbände niemals selbst wechseln! Bei Blutungen, Schmerzen oder Fieber sofort die Unfallchirurgische Ambulanz aufsuchen! Vorsicht bei Gipsverbänden - wenn Schmerzen, Gefühllosigkeit oder Schwellungen auftreten, die Unf.-Chir. Klinik aufsuchen! Für die aus der Nichtbefolgung dieser Vorschrift möglicherweise eintretenden Folgen, lehnt die Klinik jede Verantwortung ab. \n\nBanddiktat - Hörfehler möglich!\n\n\n\n  \nRadiologischer Befund\nPatient: Holger M. Recklinghausen * 23.11.1979, Fallnummer: 554776009\n\n\n\nSchulter re. ap. axial/Y-Aufnahme: Z.n. lateraler Claviculafraktur, im axialen Röntgen Verschiebung um Schaftbreite nach ventral, die Fraktur soweit knöchern gut überbaut, das AC-Gelenk soweit kongruent. Kontrolle am:\nKontrolle bei Bedarf. (SCHULTER-Ambulanzkarte) Ambulanzkarte Befund wurde der/m Patientin(en) geschickt! \n\nUntersuchung durch: Priv.Doz. Dr.in Mersiha Kasupovic-Braun \n\nGeschrieben von Amadea Leber\n\nBefund elektronisch an Praxis Backus Waldemar versendet!\n"
    },
    {
      "%ID": 2,
      "%TYPE": "webanno.custom.PHI",
      "kind": "DATE",
      "begin": 61,
      "end": 71,
      "@sofa": 1
    },
    {
      "%ID": 3,
      "%TYPE": "webanno.custom.PHI",
      "kind": "DATE",
      "begin": 96,
      "end": 106,
      "@sofa": 1
    },
    {
      "%ID": 4,
      "%TYPE": "webanno.custom.PHI",
      "kind": "DATE",
      "begin": 145,
      "end": 149,
      "@sofa": 1
    },
    {
      "%ID": 5,
      "%TYPE": "webanno.custom.PHI",
      "kind": "DATE",
      "begin": 1528,
      "end": 1538,
      "@sofa": 1
    },
    {
      "%ID": 6,
      "%TYPE": "webanno.custom.PHI",
      "kind": "ID",
      "begin": 85,
      "end": 94,
      "@sofa": 1
    },
    {
      "%ID": 7,
      "%TYPE": "webanno.custom.PHI",
      "kind": "ID",
      "begin": 1552,
      "end": 1561,
      "@sofa": 1
    },
    {
      "%ID": 8,
      "%TYPE": "webanno.custom.PHI",
      "kind": "LOCATION_CITY",
      "begin": 44,
      "end": 58,
      "@sofa": 1
    },
    {
      "%ID": 9,
      "%TYPE": "webanno.custom.PHI",
      "kind": "LOCATION_CITY",
      "begin": 1511,
      "end": 1525,
      "@sofa": 1
    },
    {
      "%ID": 10,
      "%TYPE": "webanno.custom.PHI",
      "kind": "LOCATION_COUNTRY",
      "begin": 203,
      "end": 206,
      "@sofa": 1
    },
    {
      "%ID": 11,
      "%TYPE": "webanno.custom.PHI",
      "kind": "NAME_DOCTOR",
      "begin": 1923,
      "end": 1943,
      "@sofa": 1
    },
    {
      "%ID": 12,
      "%TYPE": "webanno.custom.PHI",
      "kind": "NAME_PATIENT",
      "begin": 34,
      "end": 42,
      "@sofa": 1
    },
    {
      "%ID": 13,
      "%TYPE": "webanno.custom.PHI",
      "kind": "NAME_PATIENT",
      "begin": 1501,
      "end": 1509,
      "@sofa": 1
    },
    {
      "%ID": 14,
      "%TYPE": "webanno.custom.PHI",
      "kind": "NAME_PATIENT",
      "begin": 1968,
      "end": 1980,
      "@sofa": 1
    }
  ],
  "%VIEWS": {
    "_InitialView": {
      "%SOFA": 1,
      "%MEMBERS": [
        2,
        3,
        4,
        5,
        6,
        7,
        8,
        9,
        10,
        11,
        12,
        13,
        14
      ]
    }
  }
}