{
  "%TYPES": {
    "de.tudarmstadt.ukp.dkpro.core.api.segmentation.type.Sentence": {
      "%NAME": "de.tudarmstadt.ukp.dkpro.core.api.segmentation.type.Sentence",
      "%SUPER_TYPE": "uima.tcas.Annotation"
    },
    "webanno.custom.PHI": {
      "%NAME": "webanno.custom.PHI",
      "%SUPER_TYPE": "uima.tcas.Annotation",
      "kind": {
        "%NAME": "kind",
        "%RANGE": "uima.cas.String"
      }
    }
  },
  "%FEATURE_STRUCTURES": [
    {
      "%ID": 1,
      "%TYPE": "uima.cas.Sofa",
      "sofaNum": 1,
      "sofaID": "_InitialView",
      "mimeType": "text",
      "sofaString": "Alissa Rieser geb. 01.07.1963,\n\nSehr geehrter Frau Kollegin, sehr geehrter Herr Kollege,\n\nwir berichten ihnen folgend über o. g. Patientin, die sich am 22.03.2023 in unserer teil stationären Behandlung befand.\n\t\t\nDiagnosen:\n1. Pankreas Kopf CA ED 06/2022\n2. Diabetes mell II, diät eingestellt\n3. V. a. allergisches Reaktion gegen Sultamicillin\n\n\nAktuell Therapie:\n\nERCP mit Stentwechsel am 22.03.2023: Problemlos Einund Vorführen des Gerätes sowie Extraktion der liegender Prothese, dieses ist incrustiert. Einstellung zur Extraktion ist extrem schwierig. Anschl. Einstellung mit Hilfe des therapeutischem Gerätes gelinggt nicht, so das nach mehreren Versuchen das Gerät gewechselt. Mit analytisches Gerät gelinget das Gallen Gang System zu sondieren und Prothese zu placieren. Danach gutes Abfluß Galle. \n\nBeurteilung: Wechsel der Tannenbaum Prosthese (11,5 F/8cm in 7,5 F/8 cm), höhergradiger Stenosierung im Bereich des Duodenum. Hierdurch gelingt Einstellung von Papille nur schwierige. Gutes Abfluß Galle. Patientin bis Heute Abend Nüchter lassen.\n\nEpikriese und Therapieempfehlung:\n\nFrau Rieser wurde uns zum Routine Stentwechsel bei bek. Pancreas Kopfcarcinom aufgenommen. Der Wechsel wurde am 22.03.2023 komplikationslos durchgeführt. Wir ersuchen Patientin, bis morgen 8.00 Uhr nüchtern zu bleiben; Tee trinken darf sie ab heute um 18.00 Uhr zu sich nehmen.\n\nIhr freundl. Einverst. voraussetzende, empfehlen wir Wiedervorstellung nach entsprechender Termin Vereinbaarung (unter 0233-220-312257) zum erneuten Stent Wechsel. Da sich bereits dieses Mal das Stetwechsel als techn. schwierig erwiesen hat, sollte nächstes Wechsel unter stat. Bedingungen erfolgen, da dann möglicherweise ein perkutanes Vorgehen vorteilhaft erwiesen würden.\n\nMedikation bei Entlasung:\nwie gehabt\n\nMit freundlichen kollegialen Grüßen\n\nDra. Ana Lăcrămioara Isărescu \n"
    },
    {
      "%ID": 2,
      "%TYPE": "webanno.custom.PHI",
      "kind": "CONTACT_PHONE",
      "begin": 1487,
      "end": 1502,
      "@sofa": 1
    },
    {
      "%ID": 3,
      "%TYPE": "webanno.custom.PHI",
      "kind": "DATE",
      "begin": 19,
      "end": 29,
      "@sofa": 1
    },
    {
      "%ID": 4,
      "%TYPE": "webanno.custom.PHI",
      "kind": "DATE",
      "begin": 152,
      "end": 162,
      "@sofa": 1
    },
    {
      "%ID": 5,
      "%TYPE": "webanno.custom.PHI",
      "kind": "DATE",
      "begin": 247,
      "end": 254,
      "@sofa": 1
    },
    {
      "%ID": 6,
      "%TYPE": "webanno.custom.PHI",
      "kind": "DATE",
      "begin": 390,
      "end": 400,
      "@sofa": 1
    },
    {
      "%ID": 7,
      "%TYPE": "webanno.custom.PHI",
      "kind": "DATE",
      "begin": 1201,
      "end": 1211,
      "@sofa": 1
    },
    {
      "%ID": 8,
      "%TYPE": "webanno.custom.PHI",
      "kind": "NAME_DOCTOR",
      "begin": 1825,
      "end": 1849,
      "@sofa": 1
    },
    {
      "%ID": 9,
      "%TYPE": "webanno.custom.PHI",
      "kind": "NAME_PATIENT",
      "begin": 0,
      "end": 13,
      "@sofa": 1
    },
    {
      "%ID": 10,
      "%TYPE": "webanno.custom.PHI",
      "kind": "NAME_PATIENT",
      "begin": 1094,
      "end": 1100,
      "@sofa": 1
    }
  ],
  "%VIEWS": {
    "_InitialView": {
      "%SOFA": 1,
      "%MEMBERS": [
        2,
        3,
        4,
        5,
        6,
        7,
        8,
        9,
        10
      ]
    }
  }
}