{
  "%TYPES": {
    "de.tudarmstadt.ukp.dkpro.core.api.segmentation.type.Sentence": {
      "%NAME": "de.tudarmstadt.ukp.dkpro.core.api.segmentation.type.Sentence",
      "%SUPER_TYPE": "uima.tcas.Annotation"
    },
    "webanno.custom.PHI": {
      "%NAME": "webanno.custom.PHI",
      "%SUPER_TYPE": "uima.tcas.Annotation",
      "kind": {
        "%NAME": "kind",
        "%RANGE": "uima.cas.String"
      }
    }
  },
  "%FEATURE_STRUCTURES": [
    {
      "%ID": 1,
      "%TYPE": "uima.cas.Sofa",
      "sofaNum": 1,
      "sofaID": "_InitialView",
      "mimeType": "text",
      "sofaString": "Städt. Klinikum Neustadt\n\nKlinik für Ophthalmologie\nKlinikvorstand: Univ.-Prof. Dr. Horst Auenbrugger\nA-9011 Neustadt, Erich-Kästner-Platz 5, Tel.: +43 333 775-8422, Fax: +43(0)333 775-8422334\n\n\n \nHerrn Dr. med. Tobias Öhler Kaiserstrße 33\nA-9011 Neustadt\n \n\n\nBEFUND - AMBULANZ\t15.11.2026\n\n \nPATIENTIN:\nGerlinde Schielaug, geb: 16.7.1999 wh.: 9011 Neustadt, Wienerstrasse 89\n \n\n\nFall: 102341651622\n \n\nDIAGNOSE(N): Myopie BA (H52.1).\nExophorie (Konvergenzinsuffizienz Typ) BA. Astigmatismus BA.\nPresbyopie BA.\n\nFamilienanamnese: Opa mütterlicherseits Glaukom ab 55. Lj und Makuladeg., Mutter um -10 dpt. myop und astigmat., cataractoperiert, Vater links seit Kindheit erbindet, rechts cataractoperiert; Tante Glaukom und trockene Makuladeg. \n\nEigene Anamnese: 1. Brille mit ca. 13. LJ; Myopie und Astigmatismus. Über die Jahre relativ stabil; Linkes Auge sah immer gering besser als das rechte.\nAllergische Konjunktivits (Pollen) seit 13. Lj. \n\nAugen FA Dr. Perchtner, zuletzt am 13.Juli 2025; Fundi zentral o.B., AT 14/15 mm/Hg\nAugendruckkontrollen fanden regelmäßig statt, immer im Normbereich. \nOptiker bemerkte Verschlechterung des Astigmatismus um 2 dpt.; Brille nicht geändert; Zunehmende Ermüdung beim Lesen gegen Abend; Pat. kann aber doch viele Stunden praktisch\nbeschwerdefrei arbeiten: Pat. liest/arbeitet fast ausschließlich an versch. Bildschirmen: PC, Laptop und Smartphone. Patient justiert sich Schriftgröße und Lichtintensität je nach Bedarf. Lesen vom Papier wurde vom\nFacharzt zu Übungszwecken empfohlen. \n\nPat. nähert Lesetext an, liest am besten SC und kneift das rechte Auge häufiger zu.\n\nBEFUNDE:\n\nREFRAKTION: \nVISUS mit eigener Fernkorrektion: \nRechts: Optikernachfrage: -4,75 # +0,75 A. 10° = 1.0 unsicher, Links: Optikernachfrage: -4,5 # +0,5 A. 175° = 1,2 p. FERNVISUS mit Korrektion: Rechts: -5,0 sph. #+0,75 cyl. A. 10° = 1.0.\n\nNAHVISUS ohne Korr.: Re.: in Annäherung 0,8. Li.: in Annäherung 1,0 . NAHVISUS mit\n\nKorrektion: Rechts: mit Addition von +2,5 sph. = 0,8- 1,0 mit Mühe. Links: mit Addition von +2,5 sph. = 1.0.\n\nBINOKULARVISUS - Nähe: für die mittlere Computer + Lesedistanz eine Addition +0,5 sph. I +1,0 sph. und\n+1,5 sph. ausprobiert- spontan keine angenehme/ wirkliche Verbesserung bemerkbar. Optotypen: Ferne: Buchstaben. Nähe: Birkhäuser.\n\nEin Brillenrezept mit den Werten: Ferne: RA: -5,0 # +0,75 A. 10° ; LA: -4,5 # +0,5 A. 175° wurde mitgegeben.\n\nSPALTLAMPE: Rechts: Bindehaut: rf. Hornhaut: klar, glatt. Vorderkammer: rf. Pupille: med Myd. Links: Bindehaut: rf. Hornhaut: klar, glatt. Vorderkammer: rf. Pupille: med Myd.\n\nTENSION: Rechts 16 mmHg. Links: 15 mmHg. 12:14:02 (AT Zeit) \n\nMYDRIASIS:  Rechts: 11:58 Links: 11:58\n\nFUNDUS: Rechts: Papille: vital, rs, peripap. AH-Atrophie. Makula: unauff.. Peripherie: Nh anI... Links: Papille: vital, rs, peripap. AH-Atrophie. Makula: unauff.. Peripherie: Nh anl... Indirekte Ophthalmoskopie BA durchgeführt;\nABDECKTEST: Ferne (cc): Orthophorie. Nähe (cc): Exophorie.\n\nPrismen-Abdecktest\nFerne: cc alt.\n\nMDR nach Provokation: +0,25° und +VD 0,5°\nNähe: cc alt.\nbis -5,5° in 33 cm\n\n\nKONVERGENZ: bis(+).\nSTEREO-TEST(S): (cc): Lang: psositiv.\nBINOKULAR-TEST(S): Maddox-Wing: (cc): 12- 10 _ 8 pdpt. Exo; 0 pdpt. hyper. Bemerkungen: Röhrentest Dominanz rechts\n\nPROCEDERE: OCT: Macula BA: unauff., Papille BA: unauff.\n\nWir haben ein Rp für eine neue Fernbrille ausgestellt (Beschichtung rechts löst sich);\n\nDas Ausprobieren von verschiedenen Arbeitsplatz / Computer-Additionen von +0,5 bis +1,5 sph. bds. ist spontan nicht merklich besser oder hilfreich. Die Pat. überlegt noch, ob sie sich evtl. eine Gleitsichtbrille (für die Computer-Arbeitsdistanz- Lesedistanz) anfertigen lässt.\n\nBefund elektronisch freigegeben von OT Hendlbein MBA am: 15.11.2026 um: 15:38\n\nOrthoptistin: Hendlbein H. MBA \nBrunzli B. Dr.\n\nBEFUND ERGEHT AN: Haus Horst Dr., Herrn Dr. med. Tobias Öhler Kaiserstrße 33 A-9011 Neustadt\n"
    },
    {
      "%ID": 2,
      "%TYPE": "webanno.custom.PHI",
      "kind": "CONTACT_FAX",
      "begin": 171,
      "end": 192,
      "@sofa": 1
    },
    {
      "%ID": 3,
      "%TYPE": "webanno.custom.PHI",
      "kind": "CONTACT_PHONE",
      "begin": 148,
      "end": 164,
      "@sofa": 1
    },
    {
      "%ID": 4,
      "%TYPE": "webanno.custom.PHI",
      "kind": "CONTACT_PHONE",
      "begin": 385,
      "end": 397,
      "@sofa": 1
    },
    {
      "%ID": 5,
      "%TYPE": "webanno.custom.PHI",
      "kind": "DATE",
      "begin": 237,
      "end": 246,
      "@sofa": 1
    },
    {
      "%ID": 6,
      "%TYPE": "webanno.custom.PHI",
      "kind": "DATE",
      "begin": 278,
      "end": 288,
      "@sofa": 1
    },
    {
      "%ID": 7,
      "%TYPE": "webanno.custom.PHI",
      "kind": "DATE",
      "begin": 328,
      "end": 337,
      "@sofa": 1
    },
    {
      "%ID": 8,
      "%TYPE": "webanno.custom.PHI",
      "kind": "DATE",
      "begin": 979,
      "end": 991,
      "@sofa": 1
    },
    {
      "%ID": 9,
      "%TYPE": "webanno.custom.PHI",
      "kind": "DATE",
      "begin": 1016,
      "end": 1021,
      "@sofa": 1
    },
    {
      "%ID": 10,
      "%TYPE": "webanno.custom.PHI",
      "kind": "DATE",
      "begin": 3257,
      "end": 3260,
      "@sofa": 1
    },
    {
      "%ID": 11,
      "%TYPE": "webanno.custom.PHI",
      "kind": "DATE",
      "begin": 3726,
      "end": 3736,
      "@sofa": 1
    },
    {
      "%ID": 12,
      "%TYPE": "webanno.custom.PHI",
      "kind": "DATE",
      "begin": 3870,
      "end": 3879,
      "@sofa": 1
    },
    {
      "%ID": 13,
      "%TYPE": "webanno.custom.PHI",
      "kind": "ID",
      "begin": 385,
      "end": 397,
      "@sofa": 1
    },
    {
      "%ID": 14,
      "%TYPE": "webanno.custom.PHI",
      "kind": "LOCATION_CITY",
      "begin": 109,
      "end": 117,
      "@sofa": 1
    },
    {
      "%ID": 15,
      "%TYPE": "webanno.custom.PHI",
      "kind": "LOCATION_CITY",
      "begin": 247,
      "end": 255,
      "@sofa": 1
    },
    {
      "%ID": 16,
      "%TYPE": "webanno.custom.PHI",
      "kind": "LOCATION_CITY",
      "begin": 348,
      "end": 356,
      "@sofa": 1
    },
    {
      "%ID": 17,
      "%TYPE": "webanno.custom.PHI",
      "kind": "LOCATION_CITY",
      "begin": 3880,
      "end": 3888,
      "@sofa": 1
    },
    {
      "%ID": 18,
      "%TYPE": "webanno.custom.PHI",
      "kind": "LOCATION_HOSPITAL",
      "begin": 7,
      "end": 24,
      "@sofa": 1
    },
    {
      "%ID": 19,
      "%TYPE": "webanno.custom.PHI",
      "kind": "LOCATION_HOSPITAL",
      "begin": 26,
      "end": 66,
      "@sofa": 1
    },
    {
      "%ID": 20,
      "%TYPE": "webanno.custom.PHI",
      "kind": "LOCATION_HOSPITAL",
      "begin": 3814,
      "end": 3828,
      "@sofa": 1
    },
    {
      "%ID": 21,
      "%TYPE": "webanno.custom.PHI",
      "kind": "LOCATION_STREET",
      "begin": 119,
      "end": 140,
      "@sofa": 1
    },
    {
      "%ID": 22,
      "%TYPE": "webanno.custom.PHI",
      "kind": "LOCATION_STREET",
      "begin": 358,
      "end": 374,
      "@sofa": 1
    },
    {
      "%ID": 23,
      "%TYPE": "webanno.custom.PHI",
      "kind": "LOCATION_ZIP",
      "begin": 104,
      "end": 108,
      "@sofa": 1
    },
    {
      "%ID": 24,
      "%TYPE": "webanno.custom.PHI",
      "kind": "LOCATION_ZIP",
      "begin": 343,
      "end": 347,
      "@sofa": 1
    },
    {
      "%ID": 25,
      "%TYPE": "webanno.custom.PHI",
      "kind": "NAME_DOCTOR",
      "begin": 84,
      "end": 101,
      "@sofa": 1
    },
    {
      "%ID": 26,
      "%TYPE": "webanno.custom.PHI",
      "kind": "NAME_DOCTOR",
      "begin": 212,
      "end": 236,
      "@sofa": 1
    },
    {
      "%ID": 27,
      "%TYPE": "webanno.custom.PHI",
      "kind": "NAME_DOCTOR",
      "begin": 921,
      "end": 927,
      "@sofa": 1
    },
    {
      "%ID": 28,
      "%TYPE": "webanno.custom.PHI",
      "kind": "NAME_DOCTOR",
      "begin": 957,
      "end": 966,
      "@sofa": 1
    },
    {
      "%ID": 29,
      "%TYPE": "webanno.custom.PHI",
      "kind": "NAME_DOCTOR",
      "begin": 3845,
      "end": 3869,
      "@sofa": 1
    },
    {
      "%ID": 30,
      "%TYPE": "webanno.custom.PHI",
      "kind": "NAME_PATIENT",
      "begin": 303,
      "end": 321,
      "@sofa": 1
    },
    {
      "%ID": 31,
      "%TYPE": "webanno.custom.PHI",
      "kind": "NAME_PATIENT",
      "begin": 550,
      "end": 557,
      "@sofa": 1
    },
    {
      "%ID": 32,
      "%TYPE": "webanno.custom.PHI",
      "kind": "NAME_PATIENT",
      "begin": 708,
      "end": 715,
      "@sofa": 1
    }
  ],
  "%VIEWS": {
    "_InitialView": {
      "%SOFA": 1,
      "%MEMBERS": [
        2,
        3,
        4,
        5,
        6,
        7,
        8,
        9,
        10,
        11,
        12,
        13,
        14,
        15,
        16,
        17,
        18,
        19,
        20,
        21,
        22,
        23,
        24,
        25,
        26,
        27,
        28,
        29,
        30,
        31,
        32
      ]
    }
  }
}