{
  "%TYPES": {
    "de.tudarmstadt.ukp.dkpro.core.api.segmentation.type.Sentence": {
      "%NAME": "de.tudarmstadt.ukp.dkpro.core.api.segmentation.type.Sentence",
      "%SUPER_TYPE": "uima.tcas.Annotation"
    },
    "webanno.custom.PHI": {
      "%NAME": "webanno.custom.PHI",
      "%SUPER_TYPE": "uima.tcas.Annotation",
      "kind": {
        "%NAME": "kind",
        "%RANGE": "uima.cas.String"
      }
    }
  },
  "%FEATURE_STRUCTURES": [
    {
      "%ID": 1,
      "%TYPE": "uima.cas.Sofa",
      "sofaNum": 1,
      "sofaID": "_InitialView",
      "mimeType": "text",
      "sofaString": "Befund - Ambulanz für Melanomnachsorge\n\nAlbert Schnitzler, * 3.2.1959, wohnhaft in 9020 Klagenfurt, Alois-Alzheimer-Gasse 21\n\n2023-04-26\nAnamnese\n\nPatient kommt heute zur Kontrolle und Entscheidung über weiteres  Procedere.\nHerr Schnitzler entscheidet sich für die einjährige Interferontherapie.\n\nBeurteilung\n\nAufklärung über eine Interferontherapie erfolgte.  Dokumentation mitgegeben.\n \nDiagnose\n\nSt.p. TE eines Malignen Melanoms ( Level IV, TD 3,75mm)/ Oberbauch links  \nSt.p. NE tumorfrei und Sentinel Node -Exstirpation (tumorfrei)\nPsychose (ED 2018) seither Therapie mit Abilify + Cipralex\n\n\nHistologie\n\nHistologie vom 19.4.2023: Abtragung rechts: Dermaler melanocytärer Naevus.\nE-Nr.: 17217277: NE Oberbauch l: NE-präparat mit Narbengewebe.\nE-Nr.: 37844677 Patho Klagenfurt: Sentinel Node, Leiste links: Tumofr. Sentinel node.\nE-Nr.: 17663757: TE Oberarm rechts: Angiolipom\n \nInspektion u. Palpation\n\nBlande Narbe im Bereich des Oberbauchs. Ein sichtbarer kleiner subkutaner Faden wird entfernt.\nLetzte Durchuntersuchungen:  Thoraxröntgen, OB-Sono, Son axillär, ing.:  unauffällig.\nRR: 145/85 mmHg\n\nLabor : incl. BB und Diff-BB, Elektrolyte (Na, K, Cl, Ca), Niere (Krea, Harnstoff, Harnsäure), Leber (Bili, AP, GGT, CHE, AST, ALT), Herz (CK, LDH), Pankreas (P-Amylase, Lipase), Glucose, CRP, Chol, Tri unauff. bis auf: Lipase 122, Cholesterin 219.\n\nProcedere\n\nEine stationäre Aufnahme zur Einleitung der  Interferontherapie wurde für  den 2.05.2023 auf Station 1502 im Universitätsklinikum Klagenfurt um 14.30Uhr vereinbart.\n\nMedilkation:\nAbilify 10 mg 1/2-0-0\n\nMit freundlichen Grüßen\nDr. med. univers. Adalbert Schitzler\n\n \n\n"
    },
    {
      "%ID": 2,
      "%TYPE": "webanno.custom.PHI",
      "kind": "CONTACT_PHONE",
      "begin": 692,
      "end": 700,
      "@sofa": 1
    },
    {
      "%ID": 3,
      "%TYPE": "webanno.custom.PHI",
      "kind": "CONTACT_PHONE",
      "begin": 755,
      "end": 763,
      "@sofa": 1
    },
    {
      "%ID": 4,
      "%TYPE": "webanno.custom.PHI",
      "kind": "CONTACT_PHONE",
      "begin": 841,
      "end": 849,
      "@sofa": 1
    },
    {
      "%ID": 5,
      "%TYPE": "webanno.custom.PHI",
      "kind": "DATE",
      "begin": 61,
      "end": 69,
      "@sofa": 1
    },
    {
      "%ID": 6,
      "%TYPE": "webanno.custom.PHI",
      "kind": "DATE",
      "begin": 126,
      "end": 136,
      "@sofa": 1
    },
    {
      "%ID": 7,
      "%TYPE": "webanno.custom.PHI",
      "kind": "DATE",
      "begin": 550,
      "end": 554,
      "@sofa": 1
    },
    {
      "%ID": 8,
      "%TYPE": "webanno.custom.PHI",
      "kind": "DATE",
      "begin": 625,
      "end": 634,
      "@sofa": 1
    },
    {
      "%ID": 9,
      "%TYPE": "webanno.custom.PHI",
      "kind": "DATE",
      "begin": 1446,
      "end": 1455,
      "@sofa": 1
    },
    {
      "%ID": 10,
      "%TYPE": "webanno.custom.PHI",
      "kind": "ID",
      "begin": 692,
      "end": 700,
      "@sofa": 1
    },
    {
      "%ID": 11,
      "%TYPE": "webanno.custom.PHI",
      "kind": "ID",
      "begin": 755,
      "end": 763,
      "@sofa": 1
    },
    {
      "%ID": 12,
      "%TYPE": "webanno.custom.PHI",
      "kind": "ID",
      "begin": 841,
      "end": 849,
      "@sofa": 1
    },
    {
      "%ID": 13,
      "%TYPE": "webanno.custom.PHI",
      "kind": "LOCATION_CITY",
      "begin": 83,
      "end": 98,
      "@sofa": 1
    },
    {
      "%ID": 14,
      "%TYPE": "webanno.custom.PHI",
      "kind": "LOCATION_CITY",
      "begin": 405,
      "end": 407,
      "@sofa": 1
    },
    {
      "%ID": 15,
      "%TYPE": "webanno.custom.PHI",
      "kind": "LOCATION_CITY",
      "begin": 770,
      "end": 780,
      "@sofa": 1
    },
    {
      "%ID": 16,
      "%TYPE": "webanno.custom.PHI",
      "kind": "LOCATION_CITY",
      "begin": 851,
      "end": 853,
      "@sofa": 1
    },
    {
      "%ID": 17,
      "%TYPE": "webanno.custom.PHI",
      "kind": "LOCATION_HOSPITAL",
      "begin": 1476,
      "end": 1507,
      "@sofa": 1
    },
    {
      "%ID": 18,
      "%TYPE": "webanno.custom.PHI",
      "kind": "LOCATION_STREET",
      "begin": 100,
      "end": 124,
      "@sofa": 1
    },
    {
      "%ID": 19,
      "%TYPE": "webanno.custom.PHI",
      "kind": "NAME_DOCTOR",
      "begin": 40,
      "end": 57,
      "@sofa": 1
    },
    {
      "%ID": 20,
      "%TYPE": "webanno.custom.PHI",
      "kind": "NAME_DOCTOR",
      "begin": 1611,
      "end": 1629,
      "@sofa": 1
    },
    {
      "%ID": 21,
      "%TYPE": "webanno.custom.PHI",
      "kind": "NAME_PATIENT",
      "begin": 40,
      "end": 57,
      "@sofa": 1
    },
    {
      "%ID": 22,
      "%TYPE": "webanno.custom.PHI",
      "kind": "NAME_PATIENT",
      "begin": 88,
      "end": 121,
      "@sofa": 1
    },
    {
      "%ID": 23,
      "%TYPE": "webanno.custom.PHI",
      "kind": "NAME_PATIENT",
      "begin": 229,
      "end": 239,
      "@sofa": 1
    }
  ],
  "%VIEWS": {
    "_InitialView": {
      "%SOFA": 1,
      "%MEMBERS": [
        2,
        3,
        4,
        5,
        6,
        7,
        8,
        9,
        10,
        11,
        12,
        13,
        14,
        15,
        16,
        17,
        18,
        19,
        20,
        21,
        22,
        23
      ]
    }
  }
}