{
  "%TYPES": {
    "de.tudarmstadt.ukp.dkpro.core.api.segmentation.type.Sentence": {
      "%NAME": "de.tudarmstadt.ukp.dkpro.core.api.segmentation.type.Sentence",
      "%SUPER_TYPE": "uima.tcas.Annotation"
    },
    "webanno.custom.PHI": {
      "%NAME": "webanno.custom.PHI",
      "%SUPER_TYPE": "uima.tcas.Annotation",
      "kind": {
        "%NAME": "kind",
        "%RANGE": "uima.cas.String"
      }
    }
  },
  "%FEATURE_STRUCTURES": [
    {
      "%ID": 1,
      "%TYPE": "uima.cas.Sofa",
      "sofaNum": 1,
      "sofaID": "_InitialView",
      "mimeType": "text",
      "sofaString": "﻿Frau Brigitte Stölzl, geb. 11.01.1979,\nRobert-Koch-Str. 17, 01334 Freudenbrunn\nAmbulante Vorstellung am 21. und 23.04.2028\n\n\n\nKlinische Diagnose:\nHashimoto-Thyreoiditis.\nEuthyreote Stoffwechsellage unter Hormonsubstitution.\nUnklare Anämie.\n\n\n\nBei Fr. Stölzl seit 5 Monaten eine Schwäche beider Beine, auch des rechten Arms, weitgehend ohne Schmerzen. Ferner klagt sie über wiederkehrende Kopfschmerzen sowie Gleichgewichtsstörungen. Aus der weiteren Vorgeschichte ist eine Hypothyreose bekannt, welche jedoch nach eigenen Angaben gut substituiert sei.\n\nKlinisch-neurologisch bestehen keine abgrenzbaren fokalen Ausfälle. Jedoch zeigt sich eine ausgeprägte Gangataxie.\n\nDie MRT-Diagnostik des Schädels (ohne Kontrastmittel) zeigt multiple Marklagerherde in beiden Hemisphären. Dabei könnte es sich um eine Vasculitis handeln.\n\nIn der weiteren Abklärung wurden im Kernspin mult. Marklagerläsionen festgestellt, die bei fehlender Fokalsymptomatik kein klin. Korrelat haben. Die lumbale LP war unauffällig, insbes. fanden sich keine Zeichen für eine aktive oder chron. Entzündung. Auch die unauffällige Zusatzdiagnostik (visuell evoz. Potentiale, transkranielle Magnetstimulation, evoz. Potentiale) ergab keine Hinweise auf disseminierte zentrale Erkrankung. Wir empfehlen MRT-Verlaufskontrolle in ca. 6 Monaten. \nEine weitere mögliche Ursache für die Marklagerläsionen wäre ein arterieller Hypertonus, die Pat. berichtet, dass bei regelmäßigen Blutdruckkontrollen normotone Werte gemessen werden (120/80). Trotzdem empfehlen wir weitere regelm. RR-Kontrollen.\n\nWir haben Frau Stölzl mitgeteilt, dass wir zurzeit keinen Handlungsbedarf auf neurologischem Gebiet sehen. Allerdings sollte die leichte Anämie weiter abgeklärt werden, weswegen wir einen Termin bei Prof. Henderson in der Inneren Abt. dises Hauses für den 24.04.28 ausmachten.\n\nKlinisch-neurologisch: Kein Meningismus. Hirnnerven unauffällig. Leichte generelle Muskelschwäche, keine fokalen Paresen, Muskeleigenreflexe schwach seitengleich, keine Pyramidenbahnzeichen. Keine schmerzende Muskulatur. Sensibilität unauffällig. Koordination: Romberg Stehversuch unauffällig, keine Ataxie in den Zeigeversuchen. Anamnestisch Wasserlassen unauffällig.\n\nVisuelle evozierte Potentiale: Beidseits unauffällig.\n\nTranskranielle Magnetstimulation zu Armen und Beinen: Unauff. zentrale Latenzen.\n\nMedianus-SEP: Beidseits unauff. periphere und zentrale Latenzen.\n\nTibialis-SEP: Beidseits unauf. periphere und zentrale Latenzen.\n\nLumbale Liquorpunktion: Zellzahl 3, Gesamteiweiß 188, Albumin-Quotient 2,4, IgG-Index 0,52, oligoklonale Banden im Liquor und Serum negativ.\n\nLabor: 21.04.08 11:35 Uhr: Quick 98 %; Intern. norm. Ratio 0,91; PTT 33 sec; CK 171 U/l;\n21.04.08 14:17 Uhr: Liquormenge 7,0; Liquorfarbe vor Zentrifugation fahl; Liquorfarbe nach Zentrifugat. fahl; Zellzahl 3 /µl; Punktionsort LP; Liquordruck - cm H2O; Erythrozyten -; Lymphozyten 92 %; Monozyten 10 %; Granulozyten - %; Plasmazellen - %; Aktivierte B-Lymphozyten - %; Erythro-/Siderophagen - %; Sonstige Zellen - %; Gesamtprotein 193 mg/l; Quotient Albumin 2,7; Lokale IgG Synthese 0,000; Lokale IgA Synthese 0,000; Lokale IgM Synthese 0,000; IgG Index 0,54; OKB im Liquor neg.; OKB im Serum neg.\n24.04.08 11:56 Uhr: Leukozyten 6,2 Tsd/µl; Erythrozyten 4,1 Mio/µl; Hämoglobin 12,8 g/dl; Hämatokrit 38,5 %; \nThrombozyten 256 Tsd/µl; Eisen 151 µg/dl; Ferritin 37 ng/ml; TSH 1,80 µU/ml; Gesamt Cholesterin 162 mg/dl; Gesamt Triglyzeride 101 mg/dl.\n\nBeurteilung:\nAls Ursache der bekannten Hypothyreose zeigt sich in Zusammenschau von Sono und deutlich erhöhten Anti-TPO-AKs eine Hashimoto-Thyreoiditis. Die noch nachweisbare Hyperperfusion weist auf eine weiterhin aktive Schilddrüsenentzündung hin. Bei euthyreoter Stoffwechsellage sollte die Behandlung mit L-Thyroxin 125 unverändert fortgeführt werden.\n\nIn den Kontrollen ist eine deutliche Anämie festzustellen, die ursächlich weiter abzuklären ist. Möglicherweise findet sich hier die Erklärung für die Symptomatik. Regelmäßige Schilddrüsenhormonkontrollen sind  erforderlich. Ziel ist ein normaler TSH-Basalspiegel. Eine Schilddrüsensonographie sollte in max. einem Jahr wiederholt werden.\n\nMit freundlichen Grüßen\n\nPD Dr. med. Hasso Hasselblatt\n \n\n"
    },
    {
      "%ID": 2,
      "%TYPE": "webanno.custom.PHI",
      "kind": "DATE",
      "begin": 28,
      "end": 38,
      "@sofa": 1
    },
    {
      "%ID": 3,
      "%TYPE": "webanno.custom.PHI",
      "kind": "DATE",
      "begin": 105,
      "end": 108,
      "@sofa": 1
    },
    {
      "%ID": 4,
      "%TYPE": "webanno.custom.PHI",
      "kind": "DATE",
      "begin": 113,
      "end": 123,
      "@sofa": 1
    },
    {
      "%ID": 5,
      "%TYPE": "webanno.custom.PHI",
      "kind": "DATE",
      "begin": 1815,
      "end": 1823,
      "@sofa": 1
    },
    {
      "%ID": 6,
      "%TYPE": "webanno.custom.PHI",
      "kind": "DATE",
      "begin": 2353,
      "end": 2356,
      "@sofa": 1
    },
    {
      "%ID": 7,
      "%TYPE": "webanno.custom.PHI",
      "kind": "DATE",
      "begin": 2419,
      "end": 2422,
      "@sofa": 1
    },
    {
      "%ID": 8,
      "%TYPE": "webanno.custom.PHI",
      "kind": "DATE",
      "begin": 2624,
      "end": 2632,
      "@sofa": 1
    },
    {
      "%ID": 9,
      "%TYPE": "webanno.custom.PHI",
      "kind": "DATE",
      "begin": 2706,
      "end": 2714,
      "@sofa": 1
    },
    {
      "%ID": 10,
      "%TYPE": "webanno.custom.PHI",
      "kind": "DATE",
      "begin": 3216,
      "end": 3224,
      "@sofa": 1
    },
    {
      "%ID": 11,
      "%TYPE": "webanno.custom.PHI",
      "kind": "LOCATION_CITY",
      "begin": 67,
      "end": 79,
      "@sofa": 1
    },
    {
      "%ID": 12,
      "%TYPE": "webanno.custom.PHI",
      "kind": "LOCATION_HOSPITAL",
      "begin": 248,
      "end": 258,
      "@sofa": 1
    },
    {
      "%ID": 13,
      "%TYPE": "webanno.custom.PHI",
      "kind": "LOCATION_STREET",
      "begin": 40,
      "end": 59,
      "@sofa": 1
    },
    {
      "%ID": 14,
      "%TYPE": "webanno.custom.PHI",
      "kind": "LOCATION_ZIP",
      "begin": 61,
      "end": 66,
      "@sofa": 1
    },
    {
      "%ID": 15,
      "%TYPE": "webanno.custom.PHI",
      "kind": "NAME_DOCTOR",
      "begin": 1764,
      "end": 1773,
      "@sofa": 1
    },
    {
      "%ID": 16,
      "%TYPE": "webanno.custom.PHI",
      "kind": "NAME_DOCTOR",
      "begin": 4199,
      "end": 4216,
      "@sofa": 1
    },
    {
      "%ID": 17,
      "%TYPE": "webanno.custom.PHI",
      "kind": "NAME_PATIENT",
      "begin": 6,
      "end": 21,
      "@sofa": 1
    },
    {
      "%ID": 18,
      "%TYPE": "webanno.custom.PHI",
      "kind": "NAME_PATIENT",
      "begin": 1574,
      "end": 1580,
      "@sofa": 1
    }
  ],
  "%VIEWS": {
    "_InitialView": {
      "%SOFA": 1,
      "%MEMBERS": [
        2,
        3,
        4,
        5,
        6,
        7,
        8,
        9,
        10,
        11,
        12,
        13,
        14,
        15,
        16,
        17,
        18
      ]
    }
  }
}