{
  "%TYPES": {
    "de.tudarmstadt.ukp.dkpro.core.api.segmentation.type.Sentence": {
      "%NAME": "de.tudarmstadt.ukp.dkpro.core.api.segmentation.type.Sentence",
      "%SUPER_TYPE": "uima.tcas.Annotation"
    },
    "webanno.custom.PHI": {
      "%NAME": "webanno.custom.PHI",
      "%SUPER_TYPE": "uima.tcas.Annotation",
      "kind": {
        "%NAME": "kind",
        "%RANGE": "uima.cas.String"
      }
    }
  },
  "%FEATURE_STRUCTURES": [
    {
      "%ID": 1,
      "%TYPE": "uima.cas.Sofa",
      "sofaNum": 1,
      "sofaID": "_InitialView",
      "mimeType": "text",
      "sofaString": "Dr. med. Sabine Sudeck *24.12.1999\nPIZ: 12235904 \tVorgangs-Nr. 01776324221\n\n\nSehr geehrte Frau Kollegin Sudeck, anbei erhalten Sie Ihren Befund.\n\nUntersuchungsindikation:\nLaterale Claviculafraktur rechts nach Reitunfall.\n \n\nErbetene und durchgeführte Untersuchung:\nAcromio-Claviculargelenk vom 26.01.2027\n\n\nDigitale Aufnahmetechnik\n\nMethodik:\nAnfertigung von vergleichenden Aufnahmen beider Schultergelenke unter Belastung mit 10 kg.\n\nBefund:\nDehiszenz im Frakturspalt bei lateraler Claviculafraktur um Schaftbreite. Eine begleitende ligamentäre Verletzung ist bei vermehrter Dehiszenz Clavicula/ Coracoid von 7 mm linksseitig und von 21 mm rechtsseitig anzunehmen.\n\nBildverbleib: Digitales Archiv\n \nQualitätssicherungskonzept:\nIm Rahmen der Qualitätssicherung wurde diese Untersuchung von zwei FachärztInnen für Radiologie beurteilt.\n\nMit freundlichen koll. Grüßen\n\n \nProf. Dr. K. Stargardt \tL. Kemmerling \tDr. C. Finger\n"
    },
    {
      "%ID": 2,
      "%TYPE": "webanno.custom.PHI",
      "kind": "CONTACT_PHONE",
      "begin": 40,
      "end": 48,
      "@sofa": 1
    },
    {
      "%ID": 3,
      "%TYPE": "webanno.custom.PHI",
      "kind": "CONTACT_PHONE",
      "begin": 63,
      "end": 74,
      "@sofa": 1
    },
    {
      "%ID": 4,
      "%TYPE": "webanno.custom.PHI",
      "kind": "DATE",
      "begin": 24,
      "end": 34,
      "@sofa": 1
    },
    {
      "%ID": 5,
      "%TYPE": "webanno.custom.PHI",
      "kind": "DATE",
      "begin": 294,
      "end": 304,
      "@sofa": 1
    },
    {
      "%ID": 6,
      "%TYPE": "webanno.custom.PHI",
      "kind": "ID",
      "begin": 40,
      "end": 48,
      "@sofa": 1
    },
    {
      "%ID": 7,
      "%TYPE": "webanno.custom.PHI",
      "kind": "ID",
      "begin": 63,
      "end": 74,
      "@sofa": 1
    },
    {
      "%ID": 8,
      "%TYPE": "webanno.custom.PHI",
      "kind": "NAME_DOCTOR",
      "begin": 9,
      "end": 22,
      "@sofa": 1
    },
    {
      "%ID": 9,
      "%TYPE": "webanno.custom.PHI",
      "kind": "NAME_DOCTOR",
      "begin": 104,
      "end": 110,
      "@sofa": 1
    },
    {
      "%ID": 10,
      "%TYPE": "webanno.custom.PHI",
      "kind": "NAME_DOCTOR",
      "begin": 879,
      "end": 906,
      "@sofa": 1
    },
    {
      "%ID": 11,
      "%TYPE": "webanno.custom.PHI",
      "kind": "NAME_DOCTOR",
      "begin": 912,
      "end": 921,
      "@sofa": 1
    },
    {
      "%ID": 12,
      "%TYPE": "webanno.custom.PHI",
      "kind": "NAME_PATIENT",
      "begin": 9,
      "end": 22,
      "@sofa": 1
    }
  ],
  "%VIEWS": {
    "_InitialView": {
      "%SOFA": 1,
      "%MEMBERS": [
        2,
        3,
        4,
        5,
        6,
        7,
        8,
        9,
        10,
        11,
        12
      ]
    }
  }
}