{
  "%TYPES": {
    "de.tudarmstadt.ukp.dkpro.core.api.segmentation.type.Sentence": {
      "%NAME": "de.tudarmstadt.ukp.dkpro.core.api.segmentation.type.Sentence",
      "%SUPER_TYPE": "uima.tcas.Annotation"
    },
    "webanno.custom.PHI": {
      "%NAME": "webanno.custom.PHI",
      "%SUPER_TYPE": "uima.tcas.Annotation",
      "kind": {
        "%NAME": "kind",
        "%RANGE": "uima.cas.String"
      }
    }
  },
  "%FEATURE_STRUCTURES": [
    {
      "%ID": 1,
      "%TYPE": "uima.cas.Sofa",
      "sofaNum": 1,
      "sofaID": "_InitialView",
      "mimeType": "text",
      "sofaString": "\n\nMag. Klaus Michael Theodor, * 3.2.1991, wohnhaft in A-9580-Villach, Rathausplatz 31\n\nWerte Frau Kollegin Drª Jacomini, liebe Vroni!\n\nWir berichten über unseren gemeinsamen Patienten, Herrn Mag.Theodor, der sich vom 4. bis 18.10.21 in unserer stationären Behandlung befand. \n\nDiagnosen:\nEnzephalomyelitis disseminata (Erstmanifestation 2017, Erstdiagnose Oktober 2021), a. e. primär chronisch-progrediente Verlaufsform DD sekundär-progredient nach leichteren Schüben\n\n1. Allgemeine und klinische Anamnese:\n\nSpezielle Anamnese:\nDer Patient leidet seit ca. 2017 an einer zunehmenden Schwäche in den Beinen sowie allgemein verminderter körperlicher Belastbarkeit. Ihm fiel ein zunehmendes Schwanken beim Laufen auf und er sei häufig ins Stolpern gekommen. Weiterhin seien feinmotorische Abläufe, wie z. B. Schreibmaschineschreiben, zunehmend erschwert gewesen. Seit ca. einem Jahr betrage die Gehstrecke nur noch 1 km, dann müsse der Patient eine Ruhepause einlegen. Zum gleichen Zeitpunkt empfand er subjektiv eine Harnblasenschwäche. Auch die Stimmung habe sich in der letzten Zeit in Richtung Reizbarkeit und Aggressivität verändert. Wegen eines Taubheitsgefühls im linken Unterarm wurde der Patient unter der Verdachtsdiagnose einer Enzephalomyelitis disseminata am 04.10.2021 im Sankt-Klara-Spital Klagenfurt aufgenommen. In der dort durchgeführten ausführlichen Diagnostikk konnte die Verdachtsdiagnose bestätigt werden. Nach Abschluss der stationären Therapie und Frühmobilisierung erfolgte die Entlassung am 18.10.2021, am 22.10.2021 wurde Hr. Theodor zur Anschlussheilbehandlung stationär aufgenommen.\n\nFamilienanamnese:\nLeer.\n\nEigenanamnese:\nFachspezifisch leer.\n\nVegetative Anamnese:\nLeer.\n\nAllergien: Nicht bekannt.\n\nAllgemeine Risikofaktoren:\nKeine.\n\nMitgebrachte Hilfsmittel:\nKeine.\n\n2. Jetzige Beschwerden und funktionelle Einschränkungen:\nDer Patient berichtet über eine deutliche Verringerung der Gehstrecke, über eine Verringerung der allgemeinen Belastbarkeit und eine deutliche Störung der Feinmotorik.\n\n3. Gegenwärtige Therapien, Behandelnde Ärzte:\nHerr Theodor wird ambulant von Dr. med. Triebel, FA für Neurologie, Bechterew-Platz 20, Villach behandelt. Im Sankt-Klara-Spital erfolgte eine Stoßtherapie mit Kortison. Eine Interferonbehandlung wurde mit dem Patienten diskutiert, zu jetzigen Zeitpunkt jedoch nicht eingeleitet.\n\n4. Allgemeine Sozialanamnese: \nDer Patient hat mit seiner Lebensgefährtin zur Zeit in einem Altbau, 4. Etage, gewohnt. Mit ihm leben zwei Kinder aus erster Ehe und ein Kind mit der Lebensgefährtin.\n\n5. Arbeits- und Berufsanamnese: \nHerr Theodor ist gelernter Maschinenbauingenieur und arbeitet derzeit am Lehrstuhl für Informatik in der Alpen-Adria-Universität Kragenfurt.\n\n6. Aufnahmebefund, Vorbefunde, ergänzende Diagnostik \nAllgemein-somatischer Aufnahmebefund:\n30-jähriger Patient in gutem AZ und EZ. Unauffälliger Befund an Haut und Schleimhäuten, Schädel und Hals. Herz, Lunge und Abdomen unauffällig, Extremitäten o. p. B., Fusspulse bds. kräftig.\n\nNeurologischer Befund:\nKein Meningismus.\n\nHirnnerven\nUngestörte Pupillomotorik, erschöpflicher horizontaler Blickrichtungsnystagmus in beide Richtungen, übriger Hirnnervenstatus unauffällig. Klare Sprache.\n\nMotorik/Motilität\nKeine Paresen, monopedales Hüpfen verplumpt rechts stärker als links, Muskeleigenreflexe bds. gesteigert ohne sichere Seitendifferenz, keine Pyramidenbahnzeichen, kloniformes Nachzucken der ASR bds.\n\nKoordination\nGuter Rumpftonus, Stand und Gang sicher, Seiltänzer- und Blindstrichgang deutlich unsicher, im Unterberger-Tretversuch ungezielte Fallneigung. Finger-Nase-Versuch sicher, Finger-Folge-Versuch links diskret dysmetrisch, Knie-Hacke-Versuch intakt. Eudiadochokionese bds.\n\nSensibilität:\nIntakt.\n\nVegetativum:\nIntakt.\n\nNeropsychologisch/psychisch:\nWacher, voll orientierter Patient. Kein Anhalt für formale oder inhaltliche Denkstörung, keine Störungen der Mnestik. Stimmung unauffällig, normal moduliert, kein Anhalt für akute Suizidität.\n\nAktuelle und wesentliche Befunde:\nAus dem Sankt-Klara-Spital wurden folgende Befunde erhoben:\n\nVEP vom 12.10.2021:\nMit deutlich latenzverzögerten VEP bds. als Hinweis für eine Funktionsstörung des N. opticus bds., wobei eine annehmbare Seitendifferenz auf eine mehr rechtsseitige Störung hinweist.\n\nTibialis-SEP vom 15.10.2021\nBei insgesamt unzureichend reproduzierbaren Tibialis-SEP findet sich keine sichere Funktionsstörung der sensiblen Nervenleitungen.\n\nLiquordiagnostik vom 05.10.2021\nLiquor klar, Zellzahl 0, Gesamteinweiss 1.030 mg/l, Albumin 601, lgG 127, lgA 15,6, lgM 32 mg/l. 7 oligoklonale Banden im Liquor. Erregerspezifische Antikörper in Serum und Liquor: keine.\n\nWeiterhin erwähnenswert ist, dass in einem ambulant durchgeführten Kerspintomogramm des Kopfes Hinweise auf eine entzündliche ZNS vorlagen.\n\nWeitere hier erhobene Befunde:\n\nAufnahmelabor (in SI-Einheiten) vom 24.10.2021:\nKleines Blutbild und Gerinnung im Normbereich. Gamma-GT 2,0, übrige Serumparameter einschl. Elektrolyten, Nierenretentionswerten, restlichem Leberprofil, Lipidprofil und basalem TSH unauffällig.\n\nEKG vom 23.10.2021:\nUnspezifische ST-Streckenveränderung in allen Ableitungen bei ansonsten unauffälliger Erregungsbildung und -rückbildung.\n\nSEP vom 19.11.2021:\nLumbale N18- und N20-Potentiale zeitgerecht, cervikale N30- Potentiale bds. leicht verzögert. Zentral kortikale Potentiale deutlich latenzverzögert mit Rechtsbetonung, Amplituden im unteren Normbereich. Konsekutive Verlangsamung der spinokortikalen Überleitungszeiten bds., von kortikal mehr als von lumbal. Der Befund spricht für eine demyelinisierende, rechts cerebral betonte bilaterale Schödigung der zentralen Abschnitte der Tibialis-Afferenzen mit Störungsschwerpunkt bds. oberhalb des Zervikalmarkes, passend zum klinischen Befund.\n\n7. Rehabilitationsdiagnosen und Rehabilitationsziele:\n\nRehabilitationsdiagnosen:\n1. Enzephalomyelitis disseminata mit Fatigue-Symptomatik und Gangataxie\n\nRehabiltationsziele:\n\nAllgemeine Kräftigung und Erhöhung der Belastbarkeit\nAtaxietraining, Gangsicherheit verbessern\nKrankheitsverarbeitung\nRehabilitationsverlauf\nMedizinische Besonderheiten:\nDer Patient war kardiopulmonal stabil, fieberhafte Infekte traten nicht auf. Der Patient berichtete im Rahmen des stationären Aufenthaltes über Gefühlsstörungen im Bereich des linken Armes und auch später im Bereich des linken Beines. Am 15.11.2021 fiel in der Untersuchung eine Schwäche von Mm. biceps und triceps brachii links mit einer Abschwächung des Becepssehenenreflexes links auf, die in deutlicher Diskrepanz zum Aufnahmebefund stand, rasch rückläufig war und am ehesten als Ermüdung im Rahmen der Therapien interpretiert wurde. Im weiteren Verlauf ließ diese Störung wieder nach und konnte zum Entlassungszeitpunkt nicht nachgewiesen werden. Herr Theodor nutzte in mehreren ausführlichen Arztgesprächen die Möglichkeit, sich umfassend über verschiedene Verlaufsformen der MS und schubprophylaktischen Behandlungsoptionen informieren zu lassen. In Anbetracht des über vier Jahre eher langsam schleichenden Verlaufs entschieden wir uns derzeit nicht für eine Einstellung auf eine schubprophylaktische Medikation.\n\nKrankengymnastik\nEs zeigte sich eine untere Rumpf- und Extremitätenataxie mit hypotoner Bauchmuskulatur, Abnahme der reziproken Innervation der Beinmuskulatur bds. Die Gleichgewichtsreaktionen im Stand und Gang waren herabgesetzt, bei Gehen über längere Zeit beklagte der Patient eine zunehmende Fußheberschwäche links. Die krankengymnastische Therapie umfasste vor allem die Konditionierung, die Muskeldehnung und die Bewegungskoordination zur Rumpfataxie.\n\nErgotherapie:\nHerr Theodor nahm an der Feinmotorikgruppe teil und erhielt sensomotorisch-kognitives Einzeltraining. Es zeigten sich dezente Koordinationsstörungen linksbetont bei voll gegebenen Bewegungsausmaß. Der Patient ist im gesamten Alltag selbstständig. In Einzel- und Gruppentherapien wurden Sensibiltätsschulungen und Feinmotoriktraining durchgeführt.\n\nNeuropsychologie:\nIm Mittelpunkt der neuropsychologischen Behandlung standen regelmäßige Gespräche zur Unterstützung und Begleitung des Aufenthaltes. Aufgrund der dem Patienten noch nicht lange bekannten Diagnose ergaben sich eine Reihe von Fragen und Problemen zum Umgang mit der Krankheit. Herr Theodor nutzte die Gesprächstmöglichkeiten sehr aktiv.\nDarüber hinaus nahm er sehr aktiv am wöchentlich stattfindenden Seminar für Patienten mit MS teil.\n\nEntlassungsbefund: \nWacher, voll orientierter Patient, kein Anhalt für formale oder inhaltliche Denkstörungen, Stimmung ausgeglichen mit normaler Modulation.\nKein Meningismus, ungestörte Pupillomotorik, erschöpflicher Blickrichtungsnystagmus in beide Richtungen, übriger Hirnnervenstatus unauffällig.\nKeine Paresen, keine sensiblen Defizite, Muskeleigenreflexe seitengleich gesteigert, keine Pyramidenbahzeichen, kloniformes des ASR bds. \nStand und Gang ausreichen sicher, Gangversuche mit Unsicherheiten, Unterberger-Tretversuch unauffällig, alle Zeigeversuche sicher.\nKeine Inkontinenz.\n\nBarthel-Index: Bei Aufnahme: 80 von erreichbaren 100 Punkten.\nBei Entlassung: 100 von erreichbaren 100 Punkten.\n9. Sozialmedizinische Epikrise\nDer Patient leidet seit 2017 an einer a. e. primär chronisch-progredienten Encephalomyelitis disseminata, die Erstdiagnose erfolgte im Oktober d. J. Im Rahmen der Akuttherapie und der anschließenden stationören Behandlung konnte eine Stabilisierung der motorischen Funktionen insoweit erreicht werden, dass derzeit keine funktionellen Einschränkungen bestehen. Die Belastbarkeit ist weiterhin deutlich verringert, ebenso die Gehstrecke. Es besteht weiterhin eine leichte Feinmotorikstörung in den Händen. In Anbetracht des bisherigen klinischen Verlaufes wurde in einem ausführlichen Gespräch mit dem Patienten auf eine prophylaktische Therapie verzichtet. Zur Zeit besteht Arbeitsfähigkeit. In Anbetracht der Diagnose und des zu erwartenden Verlaufes sollten engsmaschige Überprüfungen der Arbeitsfähigkeit und evtl. Anpassung des Arbeitsumfeldes erfolgen. Zum Erhalt der motorischen Funktionen wird eine erneute stationäre Heilbehandlung im Verlauf empfohlen.\n\nTherapieempfehlungen:\n\nMedikation: Keine\n\nVorsichtige Steigerung der Belastung.\n\nMit freundlichen Grüßen\n\ngez. Doz. DDr. Dr.med.univer. A. Barthel\nPrimarin\n\ngez. Dr.med. J. Klein\nLtd. Oberärztin\n\ngez. Dr.med.univers. B. Supanic\nStationsarzt\n\n"
    },
    {
      "%ID": 2,
      "%TYPE": "webanno.custom.PHI",
      "kind": "DATE",
      "begin": 32,
      "end": 40,
      "@sofa": 1
    },
    {
      "%ID": 3,
      "%TYPE": "webanno.custom.PHI",
      "kind": "DATE",
      "begin": 217,
      "end": 218,
      "@sofa": 1
    },
    {
      "%ID": 4,
      "%TYPE": "webanno.custom.PHI",
      "kind": "DATE",
      "begin": 217,
      "end": 219,
      "@sofa": 1
    },
    {
      "%ID": 5,
      "%TYPE": "webanno.custom.PHI",
      "kind": "DATE",
      "begin": 224,
      "end": 232,
      "@sofa": 1
    },
    {
      "%ID": 6,
      "%TYPE": "webanno.custom.PHI",
      "kind": "DATE",
      "begin": 337,
      "end": 341,
      "@sofa": 1
    },
    {
      "%ID": 7,
      "%TYPE": "webanno.custom.PHI",
      "kind": "DATE",
      "begin": 356,
      "end": 368,
      "@sofa": 1
    },
    {
      "%ID": 8,
      "%TYPE": "webanno.custom.PHI",
      "kind": "DATE",
      "begin": 556,
      "end": 560,
      "@sofa": 1
    },
    {
      "%ID": 9,
      "%TYPE": "webanno.custom.PHI",
      "kind": "DATE",
      "begin": 1268,
      "end": 1278,
      "@sofa": 1
    },
    {
      "%ID": 10,
      "%TYPE": "webanno.custom.PHI",
      "kind": "DATE",
      "begin": 1514,
      "end": 1524,
      "@sofa": 1
    },
    {
      "%ID": 11,
      "%TYPE": "webanno.custom.PHI",
      "kind": "DATE",
      "begin": 1529,
      "end": 1539,
      "@sofa": 1
    },
    {
      "%ID": 12,
      "%TYPE": "webanno.custom.PHI",
      "kind": "DATE",
      "begin": 4084,
      "end": 4094,
      "@sofa": 1
    },
    {
      "%ID": 13,
      "%TYPE": "webanno.custom.PHI",
      "kind": "DATE",
      "begin": 4289,
      "end": 4292,
      "@sofa": 1
    },
    {
      "%ID": 14,
      "%TYPE": "webanno.custom.PHI",
      "kind": "DATE",
      "begin": 4297,
      "end": 4307,
      "@sofa": 1
    },
    {
      "%ID": 15,
      "%TYPE": "webanno.custom.PHI",
      "kind": "DATE",
      "begin": 4361,
      "end": 4364,
      "@sofa": 1
    },
    {
      "%ID": 16,
      "%TYPE": "webanno.custom.PHI",
      "kind": "DATE",
      "begin": 4461,
      "end": 4471,
      "@sofa": 1
    },
    {
      "%ID": 17,
      "%TYPE": "webanno.custom.PHI",
      "kind": "DATE",
      "begin": 4870,
      "end": 4880,
      "@sofa": 1
    },
    {
      "%ID": 18,
      "%TYPE": "webanno.custom.PHI",
      "kind": "DATE",
      "begin": 5086,
      "end": 5096,
      "@sofa": 1
    },
    {
      "%ID": 19,
      "%TYPE": "webanno.custom.PHI",
      "kind": "DATE",
      "begin": 5220,
      "end": 5223,
      "@sofa": 1
    },
    {
      "%ID": 20,
      "%TYPE": "webanno.custom.PHI",
      "kind": "DATE",
      "begin": 5228,
      "end": 5238,
      "@sofa": 1
    },
    {
      "%ID": 21,
      "%TYPE": "webanno.custom.PHI",
      "kind": "DATE",
      "begin": 6364,
      "end": 6374,
      "@sofa": 1
    },
    {
      "%ID": 22,
      "%TYPE": "webanno.custom.PHI",
      "kind": "DATE",
      "begin": 9178,
      "end": 9182,
      "@sofa": 1
    },
    {
      "%ID": 23,
      "%TYPE": "webanno.custom.PHI",
      "kind": "DATE",
      "begin": 9289,
      "end": 9296,
      "@sofa": 1
    },
    {
      "%ID": 24,
      "%TYPE": "webanno.custom.PHI",
      "kind": "LOCATION_CITY",
      "begin": 60,
      "end": 68,
      "@sofa": 1
    },
    {
      "%ID": 25,
      "%TYPE": "webanno.custom.PHI",
      "kind": "LOCATION_CITY",
      "begin": 702,
      "end": 708,
      "@sofa": 1
    },
    {
      "%ID": 26,
      "%TYPE": "webanno.custom.PHI",
      "kind": "LOCATION_CITY",
      "begin": 1628,
      "end": 1632,
      "@sofa": 1
    },
    {
      "%ID": 27,
      "%TYPE": "webanno.custom.PHI",
      "kind": "LOCATION_CITY",
      "begin": 1693,
      "end": 1697,
      "@sofa": 1
    },
    {
      "%ID": 28,
      "%TYPE": "webanno.custom.PHI",
      "kind": "LOCATION_CITY",
      "begin": 2156,
      "end": 2163,
      "@sofa": 1
    },
    {
      "%ID": 29,
      "%TYPE": "webanno.custom.PHI",
      "kind": "LOCATION_HOSPITAL",
      "begin": 1282,
      "end": 1311,
      "@sofa": 1
    },
    {
      "%ID": 30,
      "%TYPE": "webanno.custom.PHI",
      "kind": "LOCATION_HOSPITAL",
      "begin": 2136,
      "end": 2154,
      "@sofa": 1
    },
    {
      "%ID": 31,
      "%TYPE": "webanno.custom.PHI",
      "kind": "LOCATION_HOSPITAL",
      "begin": 2178,
      "end": 2196,
      "@sofa": 1
    },
    {
      "%ID": 32,
      "%TYPE": "webanno.custom.PHI",
      "kind": "LOCATION_HOSPITAL",
      "begin": 2654,
      "end": 2720,
      "@sofa": 1
    },
    {
      "%ID": 33,
      "%TYPE": "webanno.custom.PHI",
      "kind": "LOCATION_HOSPITAL",
      "begin": 4023,
      "end": 4041,
      "@sofa": 1
    },
    {
      "%ID": 34,
      "%TYPE": "webanno.custom.PHI",
      "kind": "LOCATION_STATE",
      "begin": 54,
      "end": 56,
      "@sofa": 1
    },
    {
      "%ID": 35,
      "%TYPE": "webanno.custom.PHI",
      "kind": "LOCATION_STREET",
      "begin": 70,
      "end": 85,
      "@sofa": 1
    },
    {
      "%ID": 36,
      "%TYPE": "webanno.custom.PHI",
      "kind": "LOCATION_ZIP",
      "begin": 56,
      "end": 60,
      "@sofa": 1
    },
    {
      "%ID": 37,
      "%TYPE": "webanno.custom.PHI",
      "kind": "NAME_DOCTOR",
      "begin": 7,
      "end": 28,
      "@sofa": 1
    },
    {
      "%ID": 38,
      "%TYPE": "webanno.custom.PHI",
      "kind": "NAME_DOCTOR",
      "begin": 107,
      "end": 119,
      "@sofa": 1
    },
    {
      "%ID": 39,
      "%TYPE": "webanno.custom.PHI",
      "kind": "NAME_DOCTOR",
      "begin": 2108,
      "end": 2115,
      "@sofa": 1
    },
    {
      "%ID": 40,
      "%TYPE": "webanno.custom.PHI",
      "kind": "NAME_DOCTOR",
      "begin": 10253,
      "end": 10263,
      "@sofa": 1
    },
    {
      "%ID": 41,
      "%TYPE": "webanno.custom.PHI",
      "kind": "NAME_DOCTOR",
      "begin": 10287,
      "end": 10299,
      "@sofa": 1
    },
    {
      "%ID": 42,
      "%TYPE": "webanno.custom.PHI",
      "kind": "NAME_DOCTOR",
      "begin": 10334,
      "end": 10344,
      "@sofa": 1
    },
    {
      "%ID": 43,
      "%TYPE": "webanno.custom.PHI",
      "kind": "NAME_PATIENT",
      "begin": 191,
      "end": 194,
      "@sofa": 1
    },
    {
      "%ID": 44,
      "%TYPE": "webanno.custom.PHI",
      "kind": "NAME_PATIENT",
      "begin": 195,
      "end": 202,
      "@sofa": 1
    },
    {
      "%ID": 45,
      "%TYPE": "webanno.custom.PHI",
      "kind": "NAME_PATIENT",
      "begin": 1550,
      "end": 1557,
      "@sofa": 1
    },
    {
      "%ID": 46,
      "%TYPE": "webanno.custom.PHI",
      "kind": "NAME_PATIENT",
      "begin": 2073,
      "end": 2080,
      "@sofa": 1
    },
    {
      "%ID": 47,
      "%TYPE": "webanno.custom.PHI",
      "kind": "NAME_PATIENT",
      "begin": 2586,
      "end": 2593,
      "@sofa": 1
    },
    {
      "%ID": 48,
      "%TYPE": "webanno.custom.PHI",
      "kind": "NAME_PATIENT",
      "begin": 6783,
      "end": 6790,
      "@sofa": 1
    },
    {
      "%ID": 49,
      "%TYPE": "webanno.custom.PHI",
      "kind": "NAME_PATIENT",
      "begin": 7626,
      "end": 7633,
      "@sofa": 1
    },
    {
      "%ID": 50,
      "%TYPE": "webanno.custom.PHI",
      "kind": "NAME_PATIENT",
      "begin": 8266,
      "end": 8273,
      "@sofa": 1
    },
    {
      "%ID": 51,
      "%TYPE": "webanno.custom.PHI",
      "kind": "NAME_PATIENT",
      "begin": 10253,
      "end": 10263,
      "@sofa": 1
    }
  ],
  "%VIEWS": {
    "_InitialView": {
      "%SOFA": 1,
      "%MEMBERS": [
        2,
        3,
        4,
        5,
        6,
        7,
        8,
        9,
        10,
        11,
        12,
        13,
        14,
        15,
        16,
        17,
        18,
        19,
        20,
        21,
        22,
        23,
        24,
        25,
        26,
        27,
        28,
        29,
        30,
        31,
        32,
        33,
        34,
        35,
        36,
        37,
        38,
        39,
        40,
        41,
        42,
        43,
        44,
        45,
        46,
        47,
        48,
        49,
        50,
        51
      ]
    }
  }
}