{
  "%TYPES": {
    "de.tudarmstadt.ukp.dkpro.core.api.segmentation.type.Sentence": {
      "%NAME": "de.tudarmstadt.ukp.dkpro.core.api.segmentation.type.Sentence",
      "%SUPER_TYPE": "uima.tcas.Annotation"
    },
    "webanno.custom.PHI": {
      "%NAME": "webanno.custom.PHI",
      "%SUPER_TYPE": "uima.tcas.Annotation",
      "kind": {
        "%NAME": "kind",
        "%RANGE": "uima.cas.String"
      }
    }
  },
  "%FEATURE_STRUCTURES": [
    {
      "%ID": 1,
      "%TYPE": "uima.cas.Sofa",
      "sofaNum": 1,
      "sofaID": "_InitialView",
      "mimeType": "text",
      "sofaString": "Krankenhaus der Samariter Holzhausen\nAbteilungfür Innere Medizin, Vorstand: Prim. Univ. Prof. Dr. Bruno Bierbichler\nName: Konstantin Tupolev \ngeb.am: 21/06/1967\nPIZ: 1933309807\n\nEndosonographie mit Feinnadelpunktion\nAbteilung: Chirurgie\nStation: 2111. OG. Viszeralchirurgie B /\nZi: 119 \nDatum: 08/06/2012\n\nUntersucher: OA Dr. Wiesler Franz / OA Doz. Dr. Leber Ronny / Ass. Dr. Jürgen Schneider\nAssistenz: DGKS Katharina Blumauer\n\nIndikation: Histolog. Sicherung bei großem Pankreasprozess in palliativer Situation\nPrämedikation: 400 mg Propofol frakt. Pulsoxymetrie, Monitoring nach DGVS.\n\nGerät: Endosonographiegerät und Fotoprint\nNotfall: Nein \nDokumentation: Aloka-Festpl.\n\nZunächst Einstellung des Abganges des Truncus coeliacus und der A.mesenterica superior. Tumorausläufer in die Gefäßloge einbrechend. Der Truncus coeliacus ist umschieden. Der Tumor reicht auch an die A.mesenterica superior heran. Im Bereich Pankreas Corpus zum Schwanz in den Milzhilus hineinbrechend eine sehr große echoarme tumoröse Raumforderung. Diese kann mit dem Longitudinalgerät nicht ausreichen ausgemessen werden.\nDie Vena lienalis nicht darstellbar und obstruiert.\n\nBulbus: Im Pankreaskopf kein weitere Prozess. Aber portal venöse Kollateralbildung. Es wird dann in typischer Technik dreimalig mit einer 22 G-Feinnadel punktiert. Es können weißliche Gewebeanteile gewonnen werden\n\nBeurteilung: Große tumoröse Raumforderung im Bereich Pancreas Corpus, Kaudaregion. Einbruch in den Milzhilus. Tumormanschette um den Truncus coeliacus. Thrombose der Milzvene. Kollateralgefäße im Bereich der Pfortader. Etwas freie Flüssigkeit um den Tumor. Problemlose Feinnadelpunktion des großen Prozesses.\n"
    },
    {
      "%ID": 2,
      "%TYPE": "webanno.custom.PHI",
      "kind": "CONTACT_PHONE",
      "begin": 166,
      "end": 176,
      "@sofa": 1
    },
    {
      "%ID": 3,
      "%TYPE": "webanno.custom.PHI",
      "kind": "DATE",
      "begin": 150,
      "end": 160,
      "@sofa": 1
    },
    {
      "%ID": 4,
      "%TYPE": "webanno.custom.PHI",
      "kind": "DATE",
      "begin": 246,
      "end": 250,
      "@sofa": 1
    },
    {
      "%ID": 5,
      "%TYPE": "webanno.custom.PHI",
      "kind": "DATE",
      "begin": 294,
      "end": 304,
      "@sofa": 1
    },
    {
      "%ID": 6,
      "%TYPE": "webanno.custom.PHI",
      "kind": "ID",
      "begin": 166,
      "end": 176,
      "@sofa": 1
    },
    {
      "%ID": 7,
      "%TYPE": "webanno.custom.PHI",
      "kind": "LOCATION_HOSPITAL",
      "begin": 0,
      "end": 36,
      "@sofa": 1
    },
    {
      "%ID": 8,
      "%TYPE": "webanno.custom.PHI",
      "kind": "LOCATION_HOSPITAL",
      "begin": 405,
      "end": 428,
      "@sofa": 1
    },
    {
      "%ID": 9,
      "%TYPE": "webanno.custom.PHI",
      "kind": "NAME_DOCTOR",
      "begin": 98,
      "end": 115,
      "@sofa": 1
    },
    {
      "%ID": 10,
      "%TYPE": "webanno.custom.PHI",
      "kind": "NAME_DOCTOR",
      "begin": 326,
      "end": 339,
      "@sofa": 1
    },
    {
      "%ID": 11,
      "%TYPE": "webanno.custom.PHI",
      "kind": "NAME_DOCTOR",
      "begin": 345,
      "end": 348,
      "@sofa": 1
    },
    {
      "%ID": 12,
      "%TYPE": "webanno.custom.PHI",
      "kind": "NAME_DOCTOR",
      "begin": 354,
      "end": 365,
      "@sofa": 1
    },
    {
      "%ID": 13,
      "%TYPE": "webanno.custom.PHI",
      "kind": "NAME_DOCTOR",
      "begin": 368,
      "end": 371,
      "@sofa": 1
    },
    {
      "%ID": 14,
      "%TYPE": "webanno.custom.PHI",
      "kind": "NAME_DOCTOR",
      "begin": 377,
      "end": 393,
      "@sofa": 1
    },
    {
      "%ID": 15,
      "%TYPE": "webanno.custom.PHI",
      "kind": "NAME_PATIENT",
      "begin": 122,
      "end": 140,
      "@sofa": 1
    }
  ],
  "%VIEWS": {
    "_InitialView": {
      "%SOFA": 1,
      "%MEMBERS": [
        2,
        3,
        4,
        5,
        6,
        7,
        8,
        9,
        10,
        11,
        12,
        13,
        14,
        15
      ]
    }
  }
}