{
  "%TYPES": {
    "de.tudarmstadt.ukp.dkpro.core.api.segmentation.type.Sentence": {
      "%NAME": "de.tudarmstadt.ukp.dkpro.core.api.segmentation.type.Sentence",
      "%SUPER_TYPE": "uima.tcas.Annotation"
    },
    "webanno.custom.PHI": {
      "%NAME": "webanno.custom.PHI",
      "%SUPER_TYPE": "uima.tcas.Annotation",
      "kind": {
        "%NAME": "kind",
        "%RANGE": "uima.cas.String"
      }
    }
  },
  "%FEATURE_STRUCTURES": [
    {
      "%ID": 1,
      "%TYPE": "uima.cas.Sofa",
      "sofaNum": 1,
      "sofaID": "_InitialView",
      "mimeType": "text",
      "sofaString": "Krankenhaus der Samariter Holzhausen\nAbteilungfür Innere Medizin, Vorstand: Prim. Univ. Prof. Dr. Bruno Bierbichler\n\n\nName: Konstantin Tupolev \ngeb.am: 21/06/1967\nPIZ: 1933309807\nEndosonographie mit Feinnadelpunktion\n\nAbteilung: Chirurgie\nStation: A31. OG. Viszeralchirurgie B /\nZi: 119 \nKi\nDatum: 08/06/2012\n\nUntersucher: OA Dr. Wiesler Franz / OA Doz. Dr. Leber Ronny / Ass. Dr. Jürgen\nSchneider\n\nAssistenz: DGKS Katharina Blumauer\nIndikation: Histolog. Sicherung bei großem Pankreasprozess in palliativer Situation\nPrämedikation: 400 mg Propofol frakt.\nPulsoxymetrie, Monitoring nach DGVS.\n\nGerät: Endosonographiegerät\nund Fotoprint\n\nNotfall: Nein Dokumentation: Aloka-Festpl.\n\nZunächst Einstellung des Abganges des Truncus coeliacus und der A.mesenterica superior.\nTumorausläufer in die Gefäßloge einbrechend. Der Truncus coeliacus ist umschieden. Der\nTumor reicht auch an die A.mesenterica superior heran. Im Bereich Pankreas Corpus zum\nSchwanz in den Milzhilus hineinbrechend eine sehr große echoarme tumoröse\nRaumforderung. Diese kann mit dem Longitudinalgerät nicht komplett ausgemessen werden.\nDie Vena lienalis nicht darstellbar und obstruiert.\nBulbus: Im Pankreaskopf kein weitere Prozess. Aber portal venöse Kollateralbildung. Es wird\ndann in typischer Technik dreimalig mit einer 22 G-Feinnadel punktiert. Es können weißliche Gewebeanteile gewonnen werden\nBeurteilung:\nGroße tumoröse RF im Pankreascorpus/Caudaregion mit Infiltration des Milzhilus, Tumormanschette\num den Truncus coeliacus, die Vena lienalis verschlossen.\nHochgradige Obstruktion der linken Nierenvene, Kontakt zur linken Nierenarterie. Infiltration der\nlinken Nebenniere. Lokale Carzinose und etwas Aszites im kleinen Becken.\n\n"
    },
    {
      "%ID": 2,
      "%TYPE": "webanno.custom.PHI",
      "kind": "CONTACT_PHONE",
      "begin": 168,
      "end": 178,
      "@sofa": 1
    },
    {
      "%ID": 3,
      "%TYPE": "webanno.custom.PHI",
      "kind": "DATE",
      "begin": 152,
      "end": 162,
      "@sofa": 1
    },
    {
      "%ID": 4,
      "%TYPE": "webanno.custom.PHI",
      "kind": "DATE",
      "begin": 298,
      "end": 308,
      "@sofa": 1
    },
    {
      "%ID": 5,
      "%TYPE": "webanno.custom.PHI",
      "kind": "LOCATION_HOSPITAL",
      "begin": 0,
      "end": 36,
      "@sofa": 1
    },
    {
      "%ID": 6,
      "%TYPE": "webanno.custom.PHI",
      "kind": "LOCATION_HOSPITAL",
      "begin": 410,
      "end": 433,
      "@sofa": 1
    },
    {
      "%ID": 7,
      "%TYPE": "webanno.custom.PHI",
      "kind": "NAME_DOCTOR",
      "begin": 98,
      "end": 115,
      "@sofa": 1
    },
    {
      "%ID": 8,
      "%TYPE": "webanno.custom.PHI",
      "kind": "NAME_DOCTOR",
      "begin": 330,
      "end": 343,
      "@sofa": 1
    },
    {
      "%ID": 9,
      "%TYPE": "webanno.custom.PHI",
      "kind": "NAME_DOCTOR",
      "begin": 349,
      "end": 352,
      "@sofa": 1
    },
    {
      "%ID": 10,
      "%TYPE": "webanno.custom.PHI",
      "kind": "NAME_DOCTOR",
      "begin": 358,
      "end": 369,
      "@sofa": 1
    },
    {
      "%ID": 11,
      "%TYPE": "webanno.custom.PHI",
      "kind": "NAME_DOCTOR",
      "begin": 372,
      "end": 375,
      "@sofa": 1
    },
    {
      "%ID": 12,
      "%TYPE": "webanno.custom.PHI",
      "kind": "NAME_DOCTOR",
      "begin": 381,
      "end": 397,
      "@sofa": 1
    },
    {
      "%ID": 13,
      "%TYPE": "webanno.custom.PHI",
      "kind": "NAME_PATIENT",
      "begin": 124,
      "end": 142,
      "@sofa": 1
    }
  ],
  "%VIEWS": {
    "_InitialView": {
      "%SOFA": 1,
      "%MEMBERS": [
        2,
        3,
        4,
        5,
        6,
        7,
        8,
        9,
        10,
        11,
        12,
        13
      ]
    }
  }
}