{
  "%TYPES": {
    "de.tudarmstadt.ukp.dkpro.core.api.segmentation.type.Sentence": {
      "%NAME": "de.tudarmstadt.ukp.dkpro.core.api.segmentation.type.Sentence",
      "%SUPER_TYPE": "uima.tcas.Annotation"
    },
    "webanno.custom.PHI": {
      "%NAME": "webanno.custom.PHI",
      "%SUPER_TYPE": "uima.tcas.Annotation",
      "kind": {
        "%NAME": "kind",
        "%RANGE": "uima.cas.String"
      }
    }
  },
  "%FEATURE_STRUCTURES": [
    {
      "%ID": 1,
      "%TYPE": "uima.cas.Sofa",
      "sofaNum": 1,
      "sofaID": "_InitialView",
      "mimeType": "text",
      "sofaString": "Betrifft: Tupolev, Konstantin, geb.: 21.06.1967, wohnhaft Heldenplatz 2c, A-8120 Holzhausen\n\nDiagnose(n): Pankreasschwankarzinom, ED 05/11\n\nHistologie: Mittelgradig differenziertes Adenokarzinom des Pankreasschwanzes, cT4, Nx, MO, G3 (Inoperabilität wegen Einbruch in den Milzhilus)\n\n06/11 bis 11/11 Chemotherapie mit Folfirinox\n23.01. - 15.02.12 Protonentherapie: Pankreaskarzinom -\nDosierung: 5 x 3.00 Gy(RBE)/Wo., Gesamtdosis: 5.00 Gy(RBE)\n\n\nSehr geehrte Frau Kollegin, sehr geehrter Herr Kollege,\n\nwir berichten Ihnen über die radioonkologische Nachsorgeuntersuchung von Herrn Konstantin Tupolev, geb. 21.06.1967, der sich am 15.03.2013 in unserer Protonensprechstunde vorstellte.\n\nPat.: Konstantin Tupolev, Geb.Dat.: 21.06.67, M\nKrankengeschichte: Erlauben wir uns als bekannt vorauszusetzen.\nDurchgeführte Diagnostik: PET/CT Teilkörper Restaging (Schädelbasis bis Becken) vom 14.03.2013:\n\nZusammenfassende Beurteilung: Im Vergleich zum Vor-PET/CT vom 13.12.2012 weiterhin kein Anhalt für einen pathologischen Glukoseuptake im Ober- und Mittelbauch. Allenfalls fOG Aufnahme im Bereich des blood pools an der AMS. Kein Hinweis auf eine Lymphknotenmetastasierung oder Fernmetastasierung bei unverändertem Nachweis kleinerer mesenterialer LK.\n\nEpikrise:\nHerr Tupolev ist nun 1 Jahr nach definitiver Protonentherapie eines lokal fortgeschrittenen Pankreasschwanzkarzinoms in einem ausgezeichneten Allgemeinzustand. Subjektiv bestehen keinerlei therapieassoziierte Nebenwirkungen. Bei der bei uns durchgeführten PET/CT-Untersuchung zeigte sich heute eine komplette Remission. Das zuletzt beschriebene Weichteil plus im Bereich der A. mesenterica superior ist nun nicht mehr nachweisbar.\nIm Weiteren empfehlen wir eine engmaschige Kontrolle mittels PET/CT, ein entsprechender Termin wurde in unserem Hause mit dem Patienten vereinbart.\n\nMit freundlichen, kollegialen Grüßen\n\nDr. med. Carlo  Weißenberger / Chefarzt und Leiter Strahlenklinik I\n\nAo. Uriv.-Prof. Dr. med. Elisabeth Wiedemann \n \n\n "
    },
    {
      "%ID": 2,
      "%TYPE": "webanno.custom.PHI",
      "kind": "CONTACT_PHONE",
      "begin": 74,
      "end": 80,
      "@sofa": 1
    },
    {
      "%ID": 3,
      "%TYPE": "webanno.custom.PHI",
      "kind": "DATE",
      "begin": 37,
      "end": 47,
      "@sofa": 1
    },
    {
      "%ID": 4,
      "%TYPE": "webanno.custom.PHI",
      "kind": "DATE",
      "begin": 133,
      "end": 138,
      "@sofa": 1
    },
    {
      "%ID": 5,
      "%TYPE": "webanno.custom.PHI",
      "kind": "DATE",
      "begin": 284,
      "end": 289,
      "@sofa": 1
    },
    {
      "%ID": 6,
      "%TYPE": "webanno.custom.PHI",
      "kind": "DATE",
      "begin": 294,
      "end": 299,
      "@sofa": 1
    },
    {
      "%ID": 7,
      "%TYPE": "webanno.custom.PHI",
      "kind": "DATE",
      "begin": 329,
      "end": 335,
      "@sofa": 1
    },
    {
      "%ID": 8,
      "%TYPE": "webanno.custom.PHI",
      "kind": "DATE",
      "begin": 338,
      "end": 346,
      "@sofa": 1
    },
    {
      "%ID": 9,
      "%TYPE": "webanno.custom.PHI",
      "kind": "DATE",
      "begin": 606,
      "end": 616,
      "@sofa": 1
    },
    {
      "%ID": 10,
      "%TYPE": "webanno.custom.PHI",
      "kind": "DATE",
      "begin": 630,
      "end": 640,
      "@sofa": 1
    },
    {
      "%ID": 11,
      "%TYPE": "webanno.custom.PHI",
      "kind": "DATE",
      "begin": 722,
      "end": 730,
      "@sofa": 1
    },
    {
      "%ID": 12,
      "%TYPE": "webanno.custom.PHI",
      "kind": "DATE",
      "begin": 882,
      "end": 892,
      "@sofa": 1
    },
    {
      "%ID": 13,
      "%TYPE": "webanno.custom.PHI",
      "kind": "DATE",
      "begin": 957,
      "end": 967,
      "@sofa": 1
    },
    {
      "%ID": 14,
      "%TYPE": "webanno.custom.PHI",
      "kind": "LOCATION_CITY",
      "begin": 81,
      "end": 91,
      "@sofa": 1
    },
    {
      "%ID": 15,
      "%TYPE": "webanno.custom.PHI",
      "kind": "LOCATION_HOSPITAL",
      "begin": 1905,
      "end": 1939,
      "@sofa": 1
    },
    {
      "%ID": 16,
      "%TYPE": "webanno.custom.PHI",
      "kind": "NAME_DOCTOR",
      "begin": 1883,
      "end": 1902,
      "@sofa": 1
    },
    {
      "%ID": 17,
      "%TYPE": "webanno.custom.PHI",
      "kind": "NAME_DOCTOR",
      "begin": 1968,
      "end": 1987,
      "@sofa": 1
    },
    {
      "%ID": 18,
      "%TYPE": "webanno.custom.PHI",
      "kind": "NAME_PATIENT",
      "begin": 10,
      "end": 29,
      "@sofa": 1
    },
    {
      "%ID": 19,
      "%TYPE": "webanno.custom.PHI",
      "kind": "NAME_PATIENT",
      "begin": 581,
      "end": 599,
      "@sofa": 1
    },
    {
      "%ID": 20,
      "%TYPE": "webanno.custom.PHI",
      "kind": "NAME_PATIENT",
      "begin": 692,
      "end": 710,
      "@sofa": 1
    },
    {
      "%ID": 21,
      "%TYPE": "webanno.custom.PHI",
      "kind": "NAME_PATIENT",
      "begin": 1261,
      "end": 1268,
      "@sofa": 1
    }
  ],
  "%VIEWS": {
    "_InitialView": {
      "%SOFA": 1,
      "%MEMBERS": [
        2,
        3,
        4,
        5,
        6,
        7,
        8,
        9,
        10,
        11,
        12,
        13,
        14,
        15,
        16,
        17,
        18,
        19,
        20,
        21
      ]
    }
  }
}