{
  "%TYPES": {
    "de.tudarmstadt.ukp.dkpro.core.api.segmentation.type.Sentence": {
      "%NAME": "de.tudarmstadt.ukp.dkpro.core.api.segmentation.type.Sentence",
      "%SUPER_TYPE": "uima.tcas.Annotation"
    },
    "webanno.custom.PHI": {
      "%NAME": "webanno.custom.PHI",
      "%SUPER_TYPE": "uima.tcas.Annotation",
      "kind": {
        "%NAME": "kind",
        "%RANGE": "uima.cas.String"
      }
    }
  },
  "%FEATURE_STRUCTURES": [
    {
      "%ID": 1,
      "%TYPE": "uima.cas.Sofa",
      "sofaNum": 1,
      "sofaID": "_InitialView",
      "mimeType": "text",
      "sofaString": "Luise Utz, * 3.4.1959, wohnhaft in 34443 Bad Arolsen\n\nArztbrief\n \n\n2020-08-03\nDiagnosen\n\nMelanom Stadium IV\n2/2018 Primärtumor: Skapulär links (TD 3,65 mm, T3aN0M1c;HNr.:9334a/20)\n4/2018 Sentinel node Exstirpation axillär links (37848/2019: tumorfrei)\n3/20009 Leberfiliae und Lungenfilia (linker Oberlappen)\nPsychose (ED 2019)\nZ. n. Sinusbradykardie 8/19\n\nAktuell: 4. Zyklus Paclitaxel und Carboplatin\n\nBisherige Therapie:\n05/2019- 05/2020 adjuvante Therapie mit Roferon (9 Mio IE./Woche; ) (C78.8)\n\nTherapieempfehlung\n\nMagnosolv 1x1\nPantoloc 40mg 1-0-1\nAbilify 10 mg 1-0-0\nTramadol bis zu 3x20 Tropfen bei Schmerzen\nMetoklopramid 15 Tropfen zusammen mit Tramal einnehmen\n \n\nZusammenfassung\n\nDie stationäre Aufnahme Ihrer Patientin erfolgte zur Fortführung der Chemotherapie mit Taxol und Carboplatin (4.Zyklus) bei bekannter Grunderkrankung.\nBeim Aufnahmestatus zeigte sich klinisch kein Hinweis auf einen Fortschritt der Erkrankung.\nDie Pat.  erhielt am 1.7.2020 Paclitaxel 200 mg/m²KOF (Gesamtdosis: 382,5mg) über 5 Stunden und Carboplatin (AUC 5) 590 mg über 2 Stunden mit der entsprechenden Begleitmedikation. Die Therapie wurde gut vertragen.\nDie nach der Chemotherapie aufgetretene Leukozytose war, nachdem sich klinisch keine Infektzeichen zeigten, in erster Linie kortisonbedingt.\n\nWir konnten die Pat. am 2.7.2020 in gutem AZ  nach Hause entlassen.\n\nRelevante Befunde\n\nDermatologischer Aufnahmestatus: : Hautoberfläche normal, Hautturgor normal, Pigmentierung gering, diffuse Alopezie der Kopfhaut. Am Körperstamm und an den Extremitäten MNZN. Abdominell und dorsal einige subkutane Knoten (bekannte Lipome).  \n\ngez. Dr. med. Gerda Müller-Bartholomä\n"
    },
    {
      "%ID": 2,
      "%TYPE": "webanno.custom.PHI",
      "kind": "CONTACT_PHONE",
      "begin": 229,
      "end": 239,
      "@sofa": 1
    },
    {
      "%ID": 3,
      "%TYPE": "webanno.custom.PHI",
      "kind": "DATE",
      "begin": 13,
      "end": 21,
      "@sofa": 1
    },
    {
      "%ID": 4,
      "%TYPE": "webanno.custom.PHI",
      "kind": "DATE",
      "begin": 67,
      "end": 77,
      "@sofa": 1
    },
    {
      "%ID": 5,
      "%TYPE": "webanno.custom.PHI",
      "kind": "DATE",
      "begin": 108,
      "end": 114,
      "@sofa": 1
    },
    {
      "%ID": 6,
      "%TYPE": "webanno.custom.PHI",
      "kind": "DATE",
      "begin": 180,
      "end": 186,
      "@sofa": 1
    },
    {
      "%ID": 7,
      "%TYPE": "webanno.custom.PHI",
      "kind": "DATE",
      "begin": 321,
      "end": 325,
      "@sofa": 1
    },
    {
      "%ID": 8,
      "%TYPE": "webanno.custom.PHI",
      "kind": "DATE",
      "begin": 350,
      "end": 354,
      "@sofa": 1
    },
    {
      "%ID": 9,
      "%TYPE": "webanno.custom.PHI",
      "kind": "DATE",
      "begin": 423,
      "end": 430,
      "@sofa": 1
    },
    {
      "%ID": 10,
      "%TYPE": "webanno.custom.PHI",
      "kind": "DATE",
      "begin": 432,
      "end": 439,
      "@sofa": 1
    },
    {
      "%ID": 11,
      "%TYPE": "webanno.custom.PHI",
      "kind": "DATE",
      "begin": 956,
      "end": 964,
      "@sofa": 1
    },
    {
      "%ID": 12,
      "%TYPE": "webanno.custom.PHI",
      "kind": "DATE",
      "begin": 1315,
      "end": 1323,
      "@sofa": 1
    },
    {
      "%ID": 13,
      "%TYPE": "webanno.custom.PHI",
      "kind": "LOCATION_CITY",
      "begin": 41,
      "end": 52,
      "@sofa": 1
    },
    {
      "%ID": 14,
      "%TYPE": "webanno.custom.PHI",
      "kind": "LOCATION_ZIP",
      "begin": 35,
      "end": 40,
      "@sofa": 1
    },
    {
      "%ID": 15,
      "%TYPE": "webanno.custom.PHI",
      "kind": "NAME_DOCTOR",
      "begin": 1636,
      "end": 1659,
      "@sofa": 1
    },
    {
      "%ID": 16,
      "%TYPE": "webanno.custom.PHI",
      "kind": "NAME_PATIENT",
      "begin": 0,
      "end": 9,
      "@sofa": 1
    }
  ],
  "%VIEWS": {
    "_InitialView": {
      "%SOFA": 1,
      "%MEMBERS": [
        2,
        3,
        4,
        5,
        6,
        7,
        8,
        9,
        10,
        11,
        12,
        13,
        14,
        15,
        16
      ]
    }
  }
}