{
  "%TYPES": {
    "de.tudarmstadt.ukp.dkpro.core.api.segmentation.type.Sentence": {
      "%NAME": "de.tudarmstadt.ukp.dkpro.core.api.segmentation.type.Sentence",
      "%SUPER_TYPE": "uima.tcas.Annotation"
    },
    "webanno.custom.PHI": {
      "%NAME": "webanno.custom.PHI",
      "%SUPER_TYPE": "uima.tcas.Annotation",
      "kind": {
        "%NAME": "kind",
        "%RANGE": "uima.cas.String"
      }
    }
  },
  "%FEATURE_STRUCTURES": [
    {
      "%ID": 1,
      "%TYPE": "uima.cas.Sofa",
      "sofaNum": 1,
      "sofaID": "_InitialView",
      "mimeType": "text",
      "sofaString": "\nSehr geehrte Frau Kollegin, sehr geehrter Herr Kollege, \n\nwir berichten über unseren Patienten Willibald Vogler, geboren am 23.2.1941, der sich vom 2. bis zum 7.10.2021 in unserer stationären Behandlung befand. \n\nDiagnosen: \nTransitorisch-ischämische Attacke \nV.a. cerebrale Microangiopathie\nArterielle Hypertonie \nDiabetes mellitus \n\nAnamnese: \nDer Pat. berichtete, am Morgen des 2.10.2021 sei es für ca. 30 Minuten zu einem Taubheitsgefühl der rechten Körperseite einschließlich des Gesichtes gekommen. An vaskulären Riskiofaktoren bestehen eine langjährige arterielle Hypertonie und ein insulinpflichtiger Diabetes mellitus. Aus der Vorgeschichte erwähnenswert sind eine Strumektomie 2008 bei Struma nodosa und ein Z.n. lumbalem Bandscheibenvorfall 2012. \nNeurologischer Befund: Kein Meningismus, Hirnnerven, Motorik, Sensibilität, Reflexe, Koordination, Gangbild und Sprache o.B.  \n\nPsychischer Befund: \nWach, voll orientiert, kooperativ. \n\nInternistischer Befund: \n80-jähriger Patient in gutem AZ und adipösem EZ, RR 140/80 mmHg, Herzfrequenz 80/Minute. Cor, Pulmo, Abdomen o.B.\n\nLabor:\nSiehe Anlage.\n \nEKG: \nFrequenz 84/Minute, rhythmisch, Indifferenztyp, keine Erregungsausbreitungs- oder – rückbildungsstörungen. \n\nLangzeit-EKG: \nVereinzelte supraventrikulären Extrasystolen, keine höhergradigen Rhythmusstörungen. Transthorakales und transösophageale Echokardiographie: keine kardiale Emboliequelle. \nCCT: Geringe Zeichen der cerebralen Mikroangiopathie, sonst o.B. \n\nMRT des Schädels: \nIn der T2-Wichtung periventrikuläre Hyperintensitäten als Zeichen der zerebralen Mikroangiopathie, kein Infarkt, MR-Angiographie o.B.\nUltraschall der hirnversorgenden Arterien: Arteriosklerotische Veränderungen i.B.d. Bifurkation, sonst o.B.\n\nBeurteilung, Therapie und Verlauf:  \nZusammenfassend erlitt Herr V. erstmalig eine transitorisch-ischämische Attacke mit vorübergehender Sensibilitätsstörung recht, die sich nach ca. 30 Minuten komplett zurückbildete. Der neurologische Befund war regelrecht, das MRT des Schädels ergab Zeichen der cerebralen Mikroangiopathie bei ausgeprägtem vaskulären Risikoprofil. Höhergr. Stenosen der hirnversorgenden Arterien oder kardiale Emboliequellen ergaben sich diagnostisch nicht. Insofern erfolgte eine medikamentöse Sekundärprophylaxe mit 100 mg ASS und einem Statin. Wir empfehlen eine regelmäßige Kontrolle von Blutdruck und eine optimale Blutzuckereinstellung zur weiteren Sekundärprophylaxe. \n\nMedikation bei Entlassung:\nASS 100 mg 1 – 0 - 0 \nSimvastatin 20 mg 1 – 0 - 0 \nMetoprolol 47,5 mg 1 – 0 - 1 \nZoplicon 7,5 mg z.N. \n\n\nMit freundlichen kollegialen Grüßen \nPD Dr. Hauser Chefarzt\nDr. Rosenzweig Oberarzt \n"
    },
    {
      "%ID": 2,
      "%TYPE": "webanno.custom.PHI",
      "kind": "DATE",
      "begin": 125,
      "end": 134,
      "@sofa": 1
    },
    {
      "%ID": 3,
      "%TYPE": "webanno.custom.PHI",
      "kind": "DATE",
      "begin": 149,
      "end": 150,
      "@sofa": 1
    },
    {
      "%ID": 4,
      "%TYPE": "webanno.custom.PHI",
      "kind": "DATE",
      "begin": 160,
      "end": 169,
      "@sofa": 1
    },
    {
      "%ID": 5,
      "%TYPE": "webanno.custom.PHI",
      "kind": "DATE",
      "begin": 382,
      "end": 391,
      "@sofa": 1
    },
    {
      "%ID": 6,
      "%TYPE": "webanno.custom.PHI",
      "kind": "DATE",
      "begin": 688,
      "end": 692,
      "@sofa": 1
    },
    {
      "%ID": 7,
      "%TYPE": "webanno.custom.PHI",
      "kind": "DATE",
      "begin": 753,
      "end": 757,
      "@sofa": 1
    },
    {
      "%ID": 8,
      "%TYPE": "webanno.custom.PHI",
      "kind": "NAME_DOCTOR",
      "begin": 2613,
      "end": 2628,
      "@sofa": 1
    },
    {
      "%ID": 9,
      "%TYPE": "webanno.custom.PHI",
      "kind": "NAME_DOCTOR",
      "begin": 2633,
      "end": 2652,
      "@sofa": 1
    },
    {
      "%ID": 10,
      "%TYPE": "webanno.custom.PHI",
      "kind": "NAME_PATIENT",
      "begin": 96,
      "end": 112,
      "@sofa": 1
    },
    {
      "%ID": 11,
      "%TYPE": "webanno.custom.PHI",
      "kind": "NAME_PATIENT",
      "begin": 1805,
      "end": 1806,
      "@sofa": 1
    }
  ],
  "%VIEWS": {
    "_InitialView": {
      "%SOFA": 1,
      "%MEMBERS": [
        2,
        3,
        4,
        5,
        6,
        7,
        8,
        9,
        10,
        11
      ]
    }
  }
}