{
  "%TYPES": {
    "de.tudarmstadt.ukp.dkpro.core.api.segmentation.type.Sentence": {
      "%NAME": "de.tudarmstadt.ukp.dkpro.core.api.segmentation.type.Sentence",
      "%SUPER_TYPE": "uima.tcas.Annotation"
    },
    "webanno.custom.PHI": {
      "%NAME": "webanno.custom.PHI",
      "%SUPER_TYPE": "uima.tcas.Annotation",
      "kind": {
        "%NAME": "kind",
        "%RANGE": "uima.cas.String"
      }
    }
  },
  "%FEATURE_STRUCTURES": [
    {
      "%ID": 1,
      "%TYPE": "uima.cas.Sofa",
      "sofaNum": 1,
      "sofaID": "_InitialView",
      "mimeType": "text",
      "sofaString": "Sehr geehrte Kolleginnen und Kollegen, wir berichten Ihnen abschließend über unsere gemeinsame Patientin Frauke Weber (* 2.2.1964), die sich vom 31.3.2020 bis zum 9.4.2020 in unserer intensivmedizinischen Behandlung befand. \n\n1. resp. Insuffizienz bei Pleuraergüssen bds. \n2. Komb Aortenklappenvitium mit Aortenstenose KÖF 0,7) \n3. Komb. Mitralvitium mit mittel- bis hochgradiger Stenose (KÖF 0,8) \n4. normale LV-F \n5. cerebrale Ischämie im Bereich der Stammganglien links + diffuse ältere ischämische Veränderungen \n6. Va Pneumonie Zn Apoplex 2002 (Hemiparese re) keine Residuen \n7. Hypothyreose bei Autoimmunthyreoiditis \n8. DM Typ 2 mit diab. Nephropathie \n9. Gramnegative Sepsis 1.2. (Fokus pulmonal oder Harnwege) \n10. Akutes Nierenversagen \n\nKlappenersatz MKE bio, AKE 23er bio, Klemmzeit 2h40 min, Schwelle Ventrikel 1,4, Vorhof EK, 800 ml HLM-Blut, 2 TK : TEE, unauffällig : HIT-Schnelltest unauffällig, Pleura : HIT negativ : Angio-CCT : Beginn CVVH : CCT und GK-CT Übernahme von der 3 üd. Pt mit Kombiniertem Aortenvitium und führender tenose. Jetzt seit heute Abend zunehmend eingetrübt und Dyspnö. Jetzt bei Op-Indikation und nach entsprechender Vorbereitung: OP Vormedikation: \n\nVerlauf: \nEchokardiographie:\n\n2 1. Normal großer, konzentrisch hypertrophierter linker Ventrikel mit noch guter LV-Funktion \n2. Kombiniertes Mitralklappenvitium (MI II, M II ), kombiniertes Aortenklappenvitium, turbulenter Fluß über die Aortenklappe, mittl. Gradient 20 mmhg (bei schlechter B am ehesten unterschätzt) TI I \n3. Erhöhte Druckwerte im kleinen Kreislauf Punktionswürdige Pleuraergüße bds\n2 Konsil OA Prof. Kindler: Normotone -Werte, Sinusrhythmus; --> Therapieziel deutliche Minusbilanz mittels konservativer Maßnahmen - Beginn mit Toremprefusor unter Beachtung des Kreatininwertes - möglichst keine Pleuradrainagenanlage, sondern Einmalpunktion: echter Pleuraerguss wurde unter sterilen Bedingungen erfolgreich Punktiert und 1,2Liter PE abgelassen. Hierunter atmet die Patientin jetzt deutlich entspannter, die periphere Sättigung ist unter 60% O2 jetzt > 90%. \nTorem-Perfusor läuft auf 2.1, hierunter bisher knapp 700ml ausgeschieden. \nN: Pupillen isocor, lichtreagibel \nP: bds. basal abgeschwächtes AG li>re, keine feuchten G‘s \nC: 5/6 Systolikum A: weich, DG vorhanden \nE: geringe U Ödeme bds \n\nProcedere: - weiterhin - Bilanz, Ziel ml - auf Retentionsparameter achten - bei erneuter Verschlechterung erneute Pleurapunktion - Beginn mit Voll-Heparinisierung, Ziel PTT 50-70sec; PTT Kontrolle \nPat. somnolent, erweckbar, antwortet mit ja und nein auf die gestellten fragen atmet mit OptiFlow hierunter periph. sp02 >90% BGA nach Pleurapunktion unverändert p02 55, pc02 46 bei subjektiv zunehmender Atemnot \nErhöhung der 02-Gabe auf 80% Kein Fieber, gute Ausscheidung, Pat. mit Torem-Perf. negativ bilanziert \nN: Pupillen isochor bds lichtreagibel \nC: HT rhythmisch 3/6 syst II IC re. \nP: bds belüftet, endexpiratorisches Knistern re basal, Dämpfung li basal \nA: weich, kein D, D++ \nE: minimale Ödeme Unterschenkel bds \nProcedere: BGA Kontrolle bei Verschlechterung der resp. Situation - Punktion links - ggf. CPAP :28 Änderung der ABx:  \n Da Infektparameter steigend, Umsetzen auf Meronem 2x1 g/die (Hämofiltration) \nSono Pleura/Abdomen: Magen ragt bis vor die Leber nach re, daher T coeliacus nicht beurteilbar. Pulsation in den Lebervenen, daher V.a Rechtsherzinsuffizienz. Leberparenchym echoarm. Intrahepatische Cholestase, GB gefüllt + Sludge, keine Wandverdickung. Pfortaderfluß: 20 cm/s, A.hepatica I-Wert: 0,87. Reduziertes Flußsignal in VCI. Niere re kein Harnstau, Niere links+Milz nicht einsehbar. Retroperitoneum nicht einsehbar. PE re ca 800 ml, Pleura li nicht darstellbar. \nEmpfehlungen: \nMikrobiologie: HTG über PE 800ml informiert :47 CCT und GK-CT: Befunde folgen nach Vergleich mit VU (Drs. Leber und Krauth melden sich bei OA Dr. Finger). Pat. während Transport und Untersuchung kardiopulmonal stabil :43 GKCT-Befund (Dr. Blau): Keine Thrombosen, keine Ischämien, viel freie FF im Abdomen, im Bereich des Pylorus und proximalen Duodenum ödematöse Wandverdickung -> könnte auf ein Ulcus hinweisen. Pleuraergüsse: re (ca. 800 ml) > li. (deutlich weniger) Tubus liegt tief über Carinawinkel -> kann 2 cm zurückgezogen werden :49 HIT-Test negativ :30 CCT-Befund: Viele alte postischämische Läsionen, keine frische Ischämien, keine Blutungen \nDurchsicht des Abdominal-CT durch Fr. Dr. Leber (ACH): kein Handlungsbedarf. Die Mikrobiologie-Daten entnehmen ie bitte dem Anhang. \n\nLabor: Laborresultate (Zeitraum je 3 Tage) Aufnahme- Unters. Entlass- Unters. Laborresultate (Zeitraum je 3 Tage) Aufnahme- Unters. Entlass- Unters. Blutbild: Hb [g/dl] 14,9 10,4 HbE [g/dl] 28,7 29,1 Ery [Mio/µl] 5,2 3,6 Hämatokrit [%] 44,3 31,0 Leukozyten [/µl] Leukozyten [/µl] Neutrophile [%] 86,7 Eosinophile [%] 0 Basophile [%] 0 Lymphozyten [%] 8 Monozyten [%] 4 Unklassifiziert [%] 1,2 MCHC [g/dl] Thrombo [1000/µl] MCV [fl] Gerinnung: Quick [%] IN 1,3 1,3 PTT [sec] Fibrinogen [mg/dl] AT III [%] ACT [sec] 105 Elektrolyte: Natrium [mmol/l] Kalium [mmol/l] 5,5 Calcium [mmol/l] 2,3 2,0 Chlorid [mmol/l] Herz: CK gesamt [U/l] 43 CK-MB [U/l] Tropponin I [ng/ml] 50,0 LDH [U/l] Leber: GOT [U/l] 66 GPT [U/l] Bili gesamt [mg/dl] 1,8 1,8 Bili direkt [mg/dl] 0,6 1,5 Alk. Phosphatase [U/L] Gamma-GT [U/l] Stoffwechsel: Triglyceride [mg/dl] Pankreas-Amyl. [U/l] 7,0 16,0 Lipase [U/l] Hormone: TH [mu/l] 4,68 14,42 Cortisol [nmol/l] Niere: Kreatinin [mg/dl] 0,9 0,6 Harnstoff [mg/dl]  \n\nKrea-Clear. [ml/min] 18 U-Kreatinin [mg/dl] 7 U-Kreatinin [mg] Med. piegel: Digitoxin [µg/dl] 1,5 onstiges: Osmol.Calc. [mosm/kg] C-reakt.Prot. [mg/dl] 6,1 22,8 \n\nAktuelle Medikation: \nMedikamente (letzte Gabe in 24 Stunden): \nDiflucan - 400mg Bolus in 200ml fertig gelöst \nDigimerck - 0,2mg Bolus \nLaxoberal Trpf. - 20gtt p.o. in 1ml fertig gelöst p.o. \nL-Thyroxin - 150µg p.o. in 10ml Wasser p.o. \nMeronem - 1g Bolus in 100ml NaCl 0,9% \nPantozol - 40mg KI in 100ml NaCl 0,9% \nRefludan - 1mg - 11:30 DD-Suspension - 5ml p.o. in 5ml fertig gelöst p.o. \nInfusionen (letzte 24 Stunden, ohne Spülungen): Intraflow - 9,0ml/h (500ml ) NaCl 0,9% - 9,0ml/h (500ml ), NaCl 0,9% - 11,0ml/h (250ml, 1000mg Vancomycin ).\n Tropf-Infusionen: Actrapid HM - 0,122E/kg/h, 10,0ml/h (50E in 50ml NaCl 0,9% ) Arterenol - 0,122µg/kg/min, 6,0ml/h (5mg in 50ml NaCl 0,9% ) Hydrocortison - 0,098mg/kg/h, 2,0ml/h (200mg in 50ml NaCl 0,9% ) Kaliumchlorid 7,45% - 10mEqhr, 10,0ml/h (60mval in 60ml fertig gelöst ) Suprarenin - 0,081µg/kg/min, 4,0ml/h (5mg in 50ml fertig gelöst ) \n\nWir danken für die prompte Übernahme von Frau Weber und stehen für Rückfragen gerne unter der o.g. Telefon-Nr. zur Verfügung. \n\nMit freundlichen Grüßen\nKaroline Jochum\nStationaärztin Intensiv II\n"
    },
    {
      "%ID": 2,
      "%TYPE": "webanno.custom.PHI",
      "kind": "DATE",
      "begin": 121,
      "end": 129,
      "@sofa": 1
    },
    {
      "%ID": 3,
      "%TYPE": "webanno.custom.PHI",
      "kind": "DATE",
      "begin": 145,
      "end": 154,
      "@sofa": 1
    },
    {
      "%ID": 4,
      "%TYPE": "webanno.custom.PHI",
      "kind": "DATE",
      "begin": 163,
      "end": 171,
      "@sofa": 1
    },
    {
      "%ID": 5,
      "%TYPE": "webanno.custom.PHI",
      "kind": "DATE",
      "begin": 544,
      "end": 548,
      "@sofa": 1
    },
    {
      "%ID": 6,
      "%TYPE": "webanno.custom.PHI",
      "kind": "DATE",
      "begin": 683,
      "end": 687,
      "@sofa": 1
    },
    {
      "%ID": 7,
      "%TYPE": "webanno.custom.PHI",
      "kind": "DATE",
      "begin": 4400,
      "end": 4403,
      "@sofa": 1
    },
    {
      "%ID": 8,
      "%TYPE": "webanno.custom.PHI",
      "kind": "LOCATION_CITY",
      "begin": 4415,
      "end": 4418,
      "@sofa": 1
    },
    {
      "%ID": 9,
      "%TYPE": "webanno.custom.PHI",
      "kind": "LOCATION_ORGANIZATION",
      "begin": 859,
      "end": 861,
      "@sofa": 1
    },
    {
      "%ID": 10,
      "%TYPE": "webanno.custom.PHI",
      "kind": "NAME_DOCTOR",
      "begin": 1611,
      "end": 1618,
      "@sofa": 1
    },
    {
      "%ID": 11,
      "%TYPE": "webanno.custom.PHI",
      "kind": "NAME_DOCTOR",
      "begin": 3858,
      "end": 3864,
      "@sofa": 1
    },
    {
      "%ID": 12,
      "%TYPE": "webanno.custom.PHI",
      "kind": "NAME_DOCTOR",
      "begin": 3950,
      "end": 3954,
      "@sofa": 1
    },
    {
      "%ID": 13,
      "%TYPE": "webanno.custom.PHI",
      "kind": "NAME_DOCTOR",
      "begin": 4408,
      "end": 4413,
      "@sofa": 1
    },
    {
      "%ID": 14,
      "%TYPE": "webanno.custom.PHI",
      "kind": "NAME_DOCTOR",
      "begin": 6694,
      "end": 6709,
      "@sofa": 1
    },
    {
      "%ID": 15,
      "%TYPE": "webanno.custom.PHI",
      "kind": "NAME_PATIENT",
      "begin": 105,
      "end": 117,
      "@sofa": 1
    },
    {
      "%ID": 16,
      "%TYPE": "webanno.custom.PHI",
      "kind": "NAME_PATIENT",
      "begin": 6588,
      "end": 6593,
      "@sofa": 1
    }
  ],
  "%VIEWS": {
    "_InitialView": {
      "%SOFA": 1,
      "%MEMBERS": [
        2,
        3,
        4,
        5,
        6,
        7,
        8,
        9,
        10,
        11,
        12,
        13,
        14,
        15,
        16
      ]
    }
  }
}