{
  "%TYPES": {
    "de.tudarmstadt.ukp.dkpro.core.api.segmentation.type.Sentence": {
      "%NAME": "de.tudarmstadt.ukp.dkpro.core.api.segmentation.type.Sentence",
      "%SUPER_TYPE": "uima.tcas.Annotation"
    },
    "webanno.custom.PHI": {
      "%NAME": "webanno.custom.PHI",
      "%SUPER_TYPE": "uima.tcas.Annotation",
      "kind": {
        "%NAME": "kind",
        "%RANGE": "uima.cas.String"
      }
    }
  },
  "%FEATURE_STRUCTURES": [
    {
      "%ID": 1,
      "%TYPE": "uima.cas.Sofa",
      "sofaNum": 1,
      "sofaID": "_InitialView",
      "mimeType": "text",
      "sofaString": "\n\nUNIVERSITÄTSKLINIKUM BERLIN-MITTE\nDepartment Orthopädie und Traumatologie Friedrichstraße 55, 10117 Berlin\n\nAn den weiterbehandelnden Arzt\n \nDepartment Orthopädie und Traumatologie\nZertifiziert nach DIN EN ISO 9001\n\nHochschulambulanz\n\nGeschäftsführender Direktor: \nUniv-Prof. Dr. med. \nK. O. von Hausen\n \nFriedrichstraße 55, 10117 Berlin\n \nTel 030 110-2612 o. 2522\nFax\t030 110-2619 o. 2452\ntermin.dot@uniklinik-berlin.de\n\nInfo:\t030 110-2401\n\nAblage: Original\nBerlin, 03.09.2030\nDos/Das\n \n\n\nWeil, Klementine, geb. 16.01.1993, PIZ: 1822544\nPettenkoferstraße, 10247 Freiburg\nUnfalltag: 2.09.2030\n\nSehr geehrte Kollegen,\n\nwir berichten über den o.g. Patientin, den Sie uns am 03.09.2030 in unserer orthopädisch-traumatologischen  Ambulanz vorgestellt haben. \n\n\nDiagnose:\nKniedistorsion mit V.a. Teilruptur MCL DD Innenmeniskusläsion\n\nTherapie/-vorschlag:\nRuhigstellung einer Medicom-Jeans-Schiene, Analgetika n. Bedarf, Kühlung, Unterarmgehstöcke, Thromboseprophylaxe\n\nAnamnese:\nDie Patientin sei 02.09.2030 vom e-Bike gestürzt und habe sich das rechte Knie medialseitig angeschlagen und den Unterschenkel nach außen verengt. Bei persistierenden Schmerzen und Schwellung Vorstellung bei uns.\n\nBefund:\nInsgesamt minimale Schwellung im Bereich des rechtsseitigen medialen Kniegelenkes. Druckschmerzen im Bereich des medialen Gelenkspaltes sowie proximal am Ursprung des lnnenbandes.  Kein Erguss, Patella klinisch unauffällig, Beweglichkeit endgradig schmerzhaft, streckungsfrei, kein Varus oder Valgus- Schmerz, keine Instabilität, Meniskuszeichen für den Innenmeniskus diskret positiv, periphere DMS intakt.\n\nRöntgen:\nKniegelenk rechts in 2 Ebenen: Kein Anhalt auf frische knöcherne Verletzungen\n\nProcedere:\nAusführliche Besprechung der Befunde mit der Patientin. Klinische Evaluation in einigen Tagen empfohlen, bei Beschwerdepersistenz MRT zum Ausschluss einer lnnenmeniskusläsion.\n\nWir werden zu gegebener Zeit erneut berichten und verbleiben\n\nMit freundlichen kollegialen Grüßen\n \n\nProf. Dr. med. K. O. von Hausen\nGeschäftsführender Direktor\n"
    },
    {
      "%ID": 2,
      "%TYPE": "webanno.custom.PHI",
      "kind": "CONTACT_EMAIL",
      "begin": 392,
      "end": 422,
      "@sofa": 1
    },
    {
      "%ID": 3,
      "%TYPE": "webanno.custom.PHI",
      "kind": "CONTACT_FAX",
      "begin": 371,
      "end": 391,
      "@sofa": 1
    },
    {
      "%ID": 4,
      "%TYPE": "webanno.custom.PHI",
      "kind": "CONTACT_PHONE",
      "begin": 346,
      "end": 358,
      "@sofa": 1
    },
    {
      "%ID": 5,
      "%TYPE": "webanno.custom.PHI",
      "kind": "CONTACT_PHONE",
      "begin": 430,
      "end": 442,
      "@sofa": 1
    },
    {
      "%ID": 6,
      "%TYPE": "webanno.custom.PHI",
      "kind": "DATE",
      "begin": 469,
      "end": 479,
      "@sofa": 1
    },
    {
      "%ID": 7,
      "%TYPE": "webanno.custom.PHI",
      "kind": "DATE",
      "begin": 515,
      "end": 525,
      "@sofa": 1
    },
    {
      "%ID": 8,
      "%TYPE": "webanno.custom.PHI",
      "kind": "DATE",
      "begin": 585,
      "end": 594,
      "@sofa": 1
    },
    {
      "%ID": 9,
      "%TYPE": "webanno.custom.PHI",
      "kind": "DATE",
      "begin": 674,
      "end": 684,
      "@sofa": 1
    },
    {
      "%ID": 10,
      "%TYPE": "webanno.custom.PHI",
      "kind": "DATE",
      "begin": 995,
      "end": 1005,
      "@sofa": 1
    },
    {
      "%ID": 11,
      "%TYPE": "webanno.custom.PHI",
      "kind": "ID",
      "begin": 532,
      "end": 539,
      "@sofa": 1
    },
    {
      "%ID": 12,
      "%TYPE": "webanno.custom.PHI",
      "kind": "LOCATION_CITY",
      "begin": 102,
      "end": 108,
      "@sofa": 1
    },
    {
      "%ID": 13,
      "%TYPE": "webanno.custom.PHI",
      "kind": "LOCATION_CITY",
      "begin": 298,
      "end": 304,
      "@sofa": 1
    },
    {
      "%ID": 14,
      "%TYPE": "webanno.custom.PHI",
      "kind": "LOCATION_CITY",
      "begin": 333,
      "end": 339,
      "@sofa": 1
    },
    {
      "%ID": 15,
      "%TYPE": "webanno.custom.PHI",
      "kind": "LOCATION_CITY",
      "begin": 461,
      "end": 467,
      "@sofa": 1
    },
    {
      "%ID": 16,
      "%TYPE": "webanno.custom.PHI",
      "kind": "LOCATION_CITY",
      "begin": 565,
      "end": 573,
      "@sofa": 1
    },
    {
      "%ID": 17,
      "%TYPE": "webanno.custom.PHI",
      "kind": "LOCATION_HOSPITAL",
      "begin": 2,
      "end": 75,
      "@sofa": 1
    },
    {
      "%ID": 18,
      "%TYPE": "webanno.custom.PHI",
      "kind": "LOCATION_STREET",
      "begin": 76,
      "end": 94,
      "@sofa": 1
    },
    {
      "%ID": 19,
      "%TYPE": "webanno.custom.PHI",
      "kind": "LOCATION_STREET",
      "begin": 307,
      "end": 325,
      "@sofa": 1
    },
    {
      "%ID": 20,
      "%TYPE": "webanno.custom.PHI",
      "kind": "LOCATION_STREET",
      "begin": 540,
      "end": 557,
      "@sofa": 1
    },
    {
      "%ID": 21,
      "%TYPE": "webanno.custom.PHI",
      "kind": "LOCATION_ZIP",
      "begin": 96,
      "end": 101,
      "@sofa": 1
    },
    {
      "%ID": 22,
      "%TYPE": "webanno.custom.PHI",
      "kind": "LOCATION_ZIP",
      "begin": 327,
      "end": 332,
      "@sofa": 1
    },
    {
      "%ID": 23,
      "%TYPE": "webanno.custom.PHI",
      "kind": "LOCATION_ZIP",
      "begin": 559,
      "end": 564,
      "@sofa": 1
    },
    {
      "%ID": 24,
      "%TYPE": "webanno.custom.PHI",
      "kind": "NAME_DOCTOR",
      "begin": 288,
      "end": 293,
      "@sofa": 1
    },
    {
      "%ID": 25,
      "%TYPE": "webanno.custom.PHI",
      "kind": "NAME_DOCTOR",
      "begin": 1999,
      "end": 2015,
      "@sofa": 1
    },
    {
      "%ID": 26,
      "%TYPE": "webanno.custom.PHI",
      "kind": "NAME_PATIENT",
      "begin": 492,
      "end": 508,
      "@sofa": 1
    }
  ],
  "%VIEWS": {
    "_InitialView": {
      "%SOFA": 1,
      "%MEMBERS": [
        2,
        3,
        4,
        5,
        6,
        7,
        8,
        9,
        10,
        11,
        12,
        13,
        14,
        15,
        16,
        17,
        18,
        19,
        20,
        21,
        22,
        23,
        24,
        25,
        26
      ]
    }
  }
}