{
  "%TYPES": {
    "de.tudarmstadt.ukp.dkpro.core.api.segmentation.type.Sentence": {
      "%NAME": "de.tudarmstadt.ukp.dkpro.core.api.segmentation.type.Sentence",
      "%SUPER_TYPE": "uima.tcas.Annotation"
    },
    "webanno.custom.PHI": {
      "%NAME": "webanno.custom.PHI",
      "%SUPER_TYPE": "uima.tcas.Annotation",
      "kind": {
        "%NAME": "kind",
        "%RANGE": "uima.cas.String"
      }
    }
  },
  "%FEATURE_STRUCTURES": [
    {
      "%ID": 1,
      "%TYPE": "uima.cas.Sofa",
      "sofaNum": 1,
      "sofaID": "_InitialView",
      "mimeType": "text",
      "sofaString": "Definitiver Arztbrief\n\nGerhard Ypsilanti, * 3.2.1961, wohnhaft in 09221 Neukirchen\n\n\n2027-08-02\nDiagnosen\n\nMaligner Pleuraerguß links mit Mediastinalshift- Pleurapunktion am 28.7.2027\nZ. n. TE und NE eines Melanoms, Level III, TD wahrscheinlich < 1mm/occipital li; NE mit Narbengewebe  3/27\nZ.n. Abtragung eines MM in situ Schläfe links 17.3.2027\nZ.n Nachexzision 4/27\nPathologische Lymphknoten / hilär links, mediastinal links, linker Herzzwerchfellwinkel\nGg. retroperitoneale Lymphknotenmetastasierung / ventral der linken Nebenniere\nZ. n. 2xiger Pleurapunktion links 1.7.2027, 3.7.2027\nZ. n. Pulmonalarterienembolie und Thrombophlebitis / linker Oberschenkel (ED: 17.6.2027)\nZ. n. 1 Zyklus einer DTIC Hochdosis Chemotherapie am 20.5.2027 (C43.4)\nMitralinsuffizienz\nZunehmende Depression komb mit Agression\nParkinsonoider Tremor\n\nWeiteres Vorgehen\n\nStationäre Wiederaufnahme zum geplanten 2. Zyklus einer Chemotherapie mit Carboplatin am 12.8.2027.\n\nBezüglich der ausgeprägten Prostatahyperplasie Vorstellung beim niedergelassenen Urologen.\n \nVerlauf\n\nDie stationäre Aufnahme Ihres Patienten erfolgte aufgrund zunehmender Atembeschwerden. Diesbezüglich sei auf die Vorbefunde der Klinik für Dermatologie hingewiesen.\nAm 28.7.2027 erfolgte eine erneute Pleurapunktion an der Thoraxchirurgie (1700ml hämorrhagische Flüssigkeit).\n\nAm 29.07.2027 erfolgte aufgrund der im Vordergrund stehenden Atembeschwerden die Transferierung des Patienten in stabilem Allgemeinzustand an die Pulmonologie.\n\nRelevante Befunde\n\nBildgebende Untersuchungen : CT Schädel - Schnellbefund 17.7.2027: Keine Blutung, keine Raumforderung, keine demarkierten Territorialinfarkte, keine patholog. Kontrastmittelenhancement.\n\nThoraxröntgen 03.07.2027:\nPleuraerguss links bis über Hilushöhe reichend. Der Herzschatten ergussbedingt nicht abgrenzbar. Der rechte Hilus und das obere Mediastinum verbreitert - Lymphadenopathie?\nDer linke Hilus ergussbedingt nicht beurteilbar.\nKeine signifik. Mediastinalshift.\nDie einsehbaren Lungenabschnitte frei von rezenten umschriebenen pneumonischen Infiltraten.\nThoraxröntgen 03.17.2027 -: Z.n Pleurapunktion - Schnellbefund. Im Verleich zur Voruntersuchung keine signifikante Befundänderung.\n\n9.10.2027:\n CT Schädel: Insuspekte Stammganglienverkalkungen bds. Cavum septi  peluciti et vergae als Normvariante. Insuspekte Faxverkalkungen. 7mm  gr.  Osteom in der li Stirnhöhle. Mäßige Schleimhautschwellung in bd. Kieferhöhlen.\n\nCT Angiographie Pulmonalgefäße 17.06.2027 :\n1.) Längerer aber insgesamt zart kalibrierter Thrombus (PAE) aufgespannt zwischen der Aufteilungsstelle der Oberlappen- und Unterlappenarterie, mit Punktum max. betreffend den Unterlappen hier vor allem die posterobasale Segmentarterie. Weitere kleiner Emboli in der Peripherie.\nInsgesamt zeigt sich nur eine mäßiggradige Linksherzbelastung. 2.) Ausgedehnter maligner Pleuraerguss links (ca. 600 ml) zu Folge einer Pleurakarzinose insbesondere in den basalen (medio- und posterobasal) Pleuraanteilen.\nKonsekutiv finden sich ausgedehnte Atelektasebezirke der linken Lunge.\nAuffälig sind auch zwei nodulär konfig. Verkalkungen pleural links.\n3.) Mehrere sekundär neoplastische Veränderungen in der normal belüfteten rechten Lunge sowie auch in den belüfteten linken Lungenabschnitten.\n4.)Path. LK vor allem hilär links, mediastinal und im linken Herzzwerchfellwinkel.\nAusgeprägte degenerative Wirbelsäulenveränderungen.\n\nCT Abdomen 22.06.2027:\nAnamnestisch metastasierendes malignes Melanom, eine auswärtige Vor-CT vom Klinikum DD. Tendenzielle Befundprogredienz.\nDiagnose:\n1.) Abdomen:\nTendenzielle Progredienz der geringgr. Retroperitonealen LK-Metastasierung ventral der linken Nebenniere und oberhalb davon mit zwei Hauptlymphknoten bis 2,2 cm. Geringe Adenopathie retroperitoneal auch in Höhe der Nierenstiele. Unverändert fragl. kleine Zystenbildung von 6 mm hochcranial subcapsulär im rechten Leberlappen. Cholezystolithiasis mit fragl. Geringer Begleitcholezystitis. Die Gallenwege sind nicht ausgeweitet, die Milz ist normal groß. Homogene Parenchymstruktur der Nebennieren und der linken Niere. Bekannte Nierenzyste Bosniak III, cortikal exophytisch an der rechte Niere 5,2 x 5,2 cm partiell wandverdickt und teils randständig zart verkalkt. Kein Harnstau.\n\n2.) Becken:\nAusgeprägte Prostatavergrößerung (Organ-Ausdehnung von 7,2 x 6,7 cm).\nKein Aszites.\nSoweit miterfasst deutlich progredienter Pleuraerguss links (sagittal 18 cm) bei bekannter Pleurakarzinose mit nodulären Weichteilexpansionen bis 1,8 cm paracardial links.\n\n17.06.2027:\nfarbcod. Duplexsono UE li: Die tiefen Venen im gesamten Verlauf (inguinal - Knöchel) frei durchgängig, gut komprimierbar, ohne Hinweis für frisches thromb. Geschehen. Die dargestellten Muskelvenen komprimierbar, kein Hinweis für Muskelvenenthrombose. Dzt. kein Hinweis für größere Baker-Zyste. Am OS kurzstreckig umschriebene Thrombophlebitis.\n\n* Echocardiografie\n\nDer li. Ventrikel mit 5,3cm normal groß, der re. Ventrikel normal groß, die Vorhöfe geringgr. dilatiert, geringe diffuse Hypokinesie, LFEV 45%. Farbdoppelechokardiographie: MINS I, AINS I.\n\nLabor:\npatholog. erhöht: Kalium 5,1, Krea 1,21, NT-proBNP 125.\n\n\nTherapieempfehlung\n\nLovenox 80 mg s.c. 1 x täglich\nAglandin retard 0,4 mg 0-0-1\nPantoloc 40 mg 1-0-0\nEnalapril 2,5 mg dzt pausiert\nL-Thyroxin 150 µg 1 Tablette (MO, MI, FR und SO)\nL-Thyroxin 3/ 4 Tablette (DI, DO und SA)\nCombigan Augentropfen 2 x täglich\nParacodin Tropfen 3 x 20 bei Husten\nFeretab 1-1-1 bis zur BB Kontrolle beim HA, weiteres Procedere durch den\nHA.\nVoltaren 100 0- 0 -1 bei Schmerzen.\n\n\nYorgos Kokiniakis MD PhD\nStationsarzt\n\n\n\n\n"
    },
    {
      "%ID": 2,
      "%TYPE": "webanno.custom.PHI",
      "kind": "DATE",
      "begin": 44,
      "end": 52,
      "@sofa": 1
    },
    {
      "%ID": 3,
      "%TYPE": "webanno.custom.PHI",
      "kind": "DATE",
      "begin": 85,
      "end": 95,
      "@sofa": 1
    },
    {
      "%ID": 4,
      "%TYPE": "webanno.custom.PHI",
      "kind": "DATE",
      "begin": 174,
      "end": 183,
      "@sofa": 1
    },
    {
      "%ID": 5,
      "%TYPE": "webanno.custom.PHI",
      "kind": "DATE",
      "begin": 286,
      "end": 290,
      "@sofa": 1
    },
    {
      "%ID": 6,
      "%TYPE": "webanno.custom.PHI",
      "kind": "DATE",
      "begin": 337,
      "end": 346,
      "@sofa": 1
    },
    {
      "%ID": 7,
      "%TYPE": "webanno.custom.PHI",
      "kind": "DATE",
      "begin": 364,
      "end": 368,
      "@sofa": 1
    },
    {
      "%ID": 8,
      "%TYPE": "webanno.custom.PHI",
      "kind": "DATE",
      "begin": 570,
      "end": 578,
      "@sofa": 1
    },
    {
      "%ID": 9,
      "%TYPE": "webanno.custom.PHI",
      "kind": "DATE",
      "begin": 580,
      "end": 588,
      "@sofa": 1
    },
    {
      "%ID": 10,
      "%TYPE": "webanno.custom.PHI",
      "kind": "DATE",
      "begin": 667,
      "end": 676,
      "@sofa": 1
    },
    {
      "%ID": 11,
      "%TYPE": "webanno.custom.PHI",
      "kind": "DATE",
      "begin": 731,
      "end": 740,
      "@sofa": 1
    },
    {
      "%ID": 12,
      "%TYPE": "webanno.custom.PHI",
      "kind": "DATE",
      "begin": 940,
      "end": 949,
      "@sofa": 1
    },
    {
      "%ID": 13,
      "%TYPE": "webanno.custom.PHI",
      "kind": "DATE",
      "begin": 1222,
      "end": 1231,
      "@sofa": 1
    },
    {
      "%ID": 14,
      "%TYPE": "webanno.custom.PHI",
      "kind": "DATE",
      "begin": 1333,
      "end": 1343,
      "@sofa": 1
    },
    {
      "%ID": 15,
      "%TYPE": "webanno.custom.PHI",
      "kind": "DATE",
      "begin": 1566,
      "end": 1575,
      "@sofa": 1
    },
    {
      "%ID": 16,
      "%TYPE": "webanno.custom.PHI",
      "kind": "DATE",
      "begin": 1711,
      "end": 1721,
      "@sofa": 1
    },
    {
      "%ID": 17,
      "%TYPE": "webanno.custom.PHI",
      "kind": "DATE",
      "begin": 2084,
      "end": 2094,
      "@sofa": 1
    },
    {
      "%ID": 18,
      "%TYPE": "webanno.custom.PHI",
      "kind": "DATE",
      "begin": 2202,
      "end": 2211,
      "@sofa": 1
    },
    {
      "%ID": 19,
      "%TYPE": "webanno.custom.PHI",
      "kind": "DATE",
      "begin": 2467,
      "end": 2477,
      "@sofa": 1
    },
    {
      "%ID": 20,
      "%TYPE": "webanno.custom.PHI",
      "kind": "DATE",
      "begin": 3410,
      "end": 3420,
      "@sofa": 1
    },
    {
      "%ID": 21,
      "%TYPE": "webanno.custom.PHI",
      "kind": "DATE",
      "begin": 4515,
      "end": 4525,
      "@sofa": 1
    },
    {
      "%ID": 22,
      "%TYPE": "webanno.custom.PHI",
      "kind": "LOCATION_CITY",
      "begin": 72,
      "end": 82,
      "@sofa": 1
    },
    {
      "%ID": 23,
      "%TYPE": "webanno.custom.PHI",
      "kind": "LOCATION_CITY",
      "begin": 190,
      "end": 192,
      "@sofa": 1
    },
    {
      "%ID": 24,
      "%TYPE": "webanno.custom.PHI",
      "kind": "LOCATION_ZIP",
      "begin": 66,
      "end": 71,
      "@sofa": 1
    },
    {
      "%ID": 25,
      "%TYPE": "webanno.custom.PHI",
      "kind": "NAME_DOCTOR",
      "begin": 23,
      "end": 40,
      "@sofa": 1
    },
    {
      "%ID": 26,
      "%TYPE": "webanno.custom.PHI",
      "kind": "NAME_DOCTOR",
      "begin": 5553,
      "end": 5570,
      "@sofa": 1
    },
    {
      "%ID": 27,
      "%TYPE": "webanno.custom.PHI",
      "kind": "NAME_PATIENT",
      "begin": 23,
      "end": 40,
      "@sofa": 1
    }
  ],
  "%VIEWS": {
    "_InitialView": {
      "%SOFA": 1,
      "%MEMBERS": [
        2,
        3,
        4,
        5,
        6,
        7,
        8,
        9,
        10,
        11,
        12,
        13,
        14,
        15,
        16,
        17,
        18,
        19,
        20,
        21,
        22,
        23,
        24,
        25,
        26,
        27
      ]
    }
  }
}